x1,x2,xdot1,xdot2
-1.2,-0.8,1.168,2.464
-1.1544827982891037,-0.7061915851338738,1.1005200430220878,2.212081489195011
-1.111477716928409,-0.6219877332198859,1.0425503882498952,1.9852050955768048
-1.0706415306086492,-0.5464388511966779,0.9922347818353658,1.7806416746317746
-1.0316975726910602,-0.47869727826651787,0.9480969504576492,1.596034485431011
-0.9944223601256477,-0.4180037240476745,0.908956435925012,1.4293329462860669
-0.9586349103726787,-0.36367587968979603,0.8738649461477889,1.2787402942107322
-0.9241884958223017,-0.3150992796553132,0.8420581196064563,1.1426731847967995
-0.890964064041434,-0.27171930491170276,0.8129184680758467,1.0197287878713426
-0.8588648673054642,-0.23303446051330395,0.7859464955972477,0.9086582372015874
-0.8278122529245988,-0.19859074439730517,0.7607381897508987,0.8083453644498704
-0.7977421854509081,-0.1679765694994748,0.7369672124770792,0.7177886956677442
-0.7686024016264019,-0.14081853116944443,0.7143706394572273,0.6360868534104125
-0.7403501353439115,-0.11677764406226797,0.6927375669509581,0.5624262818667848
-0.7129501992225457,-0.09554597347597263,0.6718998424062584,0.4960707388948258
-0.6863734228409106,-0.07684377413811265,0.6517244681261503,0.4363526336256338
-0.6605953868402168,-0.06041685977923227,0.632107406147011,0.38266547862720995
-0.6355953528120355,-0.04603426798469891,0.6129684182682794,0.3344574074791513
-0.6113553963084395,-0.03348621112737516,0.59424676588078,0.29122567461201976
-0.5878597064070654,-0.022582186483306822,0.5758976459366437,0.25251179361681436
-0.5650940013595508,-0.013149279674510956,0.557889184938052,0.21789729757255072
-0.5430450612095864,-0.005030647235740888,0.540199908482691,0.18700005757395582
-0.5217003568016253,0.0019158816546636253,0.5228166255420268,0.15947099406283866
-0.5010477530780147,0.007819074789407595,0.505732643983917,0.13499116093990116
-0.48107527834809677,0.012795451939997655,0.4889462698051952,0.11326915018262397
-0.46177095015423986,0.016950343061392925,0.472459552398913,0.09403876012102383
-0.4431226460394161,0.02037885800452985,0.45627723725816294,0.07705689165072448
-0.42511801351656364,0.023166773585630258,0.440405896889145,0.062101648078500986
-0.4077444124488227,0.025391353581086157,0.42485321999214865,0.04897059636776907
-0.39098888119796854,0.027122097486605684,0.4096274278429501,0.037479188159052115
-0.3748381240662249,0.028421423309982312,0.39473680097876257,0.02745932493212734
-0.3592785198644081,0.029345309943753454,0.38018931819091834,0.018758013014069035
-0.3442961368484382,0.029943875126620556,0.36599236355236475,0.011236147656013967
-0.32987676177184627,0.030261904328753413,0.35215250689658484,0.0047673981167408175
-0.31600593879799255,0.030339356876716756,0.3386753621128259,-0.0007628617400731452
-0.3026690047027708,0.03021179941817367,0.3255654639128018,-0.005458482991687802
-0.28985113966233933,0.029910834792764747,0.31282622281275624,-0.009413459687395334
-0.2775374080163598,0.029464472768334492,0.30045988606414054,-0.012712737827605368
-0.26571280819666626,0.02889747912189754,0.28846754305673666,-0.015432980379940071
-0.2543623176839168,0.028231699475778402,0.2768491527510434,-0.01764328575703651
-0.2434709370822019,0.02748633904659661,0.2656035763490913,-0.019405819770981908
-0.23302373477310162,0.026678242833167998,0.2547286465805348,-0.020776449085773113
-0.2230058846748046,0.025822121370275435,0.24422121802879326,-0.021805267980795524
-0.2134027064924371,0.02493078840569714,0.2340772567215214,-0.022537147728415932
-0.20419969759137885,0.024015345244629956,0.224291901846804,-0.02301218059141357
-0.19538256650646924,0.023085377649991117,0.21485955988923927,-0.02326614692318931
-0.18693725929380353,0.022149110132716972,0.20577397427131514,-0.023330896918066703
-0.1788499856164818,0.021213562116998503,0.1970283115098807,-0.02323473382098756
-0.17110723945018141,0.020284683713484512,0.18861523817699843,-0.023002754991611994
-0.16369581865270214,0.01936747101052452,0.18052699044538642,-0.022657149394422035
-0.15660283953529008,0.018466090137452786,0.1727554559522311,-0.022217510664596082
-0.1498157507831633,0.01758395941559095,0.16529222693348433,-0.021701063321548163
-0.14332234370843175,0.016723856662278862,0.15812867850456525,-0.021122936800911016
-0.13711075763007996,0.015887986713920253,0.15125601322755042,-0.02049635751310379
-0.13116949124915725,0.015078056043974431,0.14466532254088016,-0.019832850827211215
-0.1254873986518664,0.014295345838156528,0.13834763588037569,-0.019142439344065593
-0.12005369585789155,0.013540755345733634,0.13229395702445493,-0.018433776757983793
-0.11485796373856633,0.012814864088770903,0.12649531647147907,-0.017714317077039916
-0.10989013563671542,0.012117977107752087,0.12094279582605671,-0.01699044906935075
-0.10514050346444427,0.011450156454736524,0.11562755974766267,-0.016267597628218958
-0.10059971984132048,0.010811265655461859,0.11054089725992669,-0.015550349131632418
-0.09625877532409606,0.01020100481661322,0.10567423115613137,-0.014842558537089556
-0.09210899871155284,0.009618924149520477,0.10101913128339755,-0.014147407712854047
-0.08814206509297408,0.009064461723898153,0.09656735851663174,-0.013467509264483857
-0.08434997191521347,0.008536963515894119,0.09231086132486209,-0.012804976374529858
-0.0807250301597601,0.008035695384459031,0.08824178014240705,-0.012161472472341556
-0.0772598702713809,0.00755986579177881,0.0843524766628862,-0.011538279050947255
-0.07394742443298041,0.007108640913852231,0.08063553279739402,-0.010936348879541653
-0.07078091146443379,0.006681151374557719,0.07708374445185306,-0.010356340292473828
-0.06775384043781986,0.006276507073367949,0.07369014154418316,-0.009798664410291764
-0.06485999754345055,0.005893808088766993,0.07044798772969035,-0.00926352460873214
-0.062093428608177306,0.005532147438373334,0.067350768044939,-0.00875093855095538
-0.059448440441889155,0.005190621056596644,0.0643922020370942,-0.008260771870609585
-0.05691958934730122,0.004868334824419226,0.061566241276511564,-0.007792765857959207
-0.05450166466068371,0.004564404788331088,0.05886705532169541,-0.007346550706190805
-0.05218968906340877,0.004277964519202725,0.05628904107214631,-0.006921670851684276
-0.04997890689559613,0.004008168678050134,0.05382681646230057,-0.006517602675413067
-0.047864769902083396,0.0037541918588320303,0.05147520693732241,-0.006133761998996427
-0.045842937134700265,0.0035152343007618142,0.04922925250341123,-0.00576952367044198
-0.043909262847099714,0.00329052277041121,0.04708419807412664,-0.0054242315225570045
-0.04205978467739054,0.003079308849793302,0.04503548147344185,-0.00509720240732153
-0.040290723296985825,0.0028808734203607522,0.04307873873827986,-0.004787741410444938
-0.038598470270619877,0.0026945256968407146,0.04120979231145825,-0.004495146249342274
-0.036979578429926135,0.0025196014143897823,0.039424640805823453,-0.00421870929626653
-0.03543076133259274,0.002355466313263046,0.037719462874038046,-0.003957729317361803
-0.033948881602779014,0.0022015140892591794,0.0360906045391077,-0.003711512241270654
-0.03253094299068854,0.002057164626653539,0.03453457041318838,-0.0034793719021890216
-0.031174089763838748,0.00192186668570083,0.033048026493880236,-0.0032606390478393346
-0.02987559597378864,0.0017950953879842316,0.03162778772613621,-0.0030546600350950296
-0.028632858608284784,0.0016763504572852393,0.03027081010107292,-0.0028607965593212617
-0.027443397070529056,0.0015651583073035917,0.028974192769108193,-0.00267843258894475
-0.02630484373222072,0.0014610695318472682,0.027735166699494263,-0.0025069721814286053
-0.02521493759851584,0.0013636570404884443,0.02655108701725893,-0.00234583823411866
-0.024171523966407017,0.0012725176892740676,0.025419434702221914,-0.002194477836032982
-0.02317254662098665,0.001187270153446477,0.02433780711604717,-0.002052360156751874
-0.022216041496497096,0.001107552838237666,0.02330390998288368,-0.0019189741766108836
-0.021300136434932934,0.001033025085596801,0.022315558660318598,-0.0017938326839055476
-0.020423045451713397,0.0009633657660369503,0.021370671327489228,-0.0016764710607602498
-0.019583062002961088,0.00089827088856883,0.02046726017592488,-0.001566443986690569
-0.01877855854467191,0.0008374542982612587,0.019603431895278457,-0.0014633280399131152
-0.018007983264102665,0.0007806472438125302,0.018777384201913803,-0.0013667220108809393
-0.017269852869815448,0.0007275957332068715,0.017987396226013367,-0.0012762427755266992
-0.0165627515601873,0.0006780606073315879,0.017231827728013304,-0.0011915263711164837
-0.015885330025363853,0.0006318180252636109,0.016509118740349635,-0.001112229824518386
-0.015236298522778887,0.0005886569266374183,0.015817780287286906,-0.0010380269776696961
-0.014614424854559188,0.000548378458380204,0.015156391924321907,-0.0009686080684626736
-0.014018534298336618,0.0005107967059529491,0.014523602507376065,-0.0009036818295817141
-0.01344750499993387,0.00047573715692808197,0.013918124174624798,-0.0008429730794222161
-0.012900264106552805,0.00044303533840326054,0.013338727226656914,-0.0007862205883952323
-0.012375787524376302,0.0004125371405566988,0.012784240287335047,-0.0007331782110042927
-0.01187309862105455,0.0003840987725084986,0.012253549039478074,-0.0006836152624978247
-0.011391262959817397,0.0003575848589768149,0.011745589144266967,-0.0006373131948618051
-0.01092938730136875,0.00033286819304353423,0.011259345058090621,-0.0005940654820170762
-0.010486619636737813,0.0003098302467192775,0.010793850625897649,-0.0005536789785951859
-0.010062145948651902,0.00028836010268112254,0.010348184834181868,-0.000515972136707062
-0.00965518706616006,0.0002683533884903127,0.009921467652917803,-0.0004807731946110987
-0.009264998383593537,0.0002497123630071006,0.00951285987888894,-0.0004479206089854067
-0.008890869721398059,0.00023234622878476536,0.009121563342142517,-0.000417263918927807
-0.008532121435404915,0.00021616978203607652,0.008746815707976195,-0.0003886613063590554
-0.008188102961281857,0.00020110296803883647,0.008387888607874197,-0.0003619789180149413
-0.007858192689056012,0.00018707106583182117,0.00804408772250235,-0.0003370914162606423
-0.007541797459941529,0.00017400471890379013,0.0077147523321676814,-0.000313882212451512
-0.007238349046967624,0.00016183877503918068,0.007399250665572351,-0.0002922413319229191
-0.006947303455634837,0.0001505120948205849,0.007096979027898253,-0.00027206517445836436
-0.006668140858495078,0.00013996774393141472,0.006807361942720749,-0.00025325702635759054
-0.006400364978008196,0.00013015291272277697,0.006529851469815472,-0.00023572702233452561
-0.0061435001122415,0.00012101799071869747,0.006263923323728546,-0.00021939042525992815
-0.005897090683489868,0.00011251645287056489,0.006009076320579663,-0.000204167498623548
-0.005660701161368453,0.00010460500592656201,0.005764832457152189,-0.00018998388927013313
-0.00543391570696377,9.724357218505429e-05,0.005530736548449385,-0.00017677068042387605
-0.00521633556882011,9.039452109904499e-05,0.005306352867394646,-0.0001644629481381673
-0.0050075786503391345,8.402256343425219e-05,0.005091264614097546,-0.000152999620504905
-0.004807279378772438,7.80948235617877e-05,0.004885073863426308,-0.00014232368610823297
-0.004615088768039949,7.258096199657158e-05,0.004687401755970534,-0.00013238249739101006
-0.00443067219653185,6.745254405359401e-05,0.004497885652496225,-0.0001231265744393158
-0.004253708755921677,6.268288679513759e-05,0.004316178334921289,-0.00011450935068215233
-0.004083891155480242,5.824707544552796e-05,0.004141947931152774,-0.00010648725070917007
-0.003920925890596952,5.41221408988396e-05,0.003974878264372987,-9.90200858939471e-05
-0.0037645319032713277,5.028668241261444e-05,0.0038146671410277406,-9.207034455478029e-05
-0.003614439390146107,4.6720593942474704e-05,0.00366102488908452,-8.560268462192555e-05
-0.0034703897600510975,4.3405060281484816e-05,0.0035136743143511944,-7.958395751096913e-05
-0.0033321356054532274,4.032265038715367e-05,0.003372350767409132,-7.398342415842986e-05
-0.003199440548534796,3.74572949773913e-05,0.003236801969601476,-6.877273806061742e-05
-0.0030720776092218642,3.4793906474918934e-05,0.003106786004031968,-6.392521644758847e-05
-0.002949828971551756,3.231833615839396e-05,0.0029820710408587003,-5.9415777739944264e-05
-0.002832485913219578,3.0017381263814462e-05,0.0028624352754357276,-5.5220976658476515e-05
-0.002719848954283982,2.7878904209873757e-05,0.0027476671973670867,-5.1319261419275713e-05
-0.0026117270941581226,2.5891638198204414e-05,0.0026375646348419314,-4.769060534779305e-05
-0.002507936794671496,2.4044992086639283e-05,0.0025319335441018297,-4.431613599363828e-05
-0.0024083019526038546,2.2329046666968666e-05,0.002430587979201473,-4.1178142356988005e-05
-0.002312653812779808,2.0734571595748864e-05,0.002333350022866711,-3.826012259683874e-05
-0.0022208311749387904,1.925311682485255e-05,0.0022400500854259956,-3.5546978985157096e-05
-0.0021326794446742967,1.787680260217607e-05,0.002150525746884916,-3.302461223611038e-05
-0.0020480500272060335,1.6598222518358753e-05,0.002064621054532328,-3.0679739688354325e-05
-0.0019668003261982406,1.541044339364977e-05,0.001982186522179816,-2.8499904673419432e-05
-0.0018887936619477975,1.4307020909012659e-05,0.0019030790644484787,-2.6473516919576813e-05
-0.0018138994835492583,1.32820711280696e-05,0.0018271622808037602,-2.459000345428704e-05
-0.001741992540723325,1.2330105810044104e-05,0.0017543054633714912,-2.2839488812926784e-05
-0.0016729523934612765,1.1445964398009159e-05,0.0016843830390164574,-2.121266696954563e-05
-0.0016066634117464665,1.0624813997343886e-05,0.0016172745693438853,-1.9700807603500894e-05
-0.0015430147154550542,9.862155789498235e-06,0.0015528646972833451,-1.8295774931729965e-05
-0.0014819003367122433,9.153887071301938e-06,0.0014910433716648786,-1.6990156977835158e-05
-0.0014232187341259618,8.496202989402696e-06,0.0014317052635511537,-1.577707503970513e-05
-0.0013668722062275406,7.88552217817601e-06,0.0013747491056048389,-1.4650040579457616e-05
-0.0013127668826590163,7.318486065416586e-06,0.0013200776827515226,-1.360295799790941e-05
-0.0012608127021263979,6.791959071758188e-06,0.00126759781048754,-1.2630128941610416e-05
-0.001210923428581069,6.3030650011036635e-06,0.0012172203875589075,-1.1726328672275408e-05
-0.0011630166665395907,5.84917509918688e-06,0.001168860399488277,-1.0886785538384444e-05
-0.0011170131334034723,5.427816421881466e-06,0.0011224360994715706,-1.0107001839645425e-05
-0.0010728365753298061,5.036664592385453e-06,0.0010778689171077975,-9.382742194351675e-06
-0.0010304137672312594,4.673543801221214e-06,0.001035083458485381,-8.710036083422598e-06
-0.0009896744621226638,4.336431723784941e-06,0.0009940074605218616,-8.085190122983212e-06
-0.000950551545421975,4.023497022937516e-06,0.000954571982811862,-7.504865101572568e-06
-0.0009129807012028856,3.733043433710578e-06,0.0009167110180793067,-6.965966610959808e-06
-0.0008768999930997847,3.4634719454894285e-06,0.000880361035350454,-6.465571732239815e-06
-0.0008422498593971554,3.2132805568569894e-06,0.0008454609748459347,-6.0009302183212615e-06
-0.0008089731130295808,2.981064275593849e-06,0.0008119522480244969,-5.569466052624836e-06
-0.0007770148869947322,2.7655222298944156e-06,0.0007797786901430722,-5.16879317902197e-06
-0.0007463228207019117,2.56548348876977e-06,0.0007488867724475825,-4.796768325919265e-06
-0.0007168466631287108,2.3798575099174826e-06,0.0007192251558442965,-4.451393536771704e-06
-0.0006885380079395046,2.2076156643911136e-06,0.0006907444075820623,-4.130780575755846e-06
-0.0006613502934555478,2.047791235746659e-06,0.0006633970012454268,-3.833151945101074e-06
-0.0006352388026549703,1.8994794200425184e-06,0.0006371373167765868,-3.5568418382459245e-06
-0.0006101606208236927,1.7618411067511031e-06,0.000611921601925593,-3.3003046235798338e-06
-0.0005860747804646556,1.6341240157025255e-06,0.0005877081383052592,-3.0621578424270345e-06
-0.0005629420244962402,1.5156317285665435e-06,0.0005644569736545719,-2.8411212233667316e-06
-0.0005407245161760931,1.4057064218459024e-06,0.0005421296145179991,-2.635983042255483e-06
-0.0005193858369670965,1.3037288099395824e-06,0.0005206890240664128,-2.445600631293958e-06
-0.0004988909865373723,1.2091181451428187e-06,0.0005000996221079997,-2.268900960416698e-06
-0.00047920636747924433,1.1213325760287182e-06,0.00048032727017550465,-2.104881906477845e-06
-0.00046029980700015296,1.0398822537096038e-06,0.000461339306327782,-1.952638960024581e-06
-0.0004421406269205577,9.643250377628503e-07,0.00044310461086449917,-1.8113570751414782e-06
-0.00042469926855738906,8.942435303674926e-07,0.00042559320826009796,-1.6802653795070766e-06
-0.00040794725101075334,8.292436704549726e-07,0.00040877622405106765,-1.5586347651456069e-06
-0.0003918571711639335,7.689547337091437e-07,0.0003926258848413013,-1.4457782418627271e-06
-0.0003764027036833907,7.130293325662756e-07,0.0003771155183070221,-1.3410512679284513e-06
-0.0003615585746711734,6.611448227549761e-07,0.00036221952825986456,-1.2438548837590019e-06
-0.0003473006495617552,6.130148548593548e-07,0.00034791349409624877,-1.1536590650070993e-06
-0.00033360586785028464,5.68377400646548e-07,0.0003341740935597024,-1.069979076254611e-06
-0.00032045198492287847,5.26984262386963e-07,0.0003209788340867431,-9.923548399893182e-07
-0.00030781756466100523,4.886009486706425e-07,0.00030830604528971257,-9.203509054729857e-07
-0.0002956819794414877,4.530066744072733e-07,0.0002961348789591668,-8.535566490346848e-07
-0.0002840254101364997,4.199943608261753e-07,0.00028444530906606943,-7.915864614904266e-07
-0.0002728288267631841,3.8937142125301935e-07,0.00027321811319903867,-7.340815012782534e-07
-0.000262074048969152,3.609678816221084e-07,0.0002624349411705226,-6.807260789583655e-07
-0.0002517437426470206,3.346296205025849e-07,0.00025207830487479276,-6.312342938280122e-07
-0.00024182118280201008,3.1021044238845835e-07,0.00024213133323203366,-5.853343941058588e-07
-0.00023229024212359614,2.8757193104226254e-07,0.0002325777606145156,-5.427686081330217e-07
-0.00022313539098550828,2.6658344949505064e-07,0.00022340192684764155,-5.032932573639479e-07
-0.00021434169744573045,2.471221400463973e-07,0.0002145887772109137,-4.6667886213444435e-07
-0.0002058948253881244,2.290729414583511e-07,0.0002061238605976361,-4.3271027544373844e-07
-0.00019778101311179706,2.1233190203686278e-07,0.00019799331141765895,-4.0119340658520826e-07
-0.00018998720420947883,1.9680864401287432e-07,0.0001901839829405925,-3.719602053677481e-07
-0.0001825008473996951,1.8241816497412458e-07,0.00018268323893149349,-3.4485239436728505e-07
-0.00017530982601005513,1.6907971002591999e-07,0.0001754788820070134,-3.1971929899443447e-07
-0.0001684024579772507,1.5671677179113166e-07,0.00016855915363585017,-2.964179108705955e-07
-0.00016176749584705672,1.4525709041019682e-07,0.0001619127341391663,-2.7481294719281716e-07
-0.00015539412677433015,1.346326535411166e-07,0.00015552874269097238,-2.547769063006592e-07
-0.00014927196914049518,1.2477974547563246e-07,0.00014939673398507616,-2.3619021848861635e-07
-0.00014339106373114323,1.1564180275482843e-07,0.00014350669226829716,-2.1894700721488758e-07
-0.00013774198166813367,1.0716991416168038e-07,0.00013784913977285827,-2.0295611621504208e-07
-0.00013231564811986478,9.931779712332574e-08,0.00013241495540394915,-1.8813113580422355e-07
-0.00012710329843020025,9.204138746484151e-08,0.00012719533045865394,-1.743896258465811e-07
-0.00012209647811846965,8.52988394092452e-08,0.0001221817686261286,-1.6165314883713003e-07
-0.00011728704287946757,7.905052557749353e-08,0.00011736608598776316,-1.4984730089854103e-07
-0.0001126671585834548,7.325903698848428e-08,0.00011274041101733325,-1.3890174080300695e-07
-0.0001082293012761579,6.78891830590552e-08,0.00010829718458113786,-1.287502171252752e-07
-0.0001039662406119615,6.290882818394616e-08,0.00010402914420782995,-1.1933226885570174e-07
-9.98711177551979e-05,5.829121125591333e-08,9.992940430916708e-05,-1.105978784148231e-07
-9.593739175039024e-05,5.401160170464278e-08,9.599139920670914e-05,-1.0250081352776485e-07
-9.21587389655929e-05,5.0046366449890434e-08,9.220878164227477e-05,-9.499679299914389e-08
-8.852905247746941e-05,4.637297251709571e-08,8.857542216570226e-05,-8.80435091546563e-08
-8.504244207129349e-05,4.296998703738262e-08,8.508540913491276e-05,-8.160064390269566e-08
-8.169323424094845e-05,3.9817077247559097e-08,8.173304871596735e-05,-7.562988378267031e-08
-7.847597218892684e-05,3.6895010490116706e-08,7.85128648831195e-05,-7.009493405363508e-08
-7.538541582633126e-05,3.418565421323147e-08,7.541959941886469e-05,-6.496153187487761e-08
-7.241652769277539e-05,3.167271332629544e-08,7.244819857119935e-05,-6.019893456274378e-08
-6.956454829224148e-05,2.9342984954190306e-08,6.959388964421048e-05,-5.5782434080918456e-08
-6.68249372101553e-05,2.718412151591032e-08,6.685211987840943e-05,-5.168889969193592e-08
-6.419330186256976e-05,2.518428773718561e-08,6.421848485697687e-05,-4.789610747195982e-08
-6.166539742817514e-05,2.3332161136573265e-08,6.168872843828213e-05,-4.4382749529161656e-08
-5.92371268482988e-05,2.1616932025457124e-08,5.92587427559043e-05,-4.112844173256938e-08
-5.690454082690577e-05,2.002830350804829e-08,5.6924568218652685e-05,-3.811373095606399e-08
-5.466383783059837e-05,1.8556491481384767e-08,5.4682393510584526e-05,-3.532010186294756e-08
-5.2511364088616365e-05,1.7192224635331615e-08,5.2528555591021956e-05,-3.272998325559489e-08
-5.04436197386572e-05,1.5926924964162612e-08,5.0459546020891965e-05,-3.0327114664922274e-08
-4.845730614238459e-05,1.475423730675435e-08,4.847205980773087e-05,-2.8099608302362632e-08
-4.654923059855713e-05,1.3667713759767993e-08,4.6562897803339647e-05,-2.60353289979454e-08
-4.471630947482987e-05,1.2661042009986332e-08,4.47289700639158e-05,-2.4122355020143406e-08
-4.295557827138013e-05,1.1728338673690516e-08,4.296730620701577e-05,-2.2349568324603834e-08
-1.0,0.7,1.1400000000000001,-0.7999999999999999
-0.9547622039008412,0.6680784365186568,1.112555808076153,-0.7892143534387588
-0.9106597849851323,0.6366456915512015,1.0834913736725513,-0.7757106367089026
-0.8677538067181997,0.6058044164644485,1.0530069523716699,-0.759810831484541
-0.8260971319004912,0.5756445897237944,1.0213110459723964,-0.7418272966470583
-0.7857341610439975,0.5462437703758103,0.9886160189064098,-0.7220606376527118
-0.7467007490959409,0.5176677479582489,0.9551341809076033,-0.7007982906962342
-0.7090242996894994,0.4899711190573248,0.9210742751006642,-0.6783129635845386
-0.6727239159845183,0.4631977392046674,0.8866382975948341,-0.6548609981268076
-0.6378107888710064,0.4373815324365047,0.8520189931147618,-0.6306815034328561
-0.6042886697045526,0.4125473338512712,0.817397859905308,-0.6059957899025636
-0.5721541371719288,0.3887112645766992,0.7829431951943154,-0.5810063151436258
-0.5413973488838908,0.3658817415469081,0.7488091665279853,-0.555896829466713
-0.5120026506121845,0.3440602895277903,0.7151351159730754,-0.5308325505152389
-0.4839489749697225,0.3232420333215851,0.6820448877368196,-0.5059601004186232
-0.4572106420749305,0.3034166132561376,0.6496470116806364,-0.4814082837763331
-0.4317579647507501,0.2845689026188884,0.61803495518877,-0.4572888411623508
-0.4075577095109869,0.2666795244656325,0.5872873970448654,-0.43369707698215976
-0.38457382826606673,0.24972564188815177,0.5574691132605166,-0.4107130661439726
-0.3627679426254015,0.23368150382741681,0.5286317197543527,-0.38840265953683367
-0.3420997912536061,0.2185189182795842,0.5008144884704626,-0.3668184762537119
-0.3225278385696835,0.20420789715058563,0.4740455503707982,-0.34600127030971217
-0.30400957355640845,0.19071698631014036,0.44834272812406145,-0.3259808801319111
-0.28650197884794854,0.1780137495972901,0.4237146952278252,-0.306777468864306
-0.2699618684497658,0.1660651325189776,0.4001619982013984,-0.288402618787822
-0.2543461450928444,0.15483773409314172,0.37767797456078495,-0.2708602912721293
-0.23961215087948334,0.14429817246883178,0.3562498469697267,-0.2541479552282082
-0.2257178075300799,0.13441324322376336,0.33585948070306304,-0.238257369265815
-0.2126218914612671,0.1251502038254173,0.3164843568433857,-0.22317556641369451
-0.20028413799225023,0.11647689575674025,0.2980982540188689,-0.20888554995470127
-0.1886654052064739,0.10836191774839365,0.2806720068581065,-0.19536705442375352
-0.17772777421711675,0.10077474146632345,0.26417413928494815,-0.18259718589574464
-0.16743461520258782,0.09368578905498852,0.24857140902527808,-0.17055096788915386
-0.15775067771401122,0.0870665360697161,0.23382936972676002,-0.15920190634789427
-0.14864209030707845,0.0808895247126702,0.21991274458995877,-0.1485223668188258
-0.14007643098886072,0.07512844481809725,0.20678589627426786,-0.13848404572504824
-0.13202268806976342,0.06975810935365653,0.19441307493419255,-0.12905822460821342
-0.12445130404910033,0.06475450781984765,0.1827587855159578,-0.12021613939198234
-0.11733411921889977,0.0600947643681935,0.17178795058964583,-0.111929151416662
-0.11064438631828158,0.05575716162292374,0.1614661743967112,-0.104169015111598
-0.10435671068720044,0.051721094528004045,0.15175985057673708,-0.09690799521673686
-0.09844703840521783,0.04796706756238054,0.1426363333735989,-0.09011904350230601
-0.09289259943769153,0.044476650380186035,0.13406400848340008,-0.08377587974219722
-0.08767187478045609,0.04123245402720278,0.1260123875705678,-0.07785309347789358
-0.08276454543285255,0.03821809100442324,0.11845215409384181,-0.07232620002042245
-0.0781514442393415,0.035418136174672314,0.11135519761856078,-0.06717168340732768
-0.07381451175835217,0.03281809225787885,0.10469464285074631,-0.06236703522808335
-0.06973673791619048,0.030404340477145825,0.09844483877464083,-0.05789075338517679
-0.06590212471646525,0.02816411148630279,0.09258137637260905,-0.053722368947318855
-0.062295622233109776,0.02608543016742214,0.0870810459177336,-0.04984241360519808
-0.05890309718011171,0.024157091164034285,0.08192184635340685,-0.04623243741362276
-0.055711267428903165,0.022368601850376535,0.07708292275152212,-0.04287495650963221
-0.05270767457828527,0.020710160851191085,0.07254456789458955,-0.03975346232671192
-0.04988062091776804,0.019172602912750043,0.06828815076019985,-0.03685236001961484
-0.0472191437723554,0.017747378436659418,0.0642961093978284,-0.034156968350162215
-0.04471295804344101,0.016426503243841022,0.06055187924700819,-0.03165345731748533
-0.04235243052343045,0.01520253752132954,0.05703987651343842,-0.02932883801991388
-0.040128530101966785,0.014068542471673263,0.05374543262958778,-0.02717090558645985
-0.03803280060011405,0.013018057430049947,0.05065476748421366,-0.02516821850720707
-0.03605732008984872,0.012045064734585399,0.047754934620723805,-0.023310051269933713
-0.03419467112089332,0.011143964105520154,0.04503378387635643,-0.021586362891200677
-0.0324379098373072,0.010309546322403527,0.04247992005245499,-0.01998776184803909
-0.030780533229490092,0.009536964667686634,0.04008265561088697,-0.01850546459983822
-0.029216457437700943,0.00882171679378947,0.03783198278090385,-0.017131272756453545
-0.02773998325732966,0.008159614473027845,0.03571851967526306,-0.01585752494338553
-0.02634578089785239,0.007546771121741444,0.033733491556826124,-0.014677082140812302
-0.025028856976207436,0.0069795728912709284,0.03186867728215786,-0.013583279573620589
-0.023784541449777576,0.006454667922196723,0.030116392318582267,-0.012569913197207735
-0.02260846000329735,0.0059689423776923475,0.02846944350498326,-0.011631199277152277
-0.02149651909168114,0.005519507767168625,0.02692110669557487,-0.010761755334501844
-0.020444886612961045,0.005103684495139368,0.02546509570745125,-0.009956572957108636
-0.019449972744544682,0.00471898528228382,0.02409553071873064,-0.009210989700709521
-0.01850841903906996,0.004363106228263422,0.02280692190862564,-0.008520675511331361
-0.01761707675928967,0.004033908006353145,0.02159413223205255,-0.007881599176580666
-0.01677299976300728,0.0037294101795379707,0.020452367225699212,-0.007290020246446036
-0.01597342599677728,0.003447775314110999,0.019377143083821505,-0.006742460425377286
-0.015215767981372042,0.003187301006076506,0.018364271201372344,-0.006235690254995244
-0.014497602055764683,0.002946410950084405,0.017409840291091428,-0.005766713620948423
-0.013816654024737087,0.0027236426404967343,0.01651019136279321,-0.005332745323929898
-0.013170794546034327,0.002517643813197068,0.015661910863708422,-0.0049312057290098275
-0.012558024702545316,0.0023271601743736197,0.014861805248953685,-0.004559697958089397
-0.01197647017297069,0.0021510306437060563,0.014106891413200352,-0.004215999784729679
-0.01142437355842216,0.0019881810900455083,0.013394383669688092,-0.003898052393369591
-0.010900083467079848,0.0018376151112643377,0.012721674451869667,-0.003603943130775091
-0.010402051963942918,0.001698412178967531,0.012086330565516999,-0.0033319027468987207
-0.009928824521899799,0.001569719274530717,0.011486075422650148,-0.003080289615229427
-0.009479034377687528,0.001450746263872568,0.010918779302593258,-0.0028475812721051067
-0.00905139946089167,0.001340763585974391,0.010382454417426643,-0.002632370472628404
-0.008644712986765836,0.001239094454476284,0.009875238148504169,-0.002433350271378433
-0.008257841125103629,0.0011451130913334622,0.009395389286854286,-0.0022493110186384527
-0.007889718727443793,0.0010582413777861363,0.00894128072377675,-0.002079134158613366
-0.007539342095449427,0.0009779429398606506,0.008511386598211325,-0.0019217808721819717
-0.007205767945045197,0.0009037224808914623,0.00810428081434944,-0.0017762911067762202
-0.006888108785612353,0.0008351221432114932,0.007718628999086476,-0.0016417766608375283
-0.00658552754267108,0.0007717171869690961,0.007353178997808226,-0.0015174128701290247
-0.006297236999459371,0.0007131157102141097,0.007006760182765276,-0.0014024383041318033
-0.00602249561554901,0.0006589553927967755,0.006678276163574617,-0.0012961485135299668
-0.005760603216912395,0.0006089000972686672,0.0063666972086937786,-0.0011978894648837135
-0.005510900668335281,0.0005626397579031972,0.00607105990478419,-0.0011070575001006396
-0.005272766638170744,0.0005198879193236527,0.005790461559353119,-0.0010230945978349415
-0.005045613701484373,0.00048037871928254607,0.0055240533764085884,-0.0009454825079903281
-0.004828888051020854,0.00044386678262393924,0.005271040127242507,-0.0008737426693623033
-0.004622067581026703,0.0004101258326137144,0.005030676910188365,-0.000807433559993282
-0.004424658028806323,0.0003789457624255766,0.004802262426903741,-0.0007461449656480251
-0.0042361924599783685,0.00035013232152160596,0.0045851381991796345,-0.0006894974471084253
-0.004056230720800333,0.0003235068083542529,0.004378687754551038,-0.0006371418121122872
-0.0038843558155376586,0.0002989033833333534,0.004182330361194744,-0.000588753834605686
-0.0037201729078897077,0.000276168365006369,0.003995519357640466,-0.0005440329181339802
-0.0035633093492641156,0.00025516036529683823,0.003817742342308775,-0.0005027024264825446
-0.003413412499557972,0.00023574872690796476,0.003648517460344991,-0.00046450662288064637
-0.003270147689527679,0.00021781207726456465,0.003487389944663269,-0.00042920783498233536
-0.0031331980800352725,0.00020123829442288032,0.003333931958907981,-0.0003965864307205186
-0.003002264431483778,0.00018592441453334902,0.003187742290611769,-0.00036644067403676645
-0.002877062523721725,0.00017177483593364454,0.0030484419941009828,-0.0003385831786080467
-0.002757322469897235,0.00015870086415891712,0.002915673262489162,-0.0003128400319960341
-0.002642788749682064,0.00014662081818274958,0.002789099577585803,-0.0002890510369402315
-0.002533219532417835,0.0001354595974369356,0.002668404610736306,-0.0002670688741542173
-0.0024283846582442846,0.00012514734498140178,0.0025532888785116284,-0.0002467564587337658
-0.0023280653869537328,0.00011561929737994507,0.0024434693489062426,-0.00022798666169233093
-0.0022320544797943998,0.00010681591949335815,0.002338679664126463,-0.00021064259866625414
-0.002140155493582171,9.86824539739807e-05,0.002238668990919358,-0.00019461674862593543
-0.0020521811931684276,9.116792537755207e-05,0.0021431994440644754,-0.0001798089821653476
-0.0019679534074757464,8.42250602425738e-05,0.002052045866922881,-0.00016612641611675035
-0.0018873030808415699,7.781039055869773e-05,0.001964995989968409,-0.000153483633366023
-0.0018100699223197543,7.18840425030543e-05,0.001881849872708225,-0.0001418022731318966
-0.0017361009675454192,6.640887964493304e-05,0.001802417613174188,-0.0001310093313481588
-0.0016652504207086522,6.135041595739888e-05,0.001726519105621264,-0.00012103699653659556
-0.0015973796099715317,5.6676838612160655e-05,0.0016539840210426072,-0.00011182270425330963
-0.001532357114629086,5.2359107824256744e-05,0.0015846520361722306,-0.00010330934465246086
-0.0014700575183068626,4.8370241099201414e-05,0.0015183708737767918,-9.54438407341245e-05
-0.001410361030770219,4.4685115359990755e-05,0.0014549957284139224,-8.817675977771237e-05
-0.001353153456906395,4.1280460831713987e-05,0.0013943892306994873,-8.146230709666533e-05
-0.0012983263154731615,3.813498641561211e-05,0.0013364216925636507,-7.525858209835415e-05
-0.001245776455805933,3.5229153268556725e-05,0.00128097049895473,-6.952713115040922e-05
-0.0011954051658109438,3.254472307884538e-05,0.0012279187655857185,-6.423205005142227e-05
-0.0011471181218819515,3.0064735649876945e-05,0.0011771552672893537,-5.93399433084239e-05
-0.0011008253498024495,2.7773510379821952e-05,0.0011285744011548483,-5.4819930889183294e-05
-0.0010564414026881688,2.565677861918255e-05,0.0010820764974007972,-5.064391617597685e-05
-0.0010138848001234012,2.3701382039544835e-05,0.0010375669577861527,-4.678598664633691e-05
-0.0009730774707892794,2.1895024515241846e-05,0.0009949554508604588,-4.3221921171989096e-05
-0.0009339447449892093,2.0226269351453182e-05,0.0009541559021662853,-3.992918703089059e-05
-0.0008964153205000771,1.868454107440714e-05,0.0009150864622873838,-3.688694589271793e-05
-0.0008604214249359965,1.7260238334232237e-05,0.0008776697824071389,-3.407628165137114e-05
-0.0008258984185769852,1.594452805942406e-05,0.0008418324117880018,-3.1479791200163343e-05
-0.0007927842900501433,1.4729144450750475e-05,0.0008075040928734327,-2.9081184743170765e-05
-0.0007610196467515346,1.3606385891582284e-05,0.000774617748861529,-2.686528124151947e-05
-0.0007305476992938998,1.2569113319201092e-05,0.0007431094667436469,-2.4818006673836016e-05
-0.0007013143142165879,1.1610814486312304e-05,0.0007129186144385811,-2.292652391222956e-05
-0.0006732680126290327,1.0725578727001393e-05,0.000683987814404775,-2.117918356390512e-05
-0.0006463593796075234,9.907875279835874e-06,0.0006562621316488639,-1.9565082291107776e-05
-0.0006205410012271425,9.152534155784217e-06,0.0006296889917647596,-1.8074025631046043e-05
-0.0005957674645617706,8.454746138216002e-06,0.0006042181810498504,-1.6696528953333788e-05
-0.0005719953289901483,7.81006731136522e-06,0.0005798018224438966,-1.542382742889851e-05
-0.0005491832720283189,7.2144965545344965e-06,0.0005563945989181943,-1.4248031749303554e-05
-0.0005272918417112916,6.664360939567442e-06,0.0005339533914003362,-1.3161899867333712e-05
-0.000506283107828238,6.156212907952573e-06,0.0005124368273069078,-1.2158632264741815e-05
-0.00048612065633076446,5.686829080124452e-06,0.0004918052738228211,-1.1231870184742032e-05
-0.0004667695893329092,5.253210255463583e-06,0.0004720208379573379,-1.0375696201211559e-05
-0.00044819649898137287,4.852586504766903e-06,0.0004530473455563138,-9.58464494851431e-06
-0.00043036960246928247,4.482478382289739e-06,0.0004348505375536206,-8.853825967741737e-06
-0.00041325854863194544,4.140612728666411e-06,0.00041739779244572646,-8.178755880522393e-06
-0.00039683412847801283,3.82485207534766e-06,0.00040065776628788857,-7.555217755380377e-06
-0.0003810682709153567,3.5331939535405056e-06,0.0003846003877584087,-6.979260090821959e-06
-0.00036593404275107096,3.263770894208264e-06,0.0003691968581853769,-6.447197154230042e-06
-0.00035140563770266937,3.0148506897439815e-06,0.00035441964084399,-5.955609826162431e-06
-0.0003374584119226393,2.7848712546117123e-06,0.00034024253135466625,-5.501415601357015e-06
-0.0003240689451638051,2.572433431920071e-06,0.00032664071167909413,-5.081854455108393e-06
-0.0003112147006344453,2.3762225713871796e-06,0.0003135903315935155,-4.6943323888397665e-06
-0.0002988739862727634,2.1950025692135777e-06,0.0003010684640186428,-4.336409742624813e-06
-0.00028702595474689027,2.027615868082254e-06,0.0002890531050322682,-4.00580139694549e-06
-0.000275650603454882,1.8729834571586195e-06,0.00027752317388082446,-3.7003769612062148e-06
-0.0002647287572151973,1.730107423621432e-06,0.00026645849823146825,-3.418166058304842e-06
-0.0002542421495872,1.5981046050211014e-06,0.00025583992914778107,-3.1574257676661707e-06
-0.0002441733819318881,1.4761758878220821e-06,0.00024564926946542314,-2.916579391377731e-06
-0.00023450568409957693,1.3635669987933625e-06,0.00023586899528700082,-2.6941382480617186e-06
-0.00022522290518114466,1.2595676640368525e-06,0.00022648224589839067,-2.488700113862764e-06
-0.00021630951350803398,1.1635116089874034e-06,0.0002174728237741173,-2.2989493345943572e-06
-0.00020775059665225062,1.074776558412791e-06,0.0002088251945822864,-2.1236569305799625e-06
-0.00019953185211173788,9.92784994665294e-07,0.0002005244786326202,-1.9616822133263037e-06
-0.0001916396192785422,9.170253136549122e-07,0.00019255650400149153,-1.8120151811034897e-06
-0.0001840609372149372,8.470440755504636e-07,0.00018490785656430654,-1.6737610939358627e-06
-0.0001767833161457999,7.8241322646374e-07,0.00017756561871817982,-1.5460750484069765e-06
-0.00016979471365918553,7.227283421847022e-07,0.0001705173438290087,-1.4281585374974415e-06
-0.0001630835347063286,6.676086281814913e-07,0.0001637510562337302,-1.3192595127875965e-06
-0.00015663863160164199,6.166969196004199e-07,0.00015725525124239313,-1.218672442654819e-06
-0.00015044930402271733,5.696596812659752e-07,0.00015101889514006125,-1.1257383666833984e-06
-0.00014450528356128235,5.261902663058045e-07,0.00014503141299776926,-1.039851466425333e-06
-0.00013879681500750788,4.860259820840929e-07,0.0001392827870225053,-9.604932306544487e-07
-0.000133314604565503,4.4892787815822413e-07,0.00013376348456474717,-8.871920860421744e-07
-0.00012804967852236498,4.146691499408965e-07,0.00012846430519370482,-8.195002677799844e-07
-0.0001229933809216155,3.8303509542236707e-07,0.00012337637832841275,-7.569937677944164e-07
-0.00011813737356319989,3.538231151704462e-07,0.00011849116323858351,-6.992723669214458e-07
-0.00011347363600348797,3.2684271233050275e-07,0.00011380044904539368,-6.459596650202942e-07
-0.0001089944655552733,3.019154926254595e-07,0.00010929635472220454,-5.967031091379112e-07
-0.00010469246802509434,2.788763534897299e-07,0.0001049713210215811,-5.511763992627486e-07
-0.00010056059849882229,2.575851068157484e-07,0.00010081816288330803,-5.09102753249232e-07
-9.659218502721526e-05,2.3791750691842476e-07,9.68300841493562e-05,-4.7023698371185043e-07
-9.278078585685973e-05,2.1975530890732743e-07,9.300052485451086e-05,-4.34345653280125e-07
-8.91201805190636e-05,2.02986139217522e-07,8.932315218615203e-05,-4.012068344895937e-07
-8.56043698298569e-05,1.875034956095742e-07,8.579186048457161e-05,-3.706101263387683e-07
-8.222757588999102e-05,1.73206747169547e-07,8.24007712432638e-05,-3.4235666979704746e-07
-7.898424208493951e-05,1.6000113430900354e-07,7.914423310919385e-05,-3.1625916231936766e-07
-7.586903308489722e-05,1.4779776876500362e-07,7.601682188304318e-05,-2.921418714212649e-07
-7.287682390220201e-05,1.365157773765808e-07,7.301333172050957e-05,-2.698449358759181e-07
-7.000276256854681e-05,1.2608941394623178e-07,7.012884492120721e-05,-2.4923859583212656e-07
-6.724223915029587e-05,1.1645856621049245e-07,6.735869145175855e-05,-2.3020422118541755e-07
-6.459079546970817e-05,1.0756577623411086e-07,6.469835568773504e-05,-2.126283699525759e-07
-6.204412393962178e-05,9.935625894923485e-08,6.214347526699338e-05,-1.964028339092086e-07
-5.959806756345329e-05,9.17779021554102e-08,5.9689841089780205e-05,-1.8142464651644164e-07
-5.724861993519808e-05,8.478126651958149e-08,5.733339731882925e-05,-1.6759609034847213e-07
-5.49919252394299e-05,7.831958557609088e-08,5.507024137945015e-05,-1.5482470404725835e-07
-5.28242782513015e-05,7.234876572667989e-08,5.2896623959611114e-05,-1.4302328882969724e-07
-5.0742120844074733e-05,6.682767451668876e-08,5.080894580580907e-05,-1.3211049133672473e-07
-4.874205350140297e-05,6.17228706742442e-08,4.8803773965277644e-05,-1.2202026868076824e-07
-4.68208882757626e-05,5.700609693847711e-08,4.68778922374402e-05,-1.1269687652959535e-07
-4.497555109843326e-05,5.26501825096684e-08,4.502819938656615e-05,-1.0408668490137214e-07
-4.320306765161769e-05,4.862908304245898e-08,4.3251695053919696e-05,-9.61382630522118e-08
-4.1500563368441394e-05,4.491788064584897e-08,4.154547975779336e-05,-8.880238323575913e-08
-3.98652634329531e-05,4.1492783883198826e-08,3.9906754893539694e-05,-8.20320242292504e-08
-3.829449278012456e-05,3.8331127772228726e-08,3.8332822733599915e-05,-7.578237463808525e-08
-3.67856760958503e-05,3.541137378501819e-08,3.682108642753026e-05,-7.00108359905391e-08
-3.533633781694808e-05,3.271310984800698e-08,3.536905000202689e-05,-6.467702563382586e-08
-3.3944100680529986e-05,3.0217142074877736e-08,3.39743170020499e-05,-5.97429629671495e-08
-3.260668778328515e-05,2.7908258885233856e-08,3.2634595314173675e-05,-5.517860011754973e-08
-3.132197757221748e-05,2.5774267229274205e-08,3.134775119360594e-05,-5.095989469112771e-08
-3.00879302626649e-05,2.3803292970644434e-08,3.0111732982682088e-05,-4.706341581279428e-08
-2.890257007565307e-05,2.198389211723717e-08,2.892455345945752e-05,-4.346656910028752e-08
-2.7763985237895203e-05,2.0305050821191823e-08,2.778428983771709e-05,-4.014759831660961e-08
-2.6670327981792387e-05,1.8756185378895065e-08,2.668908376698439e-05,-3.70855869209963e-08
-2.561981454543337e-05,1.732714223098049e-08,2.563714133252982e-05,-3.426045952355554e-08
-2.461072517259467e-05,1.600819796232878e-08,2.462673305537831e-05,-3.165298324854497e-08
-2.364140411274038e-05,1.4790059302067435e-08,2.3656193892316236e-05,-2.924476901108173e-08
-2.2710259621022466e-05,1.366386312357117e-08,2.272392323589813e-05,-2.7018272711909793e-08
-2.1815762483749984e-05,1.262127417458319e-08,2.1828383537650388e-05,-2.4956991853517944e-08
-2.0956451910958633e-05,1.1656313140224282e-08,2.0968108028678884e-05,-2.3049122554430772e-08
-2.013097572903715e-05,1.0764202981713983e-08,2.0141739758663735e-05,-2.1285252253146115e-08
-1.933803235738879e-05,9.940169053098344e-09,1.934797237266324e-05,-1.9655962408923438e-08
-1.8576359760958603e-05,9.179579830070069e-09,1.858553920437013e-05,-1.8152110974959e-08
-1.7844735450233334e-05,8.47794690996839e-09,1.7853213276113926e-05,-1.676483306996349e-08
-1.7141976481241597e-05,7.830925011779255e-09,1.714980729886335e-05,-1.5485541608948446e-08
-1.646693945555379e-05,7.234311976135238e-09,1.6474173672228344e-05,-1.4305927895250752e-08
-1.5818520520281994e-05,6.684048765315444e-09,1.5825204484461897e-05,-1.3217962175760538e-08
-1.5195655368080164e-05,6.1762194632456885e-09,1.5201831512462049e-05,-1.22138941612521e-08
-1.4597319237144e-05,5.707051275498379e-09,1.4603026221773378e-05,-1.1286253513650102e-08
-1.402252691121101e-05,5.272914529292569e-09,1.4027799766588635e-05,-1.0427850301999757e-08
-1.3470338888548852e-05,4.8705751068133854e-09,1.3475209411169028e-05,-9.63228019576336e-09
-1.2939895480482559e-05,4.49868839059198e-09,1.2944394122303105e-05,-8.896912244156471e-09
-1.2430347742921562e-05,4.155201824349769e-09,1.243450290342543e-05,-8.217695521693564e-09
-1.1940871853774901e-05,3.83794680187535e-09,1.1944709763914032e-05,-7.590342951373735e-09
-1.147067585311853e-05,3.544909430316716e-09,1.1474220730018841e-05,-7.010873017917042e-09
-0.6,1.1,1.1720000000000002,-1.9840000000000002
-0.5538968870582017,1.0228005712631485,1.1234766163181436,-1.8615200856306373
-0.5097925388617535,0.9504022660093364,1.0725884175679992,-1.7448714724112053
-0.4677669989677064,0.8825747310542282,1.0200702633739611,-1.6338658829145039
-0.4278719983523129,0.8190946472224121,0.966592514737336,-1.5283446262604232
-0.3901338062331582,0.7597446066875108,0.9127567687829791,-1.4281665813154387
-0.3545558548447896,0.7043127147507874,0.859094012270361,-1.3331995169787432
-0.3211217579770182,0.652592295918441,0.8060647856493885,-1.2433130817691316
-0.2897979406056894,0.6043819766652023,0.7540609955294746,-1.1583742455028254
-0.26053648253502504,0.5594858128349328,0.7034091228065477,-1.0782440704308316
-0.23327754509032061,0.5177136128613812,0.6543743894171868,-1.0027761778967423
-0.20795182158476108,0.47888119437575694,0.6071656426060182,-0.9318160126912617
-0.18448264587252078,0.44281078100089144,0.5619407032734748,-0.8652012540249073
-0.16278794338312416,0.40933121297647646,0.5188118073012324,-0.8027624772464086
-0.14278197318961092,0.3782783062572231,0.47785122106104977,-0.7443245973936949
-0.12437677674452678,0.34949494879029636,0.4390964813595987,-0.689708148024578
-0.10748353085260152,0.3228313399070019,0.4025556289331387,-0.6387310541712785
-0.09201357234467353,0.29814498645384857,0.3682118505743038,-0.59121007441032
-0.0778793594094209,0.27530076683314186,0.33602792834985284,-0.5469624168930707
-0.06499517938685795,0.25417086898123076,0.30595014338860976,-0.5058071139563436
-0.053277744690278586,0.2346346768786771,0.27791177644077314,-0.46756624290978466
-0.04264666852548761,0.2165786594265065,0.2518362413133887,-0.4320660758512193
-0.03302477975898136,0.19989614814352255,0.22763970688881707,-0.39913791464016757
-0.024338386688650213,0.18448714086745,0.2052334320572878,-0.3686188674949362
-0.016517428433512747,0.1702580551327643,0.18452570337356944,-0.34035241500029484
-0.009495554019642277,0.1571214517064489,0.1654234415402326,-0.3141888040852138
-0.003210159005469282,0.14499576896898644,0.14783356039564713,-0.28998535486546867
0.002397640863823018,0.13380503136669053,0.13166404363165943,-0.26760661352435394
0.00738307250490672,0.12347855470366852,0.11682480309650442,-0.24692440355156942
0.011797794684290151,0.11395065699774164,0.10322835547777094,-0.22781780121983566
0.015690013357558076,0.10516036921524798,0.09079032993582828,-0.21017303251899974
0.0191046140873192,0.09705115169458764,0.07942983744715242,-0.19388331162152003
0.02208330952576036,0.08957061503900351,0.06906971800629838,-0.1788486265422407
0.024664792129960672,0.0826702530489749,0.059636696604441604,-0.16497549491546132
0.02688488734262478,0.0763051914873109,0.05106146932612113,-0.1521767046741664
0.028776721135244786,0.07043393337094873,0.04327869836296331,-0.1403710069343201
0.03037087343971734,0.06501813085536765,0.03622698335444659,-0.1294828277386405
0.03169553324655924,0.06002236591236135,0.02984878538125202,-0.11944196772805245
0.032776660461902744,0.0554139300533468,0.024090296447618596,-0.11018327442407268
0.033638119711694045,0.05116264289845213,0.018901335272025917,-0.10164637193826132
0.034301836661915795,0.04724065135498047,0.014235167578329516,-0.09377533311093249
0.03478792289661233,0.04362226776105674,0.010048367334402022,-0.08651841577443709
0.03511481053490037,0.04028380236520621,0.006300638300449513,-0.07982777477907126
0.035299375119539574,0.03720341087874459,0.0029546414842731485,-0.0736591942271912
0.035357045298807066,0.034360960622560194,-2.4163043252962957e-05,-0.06797184885376326
0.035301921289397534,0.03173788837859517,-0.0026677061608560847,-0.06272804136915665
0.03514686429441592,0.029317092883654295,-0.00500544830269076,-0.05789300452547054
0.034903606035282524,0.02708280642803446,-0.0070645695225329186,-0.05343465582750919
0.03458282293822278,0.025020506844215716,-0.008870092287592585,-0.04932343070300555
0.03419423425044183,0.023116804331329104,-0.01044506078117105,-0.045532061269073755
0.03374666436710601,0.021359368400766646,-0.01181065001712813,-0.04203543438798963
0.03324812910747955,0.01973682946165244,-0.012986329522536446,-0.0388103960698163
0.03270588821314425,0.018238717913774627,-0.013989959523978433,-0.03583563075326284
0.032126520533779304,0.01685537902836703,-0.0148379377610447,-0.03309149006376966
0.03151596803970802,0.015577922293048514,-0.01554528310576929,-0.030559890841209088
0.030879601072007747,0.014398147888451165,-0.016125765933179666,-0.028224165919482524
0.03022225501982221,0.013308504721180217,-0.01659197987974918,-0.026068978623270532
0.029548286691972216,0.012302027046682514,-0.016955456587635486,-0.02408019334550644
0.028861604927858626,0.011372299586520696,-0.017226727087108002,-0.022244803829634317
0.028165718753727694,0.01051340338201619,-0.01741542132146962,-0.02055082213628393
0.027463763488852422,0.009719886128190726,-0.01753032163765113,-0.018987217273398478
0.02675854081905723,0.008986717008661136,-0.017579446663271634,-0.01754382231326318
0.02605254228283857,0.008309260047734121,-0.017570100356118293,-0.016211279119828788
0.025347980935681833,0.0076832382588559525,-0.017508939015298056,-0.014980964435202491
0.02464681419604635,0.007104707708849526,-0.01740201975854304,-0.013844936147690393
0.023950766751534586,0.006570031404434446,-0.017254849515325847,-0.012795879272077043
0.02326135414233036,0.006075852422352134,-0.017072435676047933,-0.011827050486783322
0.02257989756128958,0.005619076878283229,-0.016859318138765834,-0.010932242692239458
0.021907547627487523,0.005196846658690831,-0.016619620836246275,-0.010105728931551282
0.021245294078086622,0.004806528142525958,-0.016357073052454613,-0.009342238772773287
0.02059398679816977,0.0044456878476308625,-0.016075055401064596,-0.008636908319915811
0.019954344767796138,0.004112081936613481,-0.015776619710641367,-0.007985258348159718
0.019326970955270924,0.003803638742081091,-0.015464521960795797,-0.00738315840037865
0.018712364059815086,0.0035184448904644833,-0.015141248431978789,-0.006826798239704731
0.018110926017758103,0.003254736325970977,-0.01480903266074155,-0.00631266926720953
0.01752297608069333,0.003010881478287493,-0.01446988691910517,-0.005837530142140256
0.01694875484590385,0.00278537631467674,-0.014125611602978275,-0.005398396454857551
0.016388435528794272,0.002576830632037906,-0.013777820718610945,-0.004992512772626944
0.015842130357973043,0.00238396015749779,-0.013427956594408617,-0.0046173364584281736
0.015309895334868661,0.002205580585395049,-0.0130773009831416,-0.004270525433691318
0.014791739807625662,0.0020405956047270155,-0.012726997035508482,-0.003949913869532132
0.014287628479920508,0.0018879942454340837,-0.012378054266205633,-0.003653506694320026
0.013797488175622347,0.0017468422037204582,-0.01203136434418148,-0.0033794619994670532
0.013321213093732003,0.0016162750016116285,-0.011687713497148743,-0.0031260771722500867
0.01285866626715125,0.0014954959424262923,-0.011347786258142928,-0.0028917847059506006
0.012409686164567736,0.0013837673487799886,-0.01101218112096924,-0.0026751345111381388
0.011974088981323947,0.0012804073702664235,-0.010681416241630392,-0.002474787456373249
0.011551670419501642,0.0011847874346695801,-0.010355933965662086,-0.002289510215650687
0.011142210992830675,0.001096324881976382,-0.010036113724332956,-0.00211816044446751
0.010745476899014523,0.0010144815796563039,-0.00972227444865528,-0.001959683995040255
0.010361221843531939,0.0009387611952100838,-0.009414679277920519,-0.0018131094395656374
0.009989191016459491,0.0008687033680946716,-0.009113545533260388,-0.0016775363738913542
0.009629121448190843,0.0008038829929164511,-0.00881904590569925,-0.001552133997914497
0.009280743377559669,0.0007439080189186698,-0.008531312143104925,-0.001436136719253269
0.008943783352251582,0.0006884146087143127,-0.008250443118643777,-0.001328834461037418
0.008617964461534962,0.0006370665689496924,-0.007976505718944598,-0.0012295715510232171
0.008303006971628267,0.0005895541562077363,-0.007709536757605215,-0.001137744357552928
0.007998630866026243,0.0005455898014733639,-0.007449549887411876,-0.0010527927455081592
0.007704556184738142,0.0005049073619823787,-0.007196536753044978,-0.0009741986123624854
0.007420502985297415,0.0004672619295881617,-0.006950467200874513,-0.0009014855404434387
0.00714619325225154,0.000432426327339161,-0.006711294763230358,-0.0008342118078792067
0.00688135152202439,0.00040018982175793493,-0.006478958622795213,-0.0007719678442540695
0.006625704598327171,0.00037035832183790593,-0.006253383168620442,-0.0007143766668212356
0.006378982430926263,0.0003427525372032892,-0.006034480763792593,-0.0006610902242941388
0.006140919116734359,0.00031720577296834003,-0.0058221549957698905,-0.0006117850133777159
0.005911252825130816,0.0002935638267907449,-0.005616300734339693,-0.0005661619076039196
0.00568972564978829,0.0002716850194051952,-0.005416803979804236,-0.0005239462520284751
0.005476084585927009,0.00025143777669414885,-0.005223545293606241,-0.0004848830519529613
0.005270081780856262,0.00023269985862777674,-0.0050364008444001955,-0.0004487354600694056
0.005071474311210548,0.00021535848018200922,-0.004855242083028583,-0.00041528504935045736
0.0048800242406120175,0.00019930997515655305,-0.004679936155447337,-0.00038433116835972955
0.0046954991952374205,0.00018445783182257513,-0.0045103484661341425,-0.00035568703602966513
0.00451767240846464,0.00017071240686392745,-0.004346343023416495,-0.00032917919533373327
0.004346322481675396,0.00015799107888902843,-0.004187782058643904,-0.0003046478463092267
0.004181233426050096,0.00014621796196041882,-0.004034526366945647,-0.0002819462961429665
0.004022194933922435,0.00013532233470600592,-0.003886437164969148,-0.00026093783816012907
0.0038690023835418114,0.00012523845046065384,-0.003743376294790483,-0.00024149539325499635
0.003721456648936541,0.00011590560330180396,-0.0036052059754922918,-0.00022350166284965955
0.0035793640287643965,0.00010726824366262387,-0.003471788623427537,-0.00020684937921500025
0.0034425363312330496,9.927464611568817e-05,-0.0033429882798565427,-0.00019143865839626065
0.003310790840470446,9.187661505710105e-05,-0.0032186708780088773,-0.00017717642852059629
0.0031839502456275414,8.502947681257817e-05,-0.003098704185116097,-0.00016397643012517731
0.003061842434571258,7.869236380575852e-05,-0.0029829573158704774,-0.0001517598001550323
0.00294430053745457,7.28275748101378e-05,-0.002871301421630308,-0.00014045380622736245
0.002831162758584995,6.739987097538286e-05,-0.002763610231605901,-0.00012999045241140656
0.0027222723676983765,6.237646052436176e-05,-0.0026597600626021103,-0.00012030646094236304
0.0026174775500594203,5.772702349905156e-05,-0.002559629647209936,-0.00011134333376306408
0.0025166313604278664,5.3423972923198826e-05,-0.0024630998287481416,-0.00010304788580382424
0.0024195915756148214,4.944169772439872e-05,-0.0023700541749181844,-9.537074141312571e-05
0.0023262205027273545,4.575624191660164e-05,-0.0022803791095242936,-8.826570273681782e-05
0.00223638497916158,4.2345304594849874e-05,-0.002193963914244223,-8.168975852468802e-05
0.002149956235091674,3.91882628898573e-05,-0.0021107005697617027,-7.560313869202886e-05
0.0020668098867587725,3.626641328581784e-05,-0.0020304835088477253,-6.99698047068334e-05
0.001986825751390178,3.356242207228452e-05,-0.0019532099831703316,-6.475635820473675e-05
0.0019098875791467508,3.1060046607984315e-05,-0.001878780075580987,-5.9931490876981206e-05
0.0018358830526202918,2.8744135061103816e-05,-0.0018070967008628513,-5.546599017246859e-05
0.0017647037353040458,2.660062636084976e-05,-0.0017380655551634356,-5.133274515766189e-05
0.001696244953308762,2.4616725010142253e-05,-0.0016715948235021673,-4.750710185530924e-05
0.001630405852576897,2.2780748278690335e-05,-0.001607595390805951,-4.396656261091047e-05
0.0015670889415774836,2.1081733358330833e-05,-0.0015459807786581807,-4.0690006066173e-05
0.0015062000522825885,1.9509418449623553e-05,-0.001486667125763294,-3.7657653740749464e-05
0.0014476483401673031,1.8054242761851027e-05,-0.0014295731884497985,-3.485107409362857e-05
0.0013913461766118873,1.6707368177054055e-05,-0.0013746202118485658,-3.22532298442046e-05
0.0013372092074428505,1.5460841243604827e-05,-0.001321731826695833,-2.9848805408527692e-05
0.0012851561740038339,1.4307314477134665e-05,-0.0012708341498198722,-2.7623653119321226e-05
0.0012351085641977486,1.3239881365767993e-05,-0.0012218556006792895,-2.5564466832323213e-05
0.0011869906098139174,1.225207577451744e-05,-0.001174726899560284,-2.365878352436303e-05
0.0011407292865280804,1.1337871945283898e-05,-0.0011293810678287366,-2.189498590748208e-05
0.0010962542161845504,1.0491706869462003e-05,-0.001085753308052776,-2.0262349755022565e-05
0.0010534977653712063,9.708598906085172e-06,-0.0010437809840753193,-1.875128328718507e-05
0.0010123948446481281,8.9839416721678e-06,-0.0010034036267389736,-1.7352917351453537e-05
0.0009728825865274039,8.313400152767378e-06,-0.0009645627160048418,-1.6058899989233804e-05
0.0009349003438439778,7.692910488187949e-06,-0.0009272016796720614,-1.4861397784624144e-05
0.0008983896897556537,7.1186799739801605e-06,-0.0008912658935027189,-1.3753097527164765e-05
0.0008632943682263292,6.58719397823848e-06,-0.0008567026248981197,-1.2727221656750182e-05
0.0008295603115320028,6.0953029468159835e-06,-0.0008234609634480577,-1.1777703707350523e-05
0.0007971356332884988,5.640131493706973e-06,-0.0007914919050349598,-1.0899007856698992e-05
0.0007659702315960496,5.218970402797985e-06,-0.000760748063132477,-1.0085914568181186e-05
0.0007360157701400388,4.829274277399233e-06,-0.0007311836523250184,-9.333517026461566e-06
0.0007072256781909959,4.468661540244525e-06,-0.0007027544883690006,-8.637222184553422e-06
0.0006795551458954255,4.134914478505337e-06,-0.0006754179834949908,-7.992751839222902e-06
0.0006529610434204593,3.82601261038806e-06,-0.0006491330322203222,-7.396210346241279e-06
0.0006274021077732766,3.5401585589339565e-06,-0.0006238601723319892,-6.844137074964903e-06
0.0006028385820081844,3.275669004033009e-06,-0.0005995613332444254,-6.333289394491434e-06
0.0005792320909288002,3.0309576448269637e-06,-0.000576199728781626,-5.860609400556877e-06
0.0005565456410880562,2.804535199709381e-06,-0.0005537398572068743,-5.423224569050293e-06
0.0005347436207881951,2.595009406325593e-06,-0.0005321475012500887,-5.0184483686669845e-06
0.0005137917800488731,2.401086512949686e-06,-0.0005113897066091127,-4.643783829951898e-06
0.0004936572194756363,2.221608675534726e-06,-0.0004914347334295724,-4.296998880865202e-06
0.00047430848894414624,2.0555356901727813e-06,-0.0004722521732875517,-3.976090254734875e-06
0.00045571524246351556,1.9018864859684847e-06,-0.0004538126626026182,-3.679167142608821e-06
0.0004378481987341164,1.759736181732958e-06,-0.0004360878461545295,-3.40444573638509e-06
0.0004206791411475811,1.6282160859838217e-06,-0.00041905037709636154,-3.1502496080896435e-06
0.00040418091778679944,1.5065136969451715e-06,-0.00040267391696658327,-2.915010065308555e-06
0.0003883274237210513,1.3938739580862816e-06,-0.00038693311673937853,-2.697269003364266e-06
0.0003730936028172033,1.289625352184012e-06,-0.0003718035925442441,-2.495731402490151e-06
0.00035845553590765987,1.1931663251284515e-06,-0.0003572620274248718,-2.3092384275231945e-06
0.00034439014337150984,1.1039286402970018e-06,-0.0003432859105854987,-2.1366945380831343e-06
0.000330875153047638,1.0213757793058388e-06,-0.0003298535069100383,-1.9770645384690987e-06
0.0003178891002347257,9.450029420099189e-07,-0.0003169438569678078,-1.8293737959910117e-06
0.0003054113276912489,8.74337046502966e-07,-0.0003045367770187954,-1.692708445556653e-06
0.0002934219825524281,8.089368083760239e-07,-0.00029261285585617845,-1.5662157408450493e-06
0.00028190197814474926,7.484045840124127e-07,-0.0002811534047793507,-1.449127932855672e-06
0.00027083314206916167,6.923929697281808e-07,-0.0002701405990810627,-1.3407755849505288e-06
0.00026019798300860083,6.405756457324619e-07,-0.00025955727402167557,-1.2405294972478774e-06
0.0002499796118277048,5.926436712713724e-07,-0.0002493868496373655,-1.1477934587450267e-06
0.00024016174157281473,5.48305484628014e-07,-0.00023961333074258662,-1.0620043719868557e-06
0.00023072868747197323,5.072869031224677e-07,-0.0002302213069323377,-9.826323699114116e-07
0.00022166536693492622,4.6933112311179933e-07,-0.00022119595258424994,-9.091809252845614e-07
0.00021295728392985635,4.3419978696631877e-07,-0.00021252301017008417,-8.411890910653687e-07
0.00020459055521999768,4.0168559380817583e-07,-0.00020418880388132658,-7.782568104452155e-07
0.00019655196315548727,3.71603232989817e-07,-0.0001961803014910215,-7.200268614474685e-07
0.00018882874726901413,3.43776850840463e-07,-0.000188484918486212,-6.661599242038149e-07
0.00018140858810901996,3.180397908133773e-07,-0.00018109050216208705,-6.163341361229298e-07
0.0001742796072396997,2.9423459348586783e-07,-0.0001739853316229423,-5.702451580719612e-07
0.00016743036724100197,2.7221299655928875e-07,-0.00016715811778306508,-5.276062363939035e-07
0.00016084987170862793,2.5183593485903676e-07,-0.00016059800336754663,-4.881482609808642e-07
0.0001545275533332857,2.3297423199310814e-07,-0.00015429455030054214,-4.516212051427134e-07
0.0001484532956013052,2.1551686995567867e-07,-0.00014823775313599783,-4.1781071132642426e-07
0.0001426174905182563,1.9936538308830824e-07,-0.0001424181023887755,-3.8652691701558154e-07
0.00013701086223181496,1.844261085979712e-07,-0.00013682641590851286,-3.5758903137423916e-07
0.00013162445149980597,1.7061005624767705e-07,-0.00013145382347839424,-3.3082511475577925e-07
0.00012644961569020148,1.578329083564666e-07,-0.00012629176681551652,-3.060721135280134e-07
0.00012147802878112254,1.46015019799416e-07,-0.0001213319995712297,-2.8317589271290364e-07
0.00011670168136083821,1.3508141800763428e-07,-0.0001165665873314477,-2.619912665558006e-07
0.00011211288040012937,1.2496180728349628e-07,-0.00011198790738498336,-2.4238203579602436e-07
0.00010770422691954283,1.1559351284332554e-07,-0.00010758862344677154,-2.2422690538884925e-07
0.0001034687172733965,1.0692431378967239e-07,-0.00010336178410894955,-2.0742516230682355e-07
9.939963798251877e-05,9.890516583051778e-08,-9.930072495177812e-05,-1.9188215884240207e-07
9.549049787955465e-05,9.148928622806088e-08,-9.539900160424058e-05,-1.7750751134495062e-07
9.173502810896486e-05,8.463215379871783e-08,-9.165038974417974e-05,-1.6421511836814413e-07
8.812718212702705e-05,7.829150891312368e-08,-8.804888509842587e-05,-1.5192317768845725e-07
8.466113570183511e-05,7.242735349613136e-08,-8.458870344291337e-05,-1.40554202253268e-07
8.133128691329884e-05,6.700195102681092e-08,-8.12642806027881e-05,-1.3003503511503785e-07
7.813225587583639e-05,6.197983210706708e-08,-7.807027216963004e-05,-1.2029687456918587e-07
7.505886798140595e-05,5.732987225663281e-08,-7.500153466665707e-05,-1.1127944431567554e-07
7.210624187054051e-05,5.302669851304749e-08,-7.20532121131827e-05,-1.0293381095607925e-07
6.926970142278687e-05,4.904631711582296e-08,-6.922065238773206e-05,-9.52136593105247e-08
6.654472276583211e-05,4.5365766604760285e-08,-6.649935458414545e-05,-8.80746131327317e-08
6.392693427550322e-05,4.196311781994912e-08,-6.38849690116245e-05,-8.147424388437953e-08
6.141211657576682e-05,3.8817473901767334e-08,-6.137329719477447e-05,-7.537207896614533e-08
5.899620253872979e-05,3.590897029088189e-08,-5.8960291873644595e-05,-6.972960943336928e-08
5.6675277284638835e-05,3.321877472824827e-08,-5.664205700376397e-05,-6.451029722332212e-08
5.4445578181880667e-05,3.072908725511069e-08,-5.4414847756175214e-05,-5.967958192008581e-08
5.230348920765569e-05,2.8423370040703263e-08,-5.2275064648301845e-05,-5.520534709142931e-08
5.0245557814586464e-05,2.6288544380374758e-08,-5.021926821350003e-05,-5.106231911269015e-08
4.826853806526742e-05,2.4313246434899736e-08,-4.824422387998063e-05,-4.722858180962457e-08
4.6369294755408635e-05,2.2486504939389068e-08,-4.634680741632254e-05,-4.3682942981109756e-08
4.4544794020469755e-05,2.0797786683595065e-08,-4.4523995492639663e-05,-4.0405030162594486e-08
4.279210333565959e-05,1.9236996511911106e-08,-4.277286568059444e-05,-3.737529455908835e-08
4.110839151593631e-05,1.779447732337183e-08,-4.109059645341107e-05,-3.457501473492716e-08
3.949092871600713e-05,1.646101007165285e-08,-3.947446718588702e-05,-3.198630007279405e-08
3.793708643032879e-05,1.5227813765071133e-08,-3.7921858154404605e-05,-2.9592094014048923e-08
3.644433749310728e-05,1.4086545466584833e-08,-3.643025053694084e-05,-2.7376177091982762e-08
3.5010254505332674e-05,1.3029340882792077e-08,-3.499722479952145e-05,-2.5323251013267254e-08
3.363250903079853e-05,1.2050014476973997e-08,-3.362045869210378e-05,-2.3421341555723945e-08
3.2308929293045764e-05,1.1143605429793559e-08,-3.2297785399585604e-05,-2.1660890712349298e-08
3.103742728183023e-05,1.0305259511654882e-08,-3.102712176643958e-05,-2.0032525887944826e-08
2.981598026130332e-05,9.530291501025964e-09,-2.980644974247831e-05,-1.852718739468647e-08
2.864263077001224e-05,8.814185184438896e-09,-2.863381638285864e-05,-1.713613019042144e-08
2.7515486620899876e-05,8.152593356489747e-09,-2.750733384808533e-05,-1.5850925510588542e-08
2.643272090130465e-05,7.541337819838489e-09,-2.6425179404014348e-05,-1.4663462399129218e-08
2.5392571972960792e-05,6.9764093852091575e-09,-2.53855954218564e-05,-1.3565949143577118e-08
2.439334347199818e-05,6.453967871389753e-09,-2.4386889378179704e-05,-1.255091461933378e-08
2.3433404308942395e-05,5.970342105232275e-09,-2.3427433854912812e-05,-1.1611209547960734e-08
2.2511190953899725e-05,5.522090659949448e-09,-2.2505668763792705e-05,-1.0740129089001134e-08
2.1625248421480846e-05,5.107154809092779e-09,-2.162014117831696e-05,-9.933718796611102e-09
2.0774166124438012e-05,4.723381340793454e-09,-2.0769442664597774e-05,-9.187823094687458e-09
1.9956572925089732e-05,4.368433558773827e-09,-1.9952204421787787e-05,-8.497908235798999e-09
1.9171150410376184e-05,4.040138123529107e-09,-1.916711021028938e-05,-7.859756442223855e-09
0.5,-1.0,-1.9,2.15
0.4286159477070343,-0.9178457949083283,-1.6611844188022022,1.9459185681939362
0.3661154124436507,-0.8433629965791115,-1.4564929620885818,1.7671502902954936
0.3112515047258005,-0.7756253705499886,-1.2800085262255416,1.6093772406164222
0.26298912989400886,-0.7138602811692506,-1.1270394064317344,1.469218531803946
0.2204620941121916,-0.6574161564745796,-0.9938265246344306,1.343994433913359
0.18294017032811127,-0.6057379281118327,-0.8773291382343247,1.2315561197754723
0.14980354296693676,-0.5583482946762094,-0.7750658798447809,1.1301612502436869
0.12052282668474969,-0.5148333182387675,-0.6849954783520177,1.0383820875287844
0.09464336423147067,-0.4748312864488589,-0.6054263549938312,0.9550369927335484
0.07177261854225528,-0.43802389949238985,-0.5349470158351719,0.879138584248227
0.05157000763348238,-0.4041292654756527,-0.4723720325535295,0.8098542103636959
0.03373874939241834,-0.37289635289070744,-0.41669994756274686,0.7464756877077535
0.018019165721785725,-0.3441004816468434,-0.36707997025162176,0.6883957774936723
0.004183169850491332,-0.3175396428457707,-0.3227854705044926,0.6350897850375402
-0.007970279641246974,-0.29303148603688534,-0.2831927720857151,0.5861010872883065
-0.018618947739071967,-0.27041083183503645,-0.24776407197915207,0.5410296627990191
-0.027920488666482925,-0.24952758599435115,-0.21603355161848414,0.49952290420112744
-0.03601510217191189,-0.23024498883517716,-0.18759604922528958,0.46126823022102625
-0.0430277728350136,-0.21243813487078533,-0.16209777018880042,0.4259871032826556
-0.0490701807090744,-0.19599270181535017,-0.1392286032696846,0.3934301332115931
-0.054242323263780146,-0.18080386419862374,-0.11871576361548171,0.36337306617707893
-0.058633893558974526,-0.16677536154448858,-0.10031851694786682,0.33561348317330825
-0.062325490960694056,-0.15381866543851339,-0.08382371540392006,0.3099680109711217
-0.06538964789083625,-0.14185226745903826,-0.06904208371087142,0.28627001854884904
-0.06789170953889766,-0.13080105762529912,-0.05580510215705952,0.26436768578506664
-0.06989064090702288,-0.12059573980945619,-0.04396228806568174,0.24412230063074902
-0.07143967295146801,-0.11117236271577075,-0.033378995977377424,0.2254069015543891
-0.0725869222489548,-0.10247185046987063,-0.023934435226705415,0.20810501770868675
-0.07337590409839645,-0.09443961328920628,-0.015520035584571068,0.1921096405597668
-0.07384598842091136,-0.0870251892990882,-0.008038031981130369,0.17732231660169323
-0.074032826209681,-0.08018190246956342,-0.001400201979329786,0.16365232055308254
-0.07396868480726745,-0.07386659008780866,0.004473146335452992,0.15101599997488743
-0.0736828021470665,-0.06803930272229984,0.009654160609335927,0.13933609864394594
-0.07320164085144401,-0.06266308977786172,0.014208183867630947,0.12854126768972973
-0.07254917914791105,-0.05770374067465522,0.018194525689023962,0.11856551138633185
-0.0717471098029647,-0.05312960962599098,0.021667016925473417,0.10934780791102917
-0.07081507757003673,-0.048911394928627484,0.024674614022152812,0.10083165498400516
-0.0697708389801686,-0.04502199161434543,0.027261825067815965,0.09296476521188883
-0.06863045577404833,-0.041436304403336066,0.029469185336146793,0.08569869248252429
-0.06740842574370258,-0.03813112140784595,0.03133359142861254,0.07898858033243845
-0.0661178406332404,-0.03508495577377998,0.032888678071040484,0.0727928528575615
-0.06477049425213233,-0.032277936709775155,0.03416508387366212,0.06707300357494961
-0.06337701242318276,-0.029691674666626935,0.03519075346392536,0.061793336755466825
-0.06194694231683515,-0.02730916759962392,0.03599115026122298,0.05692078939669102
-0.060488860618792495,-0.025114685153820277,0.03658950241677565,0.05242471166301638
-0.059010446956205866,-0.023093688675705024,0.037006973392997494,0.04827671706139276
-0.05751857507104648,-0.021232730709904637,0.037262865493382605,0.04445049330673144
-0.05601937263961715,-0.019519387480658075,0.03737475623173992,0.04092167702787792
-0.054518299062532714,-0.017942170809547745,0.03735866956020574,0.037667688578698545
-0.05302019367168605,-0.016490471805588734,0.03722918427319315,0.034667628173367326
-0.05152934275807163,-0.015154483063881436,0.036999580135886306,0.03190213002681017
-0.05004951805346748,-0.013925152168664585,0.036681923608693184,0.029353276891759792
-0.04858403471726897,-0.012794112803920855,0.03628719360986199,0.027004470665486988
-0.047135782052886877,-0.011753646381576614,0.035825349522645225,0.02484036193299558
-0.04570727342166224,-0.01079662138411727,0.03530543933805218,0.022846735674420096
-0.0443006711341027,-0.009916461296971704,0.03473565454971596,0.02101045227170256
-0.042917828782178695,-0.009107091928710767,0.034123422143147904,0.019319347873847377
-0.04156031221364696,-0.008362913726126998,0.03347545073189887,0.017762183183031483
-0.04022943433481077,-0.007678757280941943,0.03279780670331411,0.016328558994023197
-0.03892627411682722,-0.00704985789151367,0.03209595598592934,0.015008868672998363
-0.03765170359192775,-0.006471819890214158,0.03137482373707894,0.013794230250452946
-0.03640640669318524,-0.005940591293939891,0.030638835865361487,0.012676438456865544
-0.03519089828279109,-0.005452437530793837,0.0298919616916288,0.011647914654757523
-0.034005543890678454,-0.0050039147378984315,0.029137757826575877,0.010701655684977378
-0.03285057159768414,-0.0045918522967267365,0.028379395279069092,0.009831200626030216
-0.031726091965504556,-0.004213325495683302,0.027619704351546575,0.009030577938208795
-0.03063210561335884,-0.0038656436266956582,0.02686119222973242,0.008294282789976098
-0.029568520637851363,-0.0035463253725405777,0.026106082941283987,0.007617229192707781
-0.028535159737583513,-0.003253087691748897,0.025356333947374153,0.006994728588247438
-0.027531772232221616,-0.0029838278306187783,0.024613664456173044,0.006422454750585714
-0.026558043640692797,-0.0027366089753387344,0.02387957784982971,0.005896415759890035
-0.02561360143992002,-0.0025096505582399287,0.023155375833001875,0.005412935063713701
-0.024698026495005923,-0.002301311048679033,0.02244218571932971,0.004968617605006874
-0.023810856033673618,-0.0021100822893049846,0.02174096803685651,0.004560338697643768
-0.022951592533476926,-0.0019345753346484444,0.021052538466673414,0.004185216029190541
-0.022119708759820507,-0.0017735120297552155,0.02037758038572947,0.0038405929688819992
-0.021314651211649816,-0.001625718469846213,0.01971665403952609,0.0035240255534569973
-0.020535847630813377,-0.0014901126620605802,0.019070215550017453,0.0032332579468707504
-0.019782708379808916,-0.001365701273113679,0.01843862092271119,0.002966215876731695
-0.019054631401790485,-0.0012515706627169334,0.017822139313194645,0.002720988712148727
-0.01835100628005157,-0.001146879582070795,0.01722096381351121,0.002495814823035885
-0.01767121504871174,-0.0010508566757150104,0.016635214304438276,0.0022890764562087107
-0.017014636956220477,-0.0009627915826988983,0.016064950612916882,0.0020992818878489868
-0.01638065020951158,-0.0008820311551414304,0.015510177649431158,0.0019250577310546838
-0.015768632876047035,-0.0008079768109473973,0.014970848616862988,0.0017651434915625253
-0.01517796662521233,-0.0007400769445815863,0.014446875971162702,0.0016183762916888082
-0.014608037383532222,-0.0006778249424517467,0.013938133794759536,0.0014836867386226983
-0.014058236131029783,-0.0006207566901137564,0.013444460836219654,0.0013600937820969876
-0.013527961608110534,-0.0005684444084419179,0.012965669114975613,0.0012466922640461432
-0.013016620595398648,-0.0005204953497671152,0.012501545318023203,0.001142650146568964
-0.012523628305663842,-0.000476550061011048,0.012051852753319308,0.0010472048815851507
-0.012048410330453244,-0.0004362772161624289,0.011616338271825337,0.0009596529472194412
-0.011590402860634936,-0.0003993724506442825,0.01119473352006618,0.0008793473643716538
-0.011149052623848181,-0.0003655575943366455,0.010786755526196581,0.0008056960133188926
-0.010723818183389813,-0.00033457644064222014,0.010392112092281908,0.0007381530471426815
-0.010314170247493681,-0.0003061932817627125,0.01001050346944036,0.0006762158282619953
-0.009919591376141014,-0.0002801927485335049,0.009641622145665118,0.0006194244729087765
-0.009539576559244513,-0.0002563771660764639,0.009285155976851112,0.0005673564447107402
-0.009173633615041489,-0.0002345642854443589,0.008940790775048203,0.0005196219031105292
-0.008821282982351391,-0.00021458709697839962,0.008608210232178438,0.0004758632140296326
-0.00848205765366581,-0.00019629325864050514,0.008287096371614757,0.00043575369850507674
-0.008155503449960232,-0.0001795422636409295,0.007977132592359732,0.00039899186919524693
-0.007841178991325576,-0.00016420483389168624,0.007678004205028919,0.00036530012056777586
-0.007538655411758251,-0.00015016293095495732,0.007389398102076965,0.00033442465716025384
-0.007247516357504498,-0.00013730869556799247,0.007111003779550231,0.0003061332871473621
-0.006967357837207226,-0.0001255425135669109,0.006842515083332958,0.0002802114722728376
-0.0066977881364409485,-0.00011477283026465873,0.006583630285457036,0.00025646188008170693
-0.00643842755385749,-0.0001049162241163444,0.006334051726147704,0.0002347044578524516
-0.006188908301682424,-9.589647418400576e-05,0.006093486623086561,0.00021477449994799168
-0.0059488741036946,-8.764313229952218e-05,0.00586164807376316,0.0001965197264600093
-0.005717980126199362,-8.009142575514905e-05,0.005638255069388811,0.00017980002954446462
-0.005495892725933884,-7.318230780039432e-05,0.0054230321798239755,0.00016448751771377243
-0.005282289382285284,-6.686207492916315e-05,0.005215709855218902,0.0001504656985292486
-0.005076858053032748,-6.108106338135277e-05,0.005016025069562208,0.00013762681937709163
-0.004879297081277026,-5.579352031773863e-05,0.00482372134748796,0.00012587156463989235
-0.00468931499387803,-5.0957568330951616e-05,0.004638548590418459,0.00011510894172898881
-0.004506630510627489,-4.6535346854362256e-05,0.004460262937864292,0.00010525652484431567
-0.004330971929939398,-4.249202681134446e-05,0.004288627128548347,9.623844433744272e-05
-0.004162076713099272,-3.8795395321773726e-05,0.0041234104933066534,8.79845201829814e-05
-0.003999691462192839,-3.5415848171243e-05,0.003964388935994042,8.043021541812899e-05
-0.003843571693891488,-3.2326427943414566e-05,0.0038113446651027996,7.351668190647946e-05
-0.003693481932694077,-2.9502789401247233e-05,0.0036640663177085237,6.7190664074777e-05
-0.003549194799202187,-2.6922412938207253e-05,0.0035223488285743656,6.140289611002481e-05
-0.0034104908170727506,-2.4564485816969414e-05,0.003385993352818425,5.610784020194136e-05
-0.00327715838527976,-2.2409896365187362e-05,0.0032548072415384014,5.126365297970039e-05
-0.0031489935923781245,-2.0441286184057595e-05,0.0031286038017774376,4.683226875501828e-05
-0.003025800326001808,-1.8643006420018923e-05,0.0030072024475937117,4.2779293407737435e-05
-0.00290738932835653,-1.70005679093067e-05,0.0028904283022629955,3.907288344259826e-05
-0.002793578025624585,-1.550057056500543e-05,0.002778112096702232,3.568358804116239e-05
-0.0026841905219220927,-1.4130702348779005e-05,0.0026700901631711636,3.2584331952343846e-05
-0.002579057417389539,-1.2879758918100648e-05,0.002566204232581656,2.9750440133516497e-05
-0.002478016019687521,-1.1737693987382958e-05,0.002466301594655126,2.7159726011062706e-05
-0.002380909492649073,-1.069523278367302e-05,0.0023702346313704084,2.4791703574657922e-05
-0.002287586561622547,-9.743782462272243e-06,0.002277860610956931,2.2627396290694127e-05
-0.0021979015134716297,-8.87543210673654e-06,0.002189041687225421,2.0649326851225608e-05
-0.0021117141012338206,-8.082952946651598e-06,0.0021036448033957427,1.8841507760513053e-05
-0.002028889630120249,-7.359868584605892e-06,0.002021541707424483,1.7189573047937472e-05
-0.0019492986033284978,-6.700274575545042e-06,0.0019426087774216502,1.5680408178053144e-05
-0.001872816101266655,-6.098688307444596e-06,0.0018667265503365374,1.4301840704387373e-05
-0.001799321769713123,-5.55004707621626e-06,0.0017937797116933287,1.3042629451010659e-05
-0.0017286998078914655,-5.049707277779993e-06,0.0017236570841560864,1.1892456371042379e-05
-0.0016608388616743731,-4.5934651563626245e-06,0.0016562514997223636,1.0841961747393945e-05
-0.0015956322083536033,-4.177564065772124e-06,0.0015914599769724519,9.882753418145486e-06
-0.0015329770067799727,-3.7985283325711365e-06,0.0015291831368926762,9.007067767131923e-06
-0.0014727741194589025,-3.4531365766466204e-06,0.0014693250514344009,8.207711317462009e-06
-0.0014149281125504208,-3.138421711209874e-06,0.0014117932433520973,7.478056360631045e-06
-0.0013593472146219037,-2.851670380721646e-06,0.001356498645369333,6.812035671383489e-06
-0.0013059433325780282,-2.5904519471771234e-06,0.00130335558701761,6.204196687097251e-06
-0.0012546320120310032,-2.352577357932247e-06,0.0012522817959681623,5.649615607232272e-06
-0.001205331815027978,-2.1360130462005864e-06,0.001203197861665363,5.143720962992357e-06
-0.0011579642751508785,-1.9388766745671682e-06,0.00115602719459625,4.682282106649756e-06
-0.0011124538975163987,-1.7594371349884456e-06,0.0011106960262155688,4.261406474436547e-06
-0.0010687281087391406,-1.5961148845579112e-06,0.001067133358504856,3.8775376313613065e-06
-0.0010267173343963332,-1.4475041542096086e-06,0.001025271019184209,3.5274973992691643e-06
-0.0009863548598985556,-1.3123339053621472e-06,0.0009850435615347338,3.208405356511594e-06
-0.000947576346047586,-1.1894222835057384e-06,0.0009463878254188173,2.9175851259648137e-06
-0.0009103198117381472,-1.0776755388139786e-06,0.0009092429210228482,2.6525603734137425e-06
-0.0008745256339579136,-9.760880261438703e-07,0.0008735502288229696,2.4110531029574352e-06
-0.000840136510258879,-8.837423409136335e-07,0.0008392533618893304,2.1909822953492475e-06
-0.000807097515716083,-7.998235832022571e-07,0.0008062982085613824,1.990491006329558e-06
-0.0007753560475482615,-7.235990837290485e-07,0.000774632897302073,1.807904367739894e-06
-0.0007448613761314042,-6.543873476050219e-07,0.0007442073787260874,1.6416657770014653e-06
-0.00071556462203635,-5.915570092763775e-07,0.0007149734036648878,1.4903336555387697e-06
-0.0006874187560287814,-5.345268325244915e-07,0.0006868845231512732,1.3525803927330774e-06
-0.0006603785868572566,-4.82765602611973e-07,0.0006598960763010977,1.2271911320116983e-06
-0.000634400736330294,-4.3579831938863636e-07,0.0006339651591875251,1.1130752153311242e-06
-0.0006094437743112238,-3.932054430466482e-07,0.0006090507605774646,1.0092639145213225e-06
-0.0005854677809939103,-3.5459796647094163e-07,0.000585113349111987,9.148594464910432e-07
-0.0005624342709569998,-3.1961463790494875e-07,0.0005621148001288755,8.290286612980566e-07
-0.0005403061931639184,-2.879219609505947e-07,0.0005400183956557827,7.510023913239606e-07
-0.0005190479309628728,-2.592141945683007e-07,0.0005187888244039775,6.800748419187048e-07
-0.0004986252623092385,-2.3321397766009053e-07,0.000498392141360683,6.156042466479552e-07
-0.00047900546887777353,-2.0967887103165816e-07,0.00047879587035660267,5.570254855922058e-07
-0.00046015720714489433,-1.8838982500460819e-07,0.0004599688866710383,5.038264431816499e-07
-0.00044205023546364124,-1.6914275353223207e-07,0.0004418811525257842,4.555305534685405e-07
-0.00042465540996200127,-1.5174846180492963e-07,0.0004245037130528405,4.116962539358565e-07
-0.00040794468454290574,-1.3603264625020607e-07,0.0004078086962916915,3.7191661188849865e-07
-0.0003918911108842315,-1.2183589453267328e-07,0.00039176931318682205,3.358189747393928e-07
-0.00037646879515092734,-1.0901465132483432e-07,0.00037635981333209405,3.030665548831032e-07
-0.000361653044432465,-9.744485698605315e-08,0.0003615556277684623,2.733654687004686e-07
-0.00034742016202299493,-8.701333478860597e-08,0.0003473331728723558,2.464471309652624e-07
-0.0003337472796766393,-7.761461129297929e-08,0.00033366968578827863,2.2206157060089269e-07
-0.0003206123575981594,-6.915091627102592e-08,0.00032054322441839897,1.9997720284884185e-07
-0.0003079941844429538,-6.153218270596355e-08,0.00030793266742149136,1.7998061600233526e-07
-0.0002958723773170594,-5.467604679237542e-08,0.0002958177142119726,1.6187637178029986e-07
-0.00028422735177132535,-4.8508246770748186e-08,0.000284178854554451,1.4548760603846081e-07
-0.0002730404214855833,-4.296511671361542e-08,0.0002729974657538406,1.3066087648624584e-07
-0.00026229370908190434,-3.7989345018631275e-08,0.00026225572770837867,1.1725748393162815e-07
-0.00025196995501814817,-3.3527452037982795e-08,0.0002519364343244387,1.0514821901507415e-07
-0.0002420525153894674,-2.9529777010586223e-08,0.00024202299133066227,9.421320614499346e-08
-0.00023252536192830555,-2.5950478062086202e-08,0.00023249941627755892,8.43417824881061e-08
-0.00022337308200439908,-2.274753220485649e-08,0.0002233503385371433,7.543238466819938e-08
-0.00021458087278557035,-1.988274693693701e-08,0.00021456099345179916,6.739246445312429e-08
-0.00020613453228920858,-1.7322834143342306e-08,0.0002061172123117327,6.014053552793908e-08
-0.00019802057392399213,-1.5039323572353212e-08,0.00019800553698289615,5.3605935763018766e-08
-0.00019022600559642945,-1.3005812929720054e-08,0.00019021300176273482,4.7723185782543795e-08
-0.00018273828495824675,-1.1197700623704517e-08,0.00018272708889462193,4.243136972109787e-08
-0.0001755453194063865,-9.592185765079325e-09,0.00017553572856771207,3.7674067029452807e-08
-0.000168635466083009,-8.168268167128531e-09,0.00016862729891680965,3.3399288586877265e-08
-0.0001619975318754909,-6.90674834564725e-09,0.0001619906260222462,2.9559416891544913e-08
-0.00015562076632607305,-5.790250701121619e-09,0.00015561497679623853,2.6111195149391777e-08
-0.00014949486664619845,-4.803951383890852e-09,0.00014949006326934742,2.30171318599205e-08
-0.00014361006549396346,-3.935235914081732e-09,0.000143606130710161,2.0244782374871746e-08
-0.0001379569458568562,-3.1723703399008927e-09,0.00013795377383663674,1.7764012025892715e-08
-0.0001325264130716898,-2.5044204606976114e-09,0.0001325239089167506,1.5546791018384115e-08
-0.00012730969482460154,-1.9212518269636944e-09,0.00012730777376844976,1.3567158691727293e-08
-0.00012229834115105412,-1.4135297403336535e-09,0.00012229692775961166,1.1801190029647077e-08
-0.0001174842244358348,-9.727192535845869e-10,0.00011748325180800454,1.0226964301942934e-08
-0.00011285953937973974,-5.910851997077219e-10,0.00011285894834790771,8.824535776819658e-09
-0.0001084167825067163,-2.6190618851629876e-10,0.0001084165206232438,7.576331614497772e-09
-0.00010414885025128201,2.0252974653748735e-11,0.0001041488705025692,6.4676838558908814e-09
-0.00010004894136297438,2.6034396523903124e-10,0.0001000492016861019,5.485186470233068e-09
-9.611048072513299e-05,4.6298823717343895e-10,9.611094367777174e-05,4.616358228782817e-09
-9.232711935490062e-05,6.324770228880784e-10,9.23277517852077e-05,3.8496241352482825e-09
-8.869273440322252e-05,7.72771333311316e-10,8.869350711972447e-05,3.17429801492971e-09
-8.52014291548467e-05,8.875019578687614e-10,8.520231659631142e-05,2.580566202279493e-09
-8.184753302832337e-05,9.799694644832887e-10,8.184851293362138e-05,2.0594722687269137e-09
-7.862560104075413e-05,1.0531434339765965e-09,7.862665411794487e-05,1.6029042154587086e-09
-7.553039948712463e-05,1.1095086965748825e-09,7.55315089287799e-05,1.2038873548610167e-09
-7.255699552273886e-05,1.1510232814149722e-09,7.255814647920845e-05,8.566639967421035e-10
-6.97006592394713e-05,1.1794887649195927e-09,6.97018386624673e-05,5.559316092109517e-10
-6.695681554741474e-05,1.1965822577325806e-09,6.6958012065577e-05,2.96764573485151e-10
-6.432104417488059e-05,1.2038564047188796e-09,6.432224796933866e-05,7.460522481040456e-11
-6.178907966839832e-05,1.2027393849645402e-09,6.179028234833035e-05,-1.1474455016847576e-10
-5.935681139271626e-05,1.194534911776718e-09,5.935800587090501e-05,-2.7513118832714156e-10
-5.702028353080119e-05,1.1804222326836772e-09,5.702146389918747e-05,-4.100568250075798e-10
-5.477569508383804e-05,1.161456129434786e-09,5.4776856489071816e-05,-5.22686195719013e-10
-5.261939264284499e-05,1.138546807950604e-09,5.262053114172523e-05,-6.158133266400744e-10
-5.054789991616223e-05,1.1123542326653205e-09,5.054901222541315e-05,-6.91654353770029e-10
-4.8557940765203155e-05,1.0834431106511832e-09,4.8559024166225994e-05,-7.521620544881795e-10
-4.664634743815399e-05,1.0523388404209209e-09,4.6647399737724207e-05,-7.991486432492565e-10
-4.48100552576465e-05,1.0195251327050065e-09,4.4811074746231226e-05,-8.342856340940132e-10
-4.304610262075774e-05,9.854440104516517e-10,4.304708803083257e-05,-8.591078504012197e-10
-4.1351630999009816e-05,9.504958088268043e-10,4.1352581463375e-05,-8.75017185886647e-10
-3.97238849383704e-05,9.150391752141555e-10,3.9724799948466485e-05,-8.832861296701769e-10
-3.816021205925235e-05,8.793910692151352e-10,3.816109142347536e-05,-8.850610677860053e-10
-3.665806305651389e-05,8.438267626489142e-10,3.665890685853009e-05,-8.813653730646195e-10
-3.521498827491449e-05,8.085750602571654e-10,3.521579682719558e-05,-8.730928809929118e-10
-3.382864930258825e-05,7.7377631467862e-10,3.3829423057962276e-05,-8.609261211747374e-10
-3.249686130189229e-05,7.395423281876494e-10,3.249760082499423e-05,-8.45457059690644e-10
-3.121751563683501e-05,7.059765743069897e-10,3.121822159577825e-05,-8.272331790923563e-10
-2.9988570111291877e-05,6.731706160347131e-10,2.998924326575797e-05,-8.067526296775051e-10
-2.8808048969005204e-05,6.412041058442225e-10,2.8808690158333575e-05,-7.84466000448084e-10
-2.7674042893584273e-05,6.10144785684254e-10,2.767465302486182e-05,-7.607779813229427e-10
-2.6584709008505127e-05,5.800484869788717e-10,2.6585289044655768e-05,-7.360489221176072e-10
-2.5538270877110867e-05,5.509591306274755e-10,2.553882182498506e-05,-7.105962936193376e-10
-2.453301850261146e-05,5.229087270047963e-10,2.453354140107564e-05,-6.846960558999069e-10
-2.356730832808383e-05,4.959173759608979e-10,2.356780423610984e-05,-6.585839388232143e-10
-2.2639571531504643e-05,4.699909439142967e-10,2.2640041513936244e-05,-6.324517683505242e-10
1.0,0.9,0.6200000000000001,-1.2000000000000002
1.0230723728532096,0.8542514744300859,0.530347967943709,-1.0804967008028736
1.0427033844473468,0.8130424061661338,0.44854867660570064,-0.9737466035694967
1.059199272146087,0.7758832706939084,0.37413599501927197,-0.8786246825189366
1.072846627556019,0.7423288539058005,0.3066062323100718,-0.7940577760566072
1.0839114471544837,0.7119758312868506,0.24543938703568435,-0.7190332474101849
1.0926388465782313,0.6844601446425884,0.19011549244119486,-0.6526044998540923
1.0992531933697864,0.6594544907305714,0.1401272612148864,-0.593894431580939
1.103958942354202,0.6366653083992889,0.09498825444035963,-0.5420954089562928
1.1069415272464234,0.6158300892915358,0.05423888169685165,-0.4964684517374852
1.1083684801570617,0.5967147360664488,0.017450099990420687,-0.45634105944949266
1.108390827327105,0.5791107629946581,-0.01577521816470273,-0.4211033903275977
1.1071442130068914,0.5628330977668948,-0.04580118957490886,-0.3902052104970003
1.1047503810297172,0.5477175503047268,-0.07295989280834225,-0.3631510579782704
1.1013183284748802,0.5336188445543393,-0.09755211277871545,-0.3394964527278561
1.0969455802406722,0.5204086013253851,-0.11984904680079805,-0.3188434390450433
1.091719355394963,0.5079735250139157,-0.14009420695232794,-0.3008363594614354
1.0857175748204828,0.49621387986293475,-0.1585051907679097,-0.28515816836142704
1.0790099602151155,0.4850418762889402,-0.17527607141641993,-0.27152625603182523
1.0716588169306986,0.4743805241143404,-0.19057903581848717,-0.259689476285498
1.0637200038857964,0.46416225755203916,-0.20456680360824103,-0.2494243671039993
1.0552435447579886,0.4543280609482015,-0.21737408099538424,-0.24053275864435997
1.0462744407740572,0.44482634017264383,-0.2291197563568506,-0.23283855709504797
1.0368531618220793,0.4356122332932489,-0.23990819139404457,-0.226185779078232
1.0270162846765247,0.42664673201652276,-0.24983103939200985,-0.220435994638582
1.0167969238557577,0.417896087265574,-0.25896847177178944,-0.21546658391362905
1.0062251723263045,0.40933119834824794,-0.26739048950085775,-0.21116893824263527
0.9953285328658472,0.40092702658184076,-0.27515821896083037,-0.20744672016155363
0.9841321561506257,0.3926622522690237,-0.2823246647100219,-0.2042148440762397
0.9726592778432657,0.38451868273433826,-0.28893606369642716,-0.20139772300392667
0.9609313385206905,0.37648106628927275,-0.29503230826577964,-0.19892871016784597
0.9489683264709493,0.3685366169513469,-0.3006480482143345,-0.1967487031156493
0.9367889344453566,0.36067478564646344,-0.3058132302972469,-0.19480546667336684
0.924410698920846,0.35288704177878394,-0.3105536115973937,-0.19305299938997167
0.9118502502604464,0.3451665203554937,-0.3148915875308052,-0.1914505133709642
0.899123337156946,0.33750795539919587,-0.318846358417316,-0.18996224554624586
0.8862450005659078,0.3299074118908801,-0.3224345531246835,-0.18855670316492062
0.8732296910417975,0.32236210431000384,-0.3256706581316269,-0.18720615262983586
0.8600912673020012,0.31487035313867734,-0.328567121309825,-0.18588651342385715
0.84684314837154,0.3074313418656614,-0.33113490614299546,-0.1845766929650296
0.8334983566460665,0.30004502887387297,-0.3333836969832378,-0.18325835142872982
0.8200695042941903,0.29271211303897066,-0.3353219693026007,-0.18191583095394986
0.8065689095640981,0.2854338328739334,-0.33695743242310106,-0.18053562222261593
0.7930086096902995,0.2782119167045349,-0.33829713677365525,-0.1791062403833047
0.7794003294701115,0.2710485671162498,-0.3393474883436163,-0.17761821008562856
0.765755566623892,0.26394629662125746,-0.3401145932606434,-0.1760636405532282
0.7520855993412565,0.2569078865960668,-0.34060433525231093,-0.17443612395023533
0.7384014351445904,0.24993639541951218,-0.34082232526697137,-0.1727307831848699
0.7247138691703572,0.2430350286310662,-0.34077415578477216,-0.17094394196141072
0.7110334990580249,0.23620708933139067,-0.3404654871429461,-0.16907299659316233
0.6973706639418349,0.22945600350904619,-0.33990195202275386,-0.167116501262087
0.6837354707682748,0.22278523343702417,-0.33908930415982363,-0.16507395048201973
0.6701378216713741,0.21619821003006165,-0.33803353362627586,-0.16294560003945063
0.6565873610710082,0.20969835981555668,-0.33674076710167944,-0.16073254200019904
0.6430934626827679,0.20328907237666455,-0.33521729152188173,-0.15843662370614156
0.6296652684521536,0.19697361596328394,-0.33346969667005966,-0.15606022174961426
0.6163116577809388,0.1907551506844597,-0.33150480857760534,-0.153606265658906
0.6030411990858553,0.18463674646778708,-0.32932960062987193,-0.15107828025863046
0.5898621921975602,0.17862129772179197,-0.3269513342778888,-0.1484801519731171
0.5767826616260403,0.17271151597066828,-0.32437753935534774,-0.14581608868988497
0.5638102941848422,0.16690997380194653,-0.32161587123756785,-0.14309071890661407
0.5509524683319346,0.1612190453990774,-0.3186741981290653,-0.14030891738152398
0.5382162678104802,0.15564087690401274,-0.31556062939764495,-0.13747570324651998
0.5256084296263882,0.15017743157761973,-0.3122833788672988,-0.13459633037864874
0.5131353463695485,0.14483047128658438,-0.308850767844159,-0.1316762123568909
0.5008030978568225,0.13960151044632027,-0.30527129229289524,-0.12872077519884645
0.48861741762907684,0.1344918495097534,-0.30155351995963214,-0.1257355105332022
0.47658367183344147,0.12950259312078513,-0.2977060216394916,-0.122725988486623
0.4647069014413022,0.12463459946878953,-0.29373745514729754,-0.11969769638927336
0.45299180650893806,0.11988849912315688,-0.28965650114782593,-0.11665605218777507
0.44144271305415306,0.11526473608078813,-0.2854717547213857,-0.11360647081640948
0.4300636174154612,0.11076352316766959,-0.2811918050868562,-0.11055421732065589
0.41885818451196377,0.10638484871309624,-0.2768252041256296,-0.1075043901865975
0.40782971328653667,0.10212852716679353,-0.27238034775749537,-0.10446200930995984
0.39698117733632693,0.09799416584246484,-0.2678655400312757,-0.10143189858932794
0.3863152334555415,0.09398116368681571,-0.26328898561664926,-0.09841865161374572
0.3758341910465346,0.09008876303605325,-0.25865867810805093,-0.09542672257634466
0.3655400476953128,0.0863160276847955,-0.2539824481091012,-0.09246033948813608
0.35543450432527,0.0826618375512342,-0.2492679713687247,-0.08952346298349817
0.3455189397144751,0.07912493835955751,-0.24452266950934357,-0.08661987409826598
0.3357944428822993,0.0757039272900483,-0.23975374912155994,-0.08375310985771632
0.3262618310022995,0.07239724690536564,-0.23496821742903773,-0.08092642438934747
0.31692162871647717,0.0692032319297878,-0.2301727960061834,-0.07814287261059286
0.3077740995936762,0.0661200980947034,-0.22537395857405848,-0.07540525836098794
0.29881926349555643,0.063145937905339,-0.2205779474641298,-0.07271610446906193
0.29005688023729226,0.06027876425730189,-0.21579069973596463,-0.07007773225080924
0.28148648158029355,0.0575164989810166,-0.21101788905449062,-0.06749221437456143
0.2731073854904428,0.05485697243267068,-0.2062649376041657,-0.06496135845968617
0.2649186841774208,0.05229796317354846,-0.20153695493259582,-0.0624867808113193
0.25691927685800886,0.04983718427204531,-0.19683878591091297,-0.0600698596513453
0.24910787915799965,0.04747228836149272,-0.19217501393850017,-0.057711735447827504
0.24148301626040988,0.04520090143138892,-0.18754991481674796,-0.05541337457744261
0.23404305532482153,0.0430206070283429,-0.18296750884780513,-0.05317552300921932
0.22678620919126727,0.04092895768998048,-0.17843155297275845,-0.05099872457235381
0.219710536024976,0.038923500166304095,-0.17394551339026637,-0.048883368548378825
0.2128139688620333,0.037001759514710506,-0.16951261630955955,-0.04682964782373472
0.20609431426419342,0.03516125645229379,-0.16513582978213728,-0.04483759308137071
0.19954925932699133,0.033399521975852046,-0.1608178574534138,-0.04290709981293359
0.19317639549953608,0.031714084051367,-0.15656118149327916,-0.041037896235818085
0.18697321427735047,0.030102489083865123,-0.15236803788007805,-0.039229588453407835
0.1809371208431051,0.028562305260674537,-0.14824043055962388,-0.03748166550195363
0.1750654502906828,0.02709111470715083,-0.14418016102746484,-0.03579348228301395
0.16935546319990277,0.02568653560639113,-0.1401888034850147,-0.034164307463390095
0.16380436346537566,0.02434621587210144,-0.13626773447829804,-0.03259331005002474
0.15840930658974794,0.023067832939841576,-0.1324181461134836,-0.031079560831136298
0.15316739804907495,0.021849111565812998,-0.1286410292286863,-0.029622072036551733
0.14807571163031172,0.020687812325116132,-0.12493720927950286,-0.028219774825338325
0.14313129102282282,0.01958173897553023,-0.12130734438326093,-0.02687153806914446
0.13833115323438785,0.01852874761780073,-0.1177519231958197,-0.025576190462508044
0.13367230330634775,0.01752673582239428,-0.11427129616649641,-0.024332500842054024
0.12915173229862023,0.01657365456812395,-0.11086566477210255,-0.02313920716280722
0.12476642537889585,0.015667508021711,-0.1075350941808136,-0.02199501950232545
0.1205133708748361,0.014806347185211335,-0.1042795334419184,-0.020898610834653192
0.11638955784711,0.013988282274932106,-0.10109880358096196,-0.01984864704435675
0.11239198652169832,0.013211475452688339,-0.09799261989220176,-0.018843775724800504
0.10851767184702671,0.012474140663835495,-0.09496059942068581,-0.017882630265811605
0.10476364301652603,0.011774552031689412,-0.09200225501225469,-0.01696385152452236
0.10112695329592906,0.011111034183488298,-0.08911701908448628,-0.016086071957226385
0.09760467969452302,0.010481967114596102,-0.08630424134569598,-0.015247930130229943
0.09419392540436648,0.009885788289420203,-0.08356319215118868,-0.014448079228990392
0.09089182674981178,0.009320984734054563,-0.08089308095208896,-0.013685174966158446
0.08769555127184392,0.008786100070752008,-0.07829304968970456,-0.012957894313780454
0.08460230219979607,0.008279731005922062,-0.07576218375011717,-0.012264932289340752
0.08160932210938228,0.007800523054014274,-0.07329952273653864,-0.011604997234936801
0.07871389104994087,0.007347177002055521,-0.0709040541358338,-0.010976828017577867
0.07591333159638801,0.00691844205479796,-0.06857472795292104,-0.010379183761158022
0.07320500982891831,0.0065131152746891775,-0.06631046042006873,-0.009810846470947139
0.07058633438628267,0.00613004548676357,-0.06411013094709364,-0.009270632612271873
0.06805476081070684,0.005768125753457638,-0.06197259632246709,-0.008757381225513765
0.06560779087474128,0.005426295360863762,-0.05989668971286941,-0.008269961387649252
0.06324297265192058,0.0051035406382828104,-0.05788122154882586,-0.007807277122654676
0.060957903549124046,0.004798888487034679,-0.05592499091686084,-0.0073682573710067735
0.05875022889351557,0.004511409506539638,-0.05402678231406266,-0.0069518653760549925
0.056617642592924525,0.004240216364746871,-0.05218536938445293,-0.0065570982578256574
0.05455788893144311,0.0039844588706342,-0.050399523129196135,-0.00618297979447499
0.05256876092909672,0.0037433272872596053,-0.04866800798004247,-0.005828569799146895
0.0506481011396231,0.003516049215169922,-0.04698958695144372,-0.00549296034091015
0.04879380253136802,0.003301886017466265,-0.045363027254447894,-0.005175270935650448
0.04700380685166609,0.003100135848876285,-0.04378709645346619,-0.0048746569826233314
0.04527610524944419,0.0029101299068945183,-0.04226056786418639,-0.004590304389853788
0.0436087385780268,0.0027312297550042344,-0.04078222443551656,-0.004321426261788459
0.041999795840974304,0.0025628299524358546,-0.0393508552207165,-0.004067270194461596
0.040447414479252305,0.0024043542826373285,-0.03796526026523514,-0.0038271125624407994
0.03894978035289378,0.0022552534994511046,-0.036624253550687706,-0.003600255765179007
0.037505126289517327,0.002115007608782851,-0.03532665977875792,-0.0033860345187701154
0.03611173198341303,0.00198312249475982,-0.034071318298236376,-0.0031838106774145264
0.03476792380490474,0.0018591276958842726,-0.032857085700961186,-0.0029929702763463483
0.0334720734847705,0.0017425783729336439,-0.03168283294275541,-0.002812928923845362
0.03222259763590696,0.0016330526941750407,-0.03054744798182581,-0.0026431279093067474
0.031017957428998506,0.00153014935704201,-0.029449838385863108,-0.002483030504243722
0.02985665747915314,0.0014334891362474491,-0.028388928987592866,-0.0023321262749984154
0.028737245056675402,0.001342713410789428,-0.02736366293842458,-0.0021899292695104072
0.02765830957047546,0.0012574812795161853,-0.026373004445752926,-0.002055973306054618
0.02661848171925072,0.0011774704353642257,-0.025415937303679532,-0.0019298147293056005
0.02561643253451983,0.0011023771261303294,-0.024491464232966206,-0.0018110332827832951
0.02465087256765857,0.0010319129511346418,-0.02359860957279646,-0.0016992265912611185
0.02372055131412065,0.0009658048542398833,-0.022736418920997224,-0.0015940109756922682
0.022824256208592686,0.0009037962155578642,-0.02190395721192742,-0.0014950244282304394
0.021960811628417596,0.0008456440370354589,-0.021100310767860515,-0.0014019217256436129
0.02112907828686958,0.000791117982969632,-0.020324587828862893,-0.001314373196387666
0.020327952404449432,0.0007400014275558207,-0.019575916805854746,-0.0012320674657371046
0.019556364787425663,0.0006920904088894265,-0.018853446560534542,-0.0011547099755595356
0.01881327976608345,0.0006471915653242791,-0.018156347563974613,-0.0010820194333144033
0.018097694706438065,0.0006051223197001397,-0.017483811331536335,-0.0010137287071878176
0.017408639253150577,0.0005657116929361988,-0.016835048943587488,-0.0009495869534845965
0.016745174063578408,0.000528798087338665,-0.016209292123426165,-0.0008893556620256065
0.016106390157365917,0.0004942285386047314,-0.015605793428625447,-0.0008328075948686866
0.015491408320484098,0.0004618592954439567,-0.015023825144294276,-0.000779728351836735
0.014899378430206847,0.00043155576191366885,-0.014462678738204787,-0.0007299166372634299
0.014329477998687211,0.0004031905580865402,-0.013921665432415568,-0.0006831807523441639
0.013780911827497832,0.0003766433199704487,-0.01340011611682104,-0.0006393385214625356
0.013252911427427268,0.00035180136633996233,-0.012897380147208785,-0.0005982189358979853
0.012744734265059846,0.0003285591281358646,-0.012412825217901222,-0.000559661305379535
0.012255662364173615,0.0003068167097305351,-0.011945837460841366,-0.0005235126634702972
0.011785002072404321,0.00028647983031237383,-0.011495821309776801,-0.0004896278963168032
0.011332083557646925,0.0002674604244526742,-0.01106219842609164,-0.0004578711782508533
0.010896260086549148,0.0002496760667090508,-0.0106444075915519,-0.00042811504309386725
0.01047690662013407,0.00023304879242139496,-0.010241904523363767,-0.00040023824144658443
0.01007341963980316,0.0002175050490989106,-0.00985416177499757,-0.00037412582825407795
0.009685216700641111,0.0002029761444136289,-0.009480667861872516,-0.0003496702353042313
0.009311735962935391,0.0001893980175389106,-0.0091209270459315,-0.00032677097909176664
0.008952434656738489,0.0001767101105058536,-0.008774458957658646,-0.00030533256924180377
0.008606788890339993,0.00016485528311280722,-0.008440798507531818,-0.0002852644772238865
0.00827429325841462,0.0001537800202717029,-0.008119495301354905,-0.0002664816831876584
0.007954460729051817,0.00014343469499895323,-0.007810113277534022,-0.0002489053227038899
0.007646821110839896,0.00013377250613312824,-0.007512230257167608,-0.00023246068840554446
0.007350920572561311,0.00012474926314210815,-0.0072254376918793285,-0.00021707690632575324
0.007066321488840814,0.00011632341754779008,-0.0069493404883609645,-0.0002026870954653881
0.006792602223475045,0.00010845646641427605,-0.006683556395752836,-0.00018922926584873722
0.006529356417646592,0.00010111242991860927,-0.006427715828453429,-0.0001766453627000209
0.006276191787626662,9.425730180356574e-05,-0.006181461224300294,-0.00016488025359408806
0.006032730079273073,8.785903845954676e-05,-0.005944447016922286,-0.00015388177759347385
0.005798606760644957,8.188767832788572e-05,-0.005716339214760939,-0.000143601052437013
0.00557347108974514,7.631557617023064e-05,-0.005496815239448924,-0.00013399300434752636
0.005356984788868088,7.111671338073686e-05,-0.005285563298565899,-0.0001250150551445753
0.0051488215021016906,6.626652513870783e-05,-0.00508228202135538,-0.00011662683256111284
0.004948666764994063,6.174190074368503e-05,-0.0048866804321766035,-0.00010879021983679599
0.004756217743878388,5.7521356671074654e-05,-0.004698477519929513,-0.00010146974900583914
0.004571183249280647,5.3585057245125946e-05,-0.004517402234342648,-9.463268471114951e-05
0.004393282382103647,4.9914288024552495e-05,-0.004343192664029339,-8.824801799576361e-05
0.00422224428077501,4.649139581562786e-05,-0.004175595846535312,-8.228638357133335e-05
0.004057808080032935,4.32997903865392e-05,-0.00401436772785496,-7.672009692445006e-05
0.0038997227196229745,4.032410187669777e-05,-0.0038592728154932874,-7.152350137942937e-05
0.0037477469208744268,3.7550143033634624e-05,-0.003710084195094446,-6.6672921877515e-05
0.0036016479590056027,3.496452319895096e-05,-0.003566582691883758,-6.214592558553638e-05
0.0034612014883370805,3.255461564133796e-05,-0.0034285567302284547,-5.792128183695582e-05
0.003326191515617167,3.0308558132547254e-05,-0.003295802307829491,-5.397898626595633e-05
0.0031964102265702784,2.821536260561306e-05,-0.0031681227136658024,-5.0300502209312286e-05
0.003071658063209716,2.626492098178894e-05,-0.0030453286007428764,-4.6868792009209124e-05
0.0029517426056058556,2.444769988987453e-05,-0.0029272371750620817,-4.366772913389975e-05
0.0028364783714014503,2.2754708294122758e-05,-0.0028136720285169884,-4.068205085738858e-05
0.0027256868119616183,2.1177497401568305e-05,-0.002704463135979748,-3.7897373644995715e-05
0.002619196137700908,1.9708213123099187e-05,-0.002599446628837254,-3.5300313201549966e-05
0.0025168415188664916,1.8339672104486966e-05,-0.0024984649203234487,-3.2878649470319816e-05
0.0024184641656994914,1.706512167183075e-05,-0.0024013660269194635,-3.062086199119798e-05
0.0023239109863448446,1.5878188768385386e-05,-0.0023080032779786014,-2.851604017329821e-05
0.0022330345868513107,1.4772879954561564e-05,-0.0022182353162152404,-2.6553893829478607e-05
0.002145693179272086,1.3743593594138168e-05,-0.0021319259940499207,-2.4724787656531485e-05
0.002061750662190233,1.2785213774333657e-05,-0.0020489443604775268,-2.3019938072842198e-05
0.0019810762380652355,1.1892982794136333e-05,-0.0019691644065466087,-2.1431167751656643e-05
0.001903543764382184,1.1062405677002921e-05,-0.0018924645124865048,-1.9950724036254864e-05
0.0018290317403107837,1.028924925948415e-05,-0.0018187274355605158,-1.857128425472972e-05
0.0017574232929032346,9.569542334222481e-06,-0.0017478402963797316,-1.7285962690181652e-05
0.0016886060740088193,8.89961902948435e-06,-0.0016796944326187353,-1.6088403775061013e-05
0.0016224724225627784,8.276133772058059e-06,-0.001614185546551672,-1.4972817486930078e-05
0.001558918594479569,7.695934442611549e-06,-0.0015512130621687138,-1.3933732574694605e-05
0.0014978445949816689,7.156046650350361e-06,-0.001490679973414681,-1.2965970242271242e-05
0.0014391541785995694,6.653673733017576e-06,-0.001432492844336667,-1.2064648616166792e-05
0.0013827548016422052,6.186199909649116e-06,-0.0013765617585344528,-1.1225193314419487e-05
0.0013285576512044497,5.751240308005755e-06,-0.001322800298212992,-1.044344135646718e-05
0.001276477555379295,5.346597895641443e-06,-0.0012711254976338845,-9.715558821650625e-06
0.001226432378770009,4.9701962432182926e-06,-0.0012214573060391094,-9.037910658619307e-06
0.0011783429873833081,4.6200775148891826e-06,-0.0011737185546396663,-8.407059712229113e-06
0.0011321332486293515,4.294402468297699e-06,-0.0011278349566923999,-7.819769521004168e-06
0.0010877299730355072,3.9914553783163096e-06,-0.00108373504435667,-7.273016860088724e-06
0.0010450630089420215,3.7096828234090194e-06,-0.0010413502246367774,-6.7640716312226675e-06
0.001004065046626637,3.4476467733817438e-06,-0.0010006146305239607,-6.290405576049077e-06
0.0009646711666853097,3.2039872461763445e-06,-0.0009614647068038416,-5.8496202164522905e-06
0.0009268188293465404,2.977421919055999e-06,-0.0009238391998029263,-5.439447952653224e-06
0.0008904478744713855,2.7667461286052637e-06,-0.0008876791574282128,-5.057753806920162e-06
0.0008555004766600262,2.570835774883847e-06,-0.0008529278814041576,-4.702542910428375e-06
0.0008219212194738062,2.388675631004928e-06,-0.0008195309732002512,-4.37201856739707e-06
0.0007896569898536997,2.219330108416618e-06,-0.0007874362577376567,-4.0645253198583525e-06
0.0007586565567574979,2.061913895990672e-06,-0.0007565933914339099,-3.778491929314659e-06
0.0007288705562086225,1.915591492733823e-06,-0.0007269538477412993,-3.5124316128429265e-06
0.0007002514912961204,1.7795772077877587e-06,-0.0006984709171670577,-3.264943124938053e-06
0.0006727537406077479,1.653137483269372e-06,-0.000671099713400938,-3.034716409237714e-06
0.0006463336057344229,1.535612600516207e-06,-0.0006447971991194834,-2.8205769230914177e-06
0.0006209490476546942,1.426384298723484e-06,-0.0006195219547863932,-2.621421965577005e-06
0.0005965596008625132,1.3248709352045135e-06,-0.0005952340976357276,-2.4362118559802822e-06
1.3,-0.4,-2.116,1.814
1.2199619827119759,-0.3324351782950316,-1.8768437843958203,1.5578547001475844
1.1487478460140819,-0.274352959930046,-1.6752307033579104,1.3404788880932876
1.0849983953445037,-0.22433965911555112,-1.5040645905820595,1.155012228971191
1.0276063779788647,-0.1812267146384307,-1.3578168748753812,0.9960383501145662
0.975661947181212,-0.14404021724983274,-1.2321298114985462,0.8592301756061259
0.9284116592370405,-0.11196257177268833,-1.123532116635271,0.7410940689497414
0.8852272424276898,-0.08430298101336993,-1.0292320597697793,0.638782324468419
0.8455815237280896,-0.06047444021533653,-0.9469648193865362,0.5499537483928637
0.8090296684386133,-0.039975603478444685,-0.8748784312992977,0.47266860960522494
0.77519440967584,-0.02237634060697765,-0.8114475616008429,0.4053085048895597
0.7437543096327601,-0.007306123816111062,-0.7554076023088258,0.3465145314906043
0.7144343545373434,0.005555385803258537,-0.7057038019576393,0.2951390965593972
0.6869983549875303,0.01648603324874324,-0.661451619561062,0.2502079773558571
0.6612427610043401,0.02572750401070164,-0.6219055563650091,0.2108901853669824
0.6369915927347017,0.03349057439835416,-0.5864344468742615,0.176473824732107
0.6140922594944024,0.03995948956856863,-0.5545017193359095,0.146346602765427
0.5924120915027495,0.045295634241488414,-0.5256495121277062,0.11997998321222042
0.5718354477886689,0.0496406256267076,-0.4994858066549549,0.09691621635518528
0.5522612880843314,0.053118936565428036,-0.4756739256554688,0.07675764505908285
0.5336011239673878,0.05584013098678265,-0.4539239076549784,0.05915783372599044
0.5157772989218019,0.057900758422888124,-0.433985423071009,0.04381421640406563
0.49872151864407555,0.0593859882401574,-0.41564187421086973,0.030461915414876986
0.48237358521660817,0.0603710302407026,-0.3987054427355632,0.018868504947429393
0.46668033985937474,0.06092233243292814,-0.38301300358258683,0.008829658900900636
0.4515947436463928,0.06109863155376208,-0.36842265540969743,0.00016542438590656794
0.4370750683011149,0.060951886286126744,-0.3548107421257157,-0.007283003373998939
0.42308423962088415,0.06052804273099736,-0.34206942814221925,-0.013655921172645677
0.409589224814181,0.05986775308666612,-0.3301045224650073,-0.01907750632300323
0.39656053254802304,0.05900697058551993,-0.3188336934189516,-0.023657787586176884
0.38397176993216836,0.05797747962405784,-0.30818491793414593,-0.027494367185210464
0.3717992444081207,0.05680737861380525,-0.29809511343798034,-0.030673950342140835
0.36002164721231283,0.055521468250626003,-0.28850903459749766,-0.033273584624371785
0.348619736304763,0.05414164354406007,-0.27937821636435356,-0.03536185476339865
0.3375761063651711,0.052687184198136255,-0.2706601745694738,-0.03699979184307092
0.3268749394292241,0.05117506987997214,-0.2623175912554102,-0.03824180414382894
0.3165018340384542,0.049620202521375216,-0.2543177234343792,-0.039136358472927305
0.30644361279708826,0.04803565691050057,-0.24663177968919955,-0.03972670112652209
0.29668818963862414,0.04643285769298762,-0.23923446755469224,-0.04005138626334872
0.28722442908014073,0.044821771117098744,-0.23210353186746646,-0.04014481863794981
0.2780420325948903,0.043211058177827256,-0.22521938205999173,-0.04003769322195569
0.26913144719995885,0.04160820890888179,-0.2185647763078406,-0.03975737629459704
0.2604837607098189,0.040019684932471454,-0.21212449335044162,-0.0393282961088248
0.2520906459289785,0.03845100909908064,-0.20588512505357126,-0.038772201939227514
0.24394427400341964,0.036906890078331284,-0.19983480432038234,-0.038108494865229284
0.23603726707640296,0.03539129548602067,-0.19396303985853128,-0.03735443610270303
0.22836264816480503,0.03390753643084406,-0.18826053988428723,-0.036525373415582596
0.22091378450603238,0.03245835061805352,-0.18271903622889252,-0.035634961125240415
0.2136843628028026,0.03104595017825392,-0.17733118535939046,-0.034695296212643986
0.20666834774764525,0.02967209364164824,-0.17209042805229072,-0.033717103706851506
0.19985994894452566,0.028338137214867356,-0.1669908848041012,-0.03270987491446967
0.193253604472822,0.02704507175546852,-0.16202728663737714,-0.031681970125894285
0.18684395371449453,0.025793576022054003,-0.15719487871292376,-0.030640754220309502
0.18062581277718356,0.024584057564715274,-0.1524893429092781,-0.029592704584579646
0.17459416748552695,0.023416669362492735,-0.1479067670089316,-0.028543464733006927
0.16874415363116435,0.022291357798539312,-0.14344356678862188,-0.027497961966259827
0.16307104263961997,0.02120788908570425,-0.13909643948560274,-0.02646047920286485
0.15757023541530413,0.020165862980888984,-0.13486234061261398,-0.02543469850847735
0.1522372512625687,0.01916474181341022,-0.13073843935729418,-0.024423775223630956
0.14706771709511968,0.01820387690740206,-0.12672207809247588,-0.023430405767862025
0.14205736424325052,0.017282517703513085,-0.12281075940977873,-0.022456858565582438
0.13720202397189943,0.016399823882974694,-0.11900212886530327,-0.02150501053675799
0.13249761648706526,0.015554894672856775,-0.1152939326391198,-0.020576418320861496
0.1279401511277893,0.014746772042270706,-0.11168401569053046,-0.01967233472218047
0.12352572437331805,0.013974447347355437,-0.1081703140409235,-0.01879373194553911
0.1192505117573057,0.013236883144180466,-0.10475082454191309,-0.017941355555733347
0.11511076811544253,0.012533016723504882,-0.10142360324646058,-0.017115740085333456
0.11110282733018854,0.011861762874869267,-0.09818676414130469,-0.01631722280528152
0.10722309623522801,0.011222030361097172,-0.09503845720104077,-0.015545985302432964
0.10346805521050025,0.010612724023513508,-0.09197686885482778,-0.014802064977601139
0.09983425854695518,0.010032745641289854,-0.08900022352783464,-0.01408536377480753
0.09631832955472013,0.009481007054977826,-0.08610676669011672,-0.013395681745028648
0.09291696169364738,0.00895642995985466,-0.0832947683261994,-0.012732722857482079
0.0896269188640622,0.008457946185276306,-0.0805625249535824,-0.0120961016195135
0.08644503137787823,0.007984508288937889,-0.07790834623328101,-0.011485370507922366
0.08336819747451893,0.007535087192292532,-0.07533056097259858,-0.010900020574494833
0.08039338322127698,0.007108672625126622,-0.07282751840211323,-0.010339487610795384
0.07751761921530556,0.006704281476766178,-0.07039757778763683,-0.00980317418024689
0.07473800220502323,0.006320953877067211,-0.06803911595611434,-0.009290446369975587
0.07205169453173575,0.005957754120785396,-0.06575052738694555,-0.008800640230634055
0.06945592149327814,0.005613776905298214,-0.0635302165495678,-0.008333078792308178
0.0669479727862227,0.005288142589369568,-0.06137660585592292,-0.007887066542628246
0.0645252015894586,0.00497999855945033,-0.05928813470123727,-0.007461896134804498
0.06218502246532556,0.0046885236044806175,-0.057263254104305876,-0.007056860997553408
0.05992491245298076,0.004412922928763497,-0.055300434308082944,-0.006671248778028549
0.05774240994675588,0.004152429754153829,-0.053398163151690485,-0.006304347964432131
0.05563511296533068,0.0039063082319645975,-0.051554942413555876,-0.005955456987130132
0.053600679845509605,0.003673848551772808,-0.049769294669717225,-0.0056238773756051245
0.05163682805498457,0.0034543685323510666,-0.04803976141547865,-0.005308919857754109
0.04974133266490117,0.0032472155561441606,-0.046364900445386756,-0.005009911007120103
0.04791202666040193,0.0030517619132292193,-0.04474329186865444,-0.0047261864472342
0.04614679979746579,0.0028674061549947274,-0.04317353634825301,-0.004457096031061022
0.04444359715263288,0.0026935745463223214,-0.04165425289268069,-0.004202009095925332
0.04280041908767072,0.002529716658010323,-0.040184084083151675,-0.003960307791572497
0.041215320227535664,0.0023753062939920323,-0.03876169472590734,-0.0037313910151090786
0.039686408019231,0.0022298428943444575,-0.03738576956094755,-0.0035146791998075856
0.03821184237799304,0.002092847363381132,-0.036055017771755335,-0.0033096077880099134
0.03678983483143705,0.001963862410912925,-0.034768172281540805,-0.0031156296536711987
0.03541864707888357,0.0018424541938307547,-0.033523987097172574,-0.002932220051122405
0.034096590338181645,0.0017282084549207787,-0.032321241070695735,-0.002758870426227688
0.03282202465594992,0.0016207301666852378,-0.03115873797287141,-0.002595089151861005
0.031593357500198226,0.0015196453986450274,-0.03003530354127086,-0.002440406654408856
0.0304090428765591,0.0014245981018115982,-0.028949788242939617,-0.0022943702704221504
0.02926758066225469,0.0013352489613864742,-0.02790106809552296,-0.0021565431560799974
0.028167515394687672,0.0012512771261437752,-0.02688804197437296,-0.00202650889818157
0.02710743521569409,0.0011723782509258014,-0.02590963283078008,-0.0019038686754677715
0.026085971031816643,0.0010982624827825256,-0.024964789154385162,-0.001788238234761385
0.025101795621123697,0.0010286555217136075,-0.024052483218873613,-0.001679250957384416
0.02415362257396661,0.0009632984359223883,-0.02317171042056633,-0.0015765583817773988
0.02324020509316555,0.0009019449449180077,-0.022321491039845435,-0.0014798256101725765
0.022360335417329007,0.0008443614932929758,-0.021500869759073227,-0.0013887322266006768
0.02151284383105232,0.0007903284011087832,-0.020708913660768897,-0.0013029753323980189
0.0206965973773672,0.0007396374522685657,-0.01994471354225478,-0.0012222654187366258
0.019910499102204802,0.0006920909492936066,-0.019207384251931553,-0.0011463251138878743
0.019153487308262458,0.0006475025892529817,-0.01849606317290922,-0.0010748915328653008
0.018424534628933485,0.000605697085982501,-0.01780990979340272,-0.0010077160861893407
0.0177226466075714,0.0005665080807700144,-0.01714810650878873,-0.0009445608398739116
0.017046861288196238,0.0005297780988504047,-0.01650985834633413,-0.0008851989098334073
0.01639624847370339,0.0004953595123132896,-0.01589439133127194,-0.0008294168462197267
0.015769908528648794,0.000463113052065676,-0.01530095287620752,-0.000777012095130182
0.015166971302287096,0.000432906672620015,-0.014728811923202923,-0.0007277911341493898
0.014586595712292635,0.0004046157696813679,-0.01417725836929034,-0.0006815702746784115
0.014027969183914192,0.00037812387769942953,-0.013645601858131507,-0.0006381774037439513
0.013490306168367045,0.0003533209569147374,-0.013133172085144723,-0.0005974488975197057
0.012972847402356352,0.00033010280918720864,-0.012639318694472603,-0.0005592287565395229
0.012474859471943945,0.00030837133317949093,-0.012163410627527182,-0.0005233693950521322
0.011995634414285392,0.00028803502615198354,-0.011704835257835626,-0.0004897329053032542
0.011534488123650311,0.00026900744062279187,-0.01126299839252429,-0.0004581882314808057
0.011090759742991212,0.000251206789207356,-0.01083732409446793,-0.00042861060740865934
0.010663811295648572,0.00023455611881579715,-0.01042725416708134,-0.00040088211482207305
0.01025302739638873,0.00021898382197265627,-0.010032247376715233,-0.0003748929014706538
0.00985781376953082,0.00020442236480268603,-0.009651779278646092,-0.00035053883421652123
0.009477596510929531,0.00019080787205380778,-0.009285341918857775,-0.00032772084273322537
0.00911182187824177,0.00017808018943863972,-0.008932443580830165,-0.0003063452001127962
0.008759955995588497,0.00016618341020790514,-0.008592607977892098,-0.0002863247229890222
0.00842148384139271,0.00015506506700220833,-0.008265374072025601,-0.00026757729994991356
0.008095908099600027,0.00014467552501520945,-0.00795029555078099,-0.00025002481325611735
0.007782749081241022,0.0001349679785868514,-0.007646940765125096,-0.00023359324721676798
0.007481544360942946,0.000125898778549404,-0.007354892048556177,-0.00021821345348395368
0.00719184850968984,0.00011742734179202845,-0.00707374555217536,-0.00020382107259226014
0.006913231519580384,0.00010951530632874621,-0.006803110529517566,-0.0001903549506315006
0.006645278587121618,0.00010212645904259272,-0.006542609201061861,-0.00017775708158491118
0.006387589903961868,9.522679224659004e-05,-0.006291876495957885,-0.00016597280162446274
0.006139780565859839,8.87848627165466e-05,-0.006050559607483573,-0.00015495158219494708
0.00590147961718467,8.27711953674931e-05,-0.005818317643799296,-0.00014464591373175852
0.005672329066349049,7.715792539480827e-05,-0.005594821008839908,-0.00013501066056744758
0.005451983868533163,7.191879610369241e-05,-0.005379751392336509,-0.00012600311534573732
0.0052401116299875435,6.702928301634701e-05,-0.005172801354230809,-0.0001175833040958556
0.005036392708836422,6.24667674936356e-05,-0.004973674255604907,-0.0001097143840766988
0.004840518865776198,5.820994169344548e-05,-0.004782083511025999,-0.0001023615096529298
0.004652192799361431,5.423868379177989e-05,-0.004597752252518304,-9.549162887810157e-05
0.004471128122899848,5.053405811753902e-05,-0.0044204133093835776,-8.90735242202465e-05
0.004297049121213239,4.707845634609584e-05,-0.0042498088261155665,-8.307813400212e-05
0.004129690820086763,4.3855642177847e-05,-0.004085690289714588,-7.747867659398866e-05
0.003968797679728764,4.0850298976909646e-05,-0.003927817679494418,-7.224978494024704e-05
0.0038141233188743956,3.804797212713636e-05,-0.0037759592510210782,-6.736742223932386e-05
0.0036654304937889515,3.543506923199639e-05,-0.0036298915167303054,-6.280891004111404e-05
0.0035224908960711358,3.299897101004578e-05,-0.00348939893420112,-5.855317675234913e-05
0.0033850852557815742,3.072806519711059e-05,-0.003354273976888114,-5.4580849080875294e-05
0.0032530021594637817,2.861140071892655e-05,-0.003224316300386196,-5.0873587608167486e-05
0.003126037800617004,2.663864425252428e-05,-0.003099332537637367,-4.741402110651672e-05
0.0030039959743589904,2.4800080115432575e-05,-0.0029791362947708933,-4.418576514248614e-05
0.00288668789033876,2.308667205628976e-05,-0.002863547903069148,-4.117356392684246e-05
0.002773932364962288,2.1490141648239243e-05,-0.002752394533554492,-3.836346283724732e-05
0.002665554825555763,2.0002700268590177e-05,-0.0026455094706517926,-3.574229102035419e-05
0.002561386967937577,1.8616995753244233e-05,-0.002542731823920089,-3.329756958677619e-05
0.002461266756418306,1.7326112396695314e-05,-0.002443906528674043,-3.1017524365640696e-05
0.0023650383070584553,1.6123590519072604e-05,-0.0023488842102120026,-2.889113732183285e-05
0.002272552007111011,1.5003528535625189e-05,-0.0022575212015362757,-2.6908361496235805e-05
0.002183663970185207,1.3960417033324703e-05,-0.0021696791652641347,-2.5059801065838393e-05
0.0020982354392249593,1.2989050757351017e-05,-0.0020852245851983114,-2.33365463396503e-05
0.0020161327817855724,1.2084528326181355e-05,-0.0020040287622484225,-2.1730181816088454e-05
0.0019372274563430412,1.1242253682005893e-05,-0.0019259677796190323,-2.023279723344619e-05
0.001861395953206169,1.0458000423836341e-05,-0.0018509223795985985,-1.8837123910905302e-05
0.001788519823806334,9.727886797416231e-06,-0.001778778018194213,-1.753649169874352e-05
0.0017184848702724881,9.048247830275306e-06,-0.0017094241830206136,-1.6324581510937342e-05
0.0016511810499232902,8.415626850648435e-06,-0.0016427543064937784,-1.5195414385521403e-05
0.001586502475267095,7.826775487475507e-06,-0.0015786657660206722,-1.4143356912533843e-05
0.0015243473272710023,7.2786646467659255e-06,-0.0015170597864538362,-1.3163148429036901e-05
0.0014646179887850073,6.768542116360715e-06,-0.0014578415160058132,-1.2250020720877847e-05
0.001407220657276627,6.2938440145645225e-06,-0.0014009197278002138,-1.1399526042169408e-05
0.0013520648742950095,5.8521470391491976e-06,-0.0013462063972698995,-1.0607446423716967e-05
0.001299063521486722,5.441168307110747e-06,-0.0012936166984410015,-9.869796994507005e-06
0.0012481328188067064,5.0587653378735846e-06,-0.00124306900226,-9.182829355717745e-06
0.0011991922261688135,4.702953981540928e-06,-0.0011944847603905888,-8.543070765899628e-06
0.0011521646514010134,4.371937767225954e-06,-0.0011477886838800646,-7.947385504089097e-06
0.001106975897496667,4.064030493174211e-06,-0.0011029082679764508,-7.392823603765291e-06
0.001063554427581633,3.7776389100679803e-06,-0.0010597735744918941,-6.876589007878864e-06
0.001021831364914276,3.5112627210263304e-06,-0.0010183172318585468,-6.396041839059117e-06
0.0009817404897600015,3.2634945762746047e-06,-0.000978474432059916,-5.948700519008685e-06
0.0009432181583454863,3.033035185373111e-06,-0.0009401828345090238,-5.532274074206631e-06
0.0009062035029354748,2.8187117921247766e-06,-0.0009033827476821502,-5.144700711010038e-06
0.0008706379344302584,2.6194224952158543e-06,-0.00086801668748017,-4.784038742710316e-06
0.0008364649612150414,2.4341257086342703e-06,-0.0008340292066577139,-4.448447238464252e-06
0.0008036301891599438,2.2618401616696418e-06,-0.0008013668948518446,-4.1361874347817354e-06
0.000772081321620004,2.1016448989132874e-06,-0.0007699783786084739,-3.8456240575098795e-06
0.000741768093071108,1.9526861281984882e-06,-0.0007398142481906969,-3.5752403140579676e-06
0.0007126424359698261,1.8141979659264805e-06,-0.0007108272037043334,-3.3236803869259563e-06
0.0006846581695466712,1.6854654993777389e-06,-0.0006829717808731145,-3.089676913279279e-06
0.0006577707490246196,1.5658121014197818e-06,-0.0006562041129668808,-2.872026787876118e-06
0.0006319372655440982,1.4545994296501517e-06,-0.0006304819307419792,-2.6695920347502924e-06
0.0006071164461629897,1.3512274263964398e-06,-0.0006057645624546788,-2.4813006252719326e-06
0.0005832686288714561,1.2551352296582416e-06,-0.0005820129079769943,-2.30614908326113e-06
0.0005603557906640623,1.1658171146539822e-06,-0.0005591894509315115,-2.1432350620295166e-06
0.0005383415802172779,1.0828125347048993e-06,-0.0005372583013441641,-1.9917380752152972e-06
0.0005171909366504295,1.0056854004530057e-06,-0.0005161848351448771,-1.850878921934002e-06
0.0004968700598751897,9.340233362408853e-07,-0.000495935665268364,-1.7199187586415458e-06
0.0004773464105955832,8.67437680111713e-07,-0.00047647864166086107,-1.5981596027983336e-06
0.0004585887103079828,8.055634838092407e-07,-0.00045778285128631824,-1.484944804485318e-06
0.00044056689992372,7.480621981082422e-07,-0.0004398185740684569,-1.3796648802314462e-06
0.00042325225651732305,6.946335438978648e-07,-0.00042255738776925323,-1.281781604207526e-06
0.00040661725146083166,6.449993713939214e-07,-0.00040597204227514047,-1.190796189276506e-06
0.000390635317109119,5.988958392232321e-07,-0.00039003623411000294,-1.106234107862699e-06
0.0003752808448382376,5.560733984731663e-07,-0.0003747246044928086,-1.0276453694448317e-06
0.00036052918504542403,5.162967926916548e-07,-0.00036001273934068285,-9.54604809421599e-07
0.00034635664714909573,4.793450578871815e-07,-0.00034587716927173093,-8.867123595597452e-07
0.0003327404643201265,4.450135536724708e-07,-0.00033229533230724084,-8.235973773873575e-07
0.0003196589022592447,4.131222915469144e-07,-0.00031924567432112326,-7.649354948176775e-07
0.0003070911459985648,3.835047234562542e-07,-0.00030670754705838457,-7.104264637420813e-07
0.0002950171011788092,3.5600266191996325e-07,-0.00029466101449539055,-6.597842698471579e-07
0.000283417392421026,3.3046627305105285e-07,-0.00028308685122006345,-6.127372951060654e-07
0.0002722733633265923,3.067540765560796e-07,-0.0002719665424332649,-5.690284824858545e-07
0.0002615670764772119,2.847329457351407e-07,-0.0002612822839500654,-5.284154901721801e-07
0.00025128129904315456,2.6427847793402076e-07,-0.00025101696743862916,-4.906715811187524e-07
0.00024139952599132672,2.4528070514863263e-07,-0.0002411541979176613,-4.555971716079629e-07
0.00023190604208366523,2.2764095789422925e-07,-0.00023167835889272015,-4.230136683755121e-07
0.00022278568426331872,2.112654794203255e-07,-0.00022257438113035887,-3.9275088217304596e-07
0.0002140238198870584,1.960652283786781e-07,-0.00021382772108857642,-3.646467394699274e-07
0.00020560634672528062,1.8195587882328982e-07,-0.00020542436091743052,-3.3854737575834985e-07
0.00019751969296200516,1.6885782021040658e-07,-0.0001973508084595989,-3.143072229561303e-07
0.00018975081719487598,1.5669615739851884e-07,-0.00018959409725089835,-2.9178909122136373e-07
0.00018228718604507924,1.4540161958529518e-07,-0.00018214176322161227,-2.7086606825285037e-07
0.00017511685107043698,1.349146389122428e-07,-0.00017498191753086335,-2.514297309071903e-07
0.0001682284070764857,1.2518052188952245e-07,-0.00016810320970746034,-2.3338056561054982e-07
0.00016161083589567998,1.1614713349446626e-07,-0.00016149467374567723,-2.1662342962159228e-07
0.00015525350369300554,1.0776489641568391e-07,-0.00015514572541188766,-2.0106760258599536e-07
0.000149146160965978,9.998679105306073e-08,-0.0001490461622448081,-1.866268357075878e-07
0.0001432789425446434,9.276835551775849e-08,-0.00014318616355572415,-1.7321939780949025e-07
0.0001376423675915772,8.606768563221422e-08,-0.00013755629042869698,-1.607681184506995e-07
0.00013222732589015105,7.984581306926975e-08,-0.0001321474716308431,-1.4920118671130338e-07
0.00012702511970372272,7.406955215194981e-08,-0.0001269510426246158,-1.3845787568245257e-07
0.00012202748546994684,6.87090251390897e-08,-0.0001219587697372961,-1.2848362595210854e-07
0.00011722644047767802,6.373568514708603e-08,-0.00011716269881532493,-1.192261472859321e-07
0.00011261427493391591,5.91223099292443e-08,-0.00011255514729757382,-1.1063543490715364e-07
0.00010818355196380564,5.4843001875779367e-08,-0.00010812870421544127,-1.0266379520225548e-07
0.0001039271076106371,5.0873188013814646e-08,-0.00010387623019294066,-9.526586980984153e-08
9.983805083584602e-05,4.7189620007383314e-08,-9.979085744678289e-05,-8.839865817794604e-08
9.590976352140656e-05,4.3770374246352294e-08,-9.58659897887552e-05,-8.202153884946532e-08
9.21359454017376e-05,4.059671844286984e-08,-9.209534569096112e-05,-7.610001742469649e-08
8.851056308410485e-05,3.765222817464471e-08,-8.847290818983428e-05,-7.060398448281025e-08
