x1,x2,xdot1,xdot2
-1.2,-0.8,1.168,2.464
-1.1712788934822371,-0.740276567519094,1.1246585810628176,2.3036896828283724
-1.1435926509202017,-0.6844417407833605,1.085328945931146,2.1535659723099374
-1.1168472396927318,-0.6322493675266985,1.0494986409017684,2.0129073891389613
-1.090960670947233,-0.5834705379011681,1.0167248606513462,1.8810581871345182
-1.0658612797383433,-0.5378921514114978,0.9866238618185814,1.757420463410271
-1.0414863089488797,-0.4953152827796847,0.9588622946717424,1.6414468045961461
-1.0177808929547278,-0.45555428272896553,0.933150165957952,1.5326353330961648
-0.9946968703766405,-0.41843550485780145,0.9092345552280587,1.430524128077853
-0.9721920620248811,-0.38379639932651255,0.886894712985542,1.3346872419315392
-0.950229454782172,-0.3514847665820006,0.8659376306909343,1.2447311432053756
-0.9287765323239,-0.3213577962094566,0.8461943997933792,1.1602911006162784
-0.9078047923545118,-0.29328155452286186,0.827517158395678,1.0810288336588147
-0.8872891592180754,-0.2671302715949825,0.8097763228912594,1.0066297744295165
-0.8672076256129804,-0.24278574602346722,0.7928583998628628,0.9368009315997163
-0.8475408456889524,-0.22013693557541475,0.7766639457495067,0.8712691622175162
-0.8282717885637942,-0.19907935302798294,0.7611058849746997,0.8097791994943659
-0.8093854950723106,-0.17951472701810164,0.7461080610144625,0.7520923818162728
-0.790868767623226,-0.16135058789232257,0.7316038922122508,0.6979852203457733
-0.7727099817054965,-0.1444998497848871,0.7175353129475912,0.6472481290661596
-0.7548988719489736,-0.1288805621645177,0.7038517425797711,0.5996845084509352
-0.7374263446062184,-0.1144155158278778,0.6905092412608901,0.5551095998873291
-0.7202843487136567,-0.10103200276812886,0.6774697621959902,0.5133497313373716
-0.7034657052919343,-0.08866155111048898,0.6647004426488189,0.4742415013341051
-0.6869640095525809,-0.07723963577566437,0.6521730536879815,0.43763100180366377
-0.6707735091062098,-0.0667055059293741,0.6398634322079968,0.40337327216994334
-0.6548890073387158,-0.05700191557997176,0.6277510340872023,0.3713315983197966
-0.6393057895871996,-0.048074957904960705,0.6158185108204807,0.34137705136974905
-0.624019530921523,-0.03987386714685329,0.6040513212730749,0.3133879592766171
-0.6090262472716709,-0.03235082998552752,0.5924374209519111,0.2872494418905437
-0.594322222281967,-0.025460846591579513,0.5809669332323777,0.26285303552206446
-0.5799039661338542,-0.019161543804934296,0.5696319065287031,0.24009625357253317
-0.5657681658448062,-0.013413058951972283,0.5584260523021344,0.21888228839398222
-0.5519116466800238,-0.008177878086569022,0.5473445415223402,0.1991196356177713
-0.5383313404537389,-0.0034207239151352693,0.5363838028510491,0.18072182709910212
-0.5250242525104066,0.000891577817911853,0.5255413503463953,0.16360712379864303
-0.5119874405025336,0.004790207028802725,0.5148156268624132,0.1476982694817958
-0.4992179893623535,0.008304462527314376,0.5042058622211713,0.13292223548716578
-0.48671299593852135,0.011461861792911594,0.4937119480576239,0.11921000066344746
-0.4744695519283079,0.01428824252940711,0.4833343256330984,0.10649632836541534
-0.4624847326499467,0.01680784997822686,0.47307388342529305,0.09471957680412188
-0.45075558597014537,0.01904343061394435,0.4629318704038735,0.08382149774208475
-0.43927912561896204,0.02101630919036829,0.45290981406942415,0.07374707174199932
-0.4280523229380063,0.022746471307798836,0.44300945034024836,0.06444433208797629
-0.4170721058119007,0.024252638082773396,0.4332326648253331,0.05586420870227717
-0.4063353510213077,0.025552331364082886,0.42358142995800063,0.04796038776559983
-0.3958388880506413,0.026661951765232325,0.4140577699438661,0.04068915164543624
-0.3855794931377646,0.02759682773837016,0.40466370419487796,0.034009271840284946
-0.3755538934903465,0.028371291151361746,0.39540122555751456,0.02788185384673162
-0.3657587675627808,0.028998723691792936,0.38627226130385073,0.022270238245840714
-0.3561907445507549,0.029491613358609132,0.3772786461331992,0.017139881184954416
-0.3468464118213955,0.029861613726161015,0.36842211068986414,0.01245823258370421
-0.3377223125894438,0.030119578910076234,0.3597042484245351,0.00819465843230472
-0.32881495260447013,0.030275623629448516,0.35112651403488837,0.004320316574870933
-0.32012080453170394,0.03033916148064941,0.34269020858675114,0.000808074735116418
-0.3116363077571679,0.03031894043193724,0.33439646206805035,-0.002367567876362331
-0.3033578775618937,0.030223096479886604,0.32624624252059087,-0.0052305918324590805
-0.2952819071096348,0.030059179584327918,0.3182403411949136,-0.007803516368874039
-0.2874047700398633,0.02983418926115998,0.31037936865787974,-0.010107477417319932
-0.2797228290944399,0.029554618923147473,0.30266376672319467,-0.012162321176336609
-0.2722324374604898,0.029226475694995348,0.2950937973820225,-0.013986651386582998
-0.2649299426694362,0.0288553131504129,0.2876695466529311,-0.015597901587127358
-0.2578116941319076,0.02844626821369512,0.28039093786568,-0.01701241464869168
-0.2508740445785626,0.0280040773008351,0.2732577249696767,-0.01824548285574623
-0.24411335382149799,0.027533103595603903,0.26626949880923184,-0.01931140948281989
-0.23752599547808306,0.027037369793857756,0.2594257027316247,-0.020223580471002908
-0.23110835861525336,0.026520571246658988,0.25272562930962894,-0.020994498440216044
-0.22485685065801161,0.025986096657785243,0.24616842583150544,-0.021635831342866885
-0.21876790338688107,0.025437058324362046,0.23975311217688272,-0.022158479317349055
-0.21283797465881807,0.02487630302535017,0.23347858012183662,-0.02257260397657973
-0.20706355069986404,0.02430642772667659,0.2273435982426084,-0.022887667036292077
-0.20144115067155208,0.023729804070903335,0.2213468275126528,-0.023112485831479304
-0.19596732886017545,0.02314859184881043,0.21548682653979723,-0.023255267309265568
-0.19063867632967144,0.02256474931593293,0.20976205449256413,-0.023323635684228326
-0.1854518239262289,0.02198004944840911,0.20417088116648108,-0.023324671498279218
-0.18040344493087643,0.021396098922483904,0.198711599890402,-0.02326495607921115
-0.17549025579156532,0.020814343354703967,0.19338242759470892,-0.02315058878273452
-0.17070901855230503,0.020236078664898235,0.18818151231461766,-0.022987215920741738
-0.1660565428068697,0.019662466540451146,0.1831069443739104,-0.02278006783552044
-0.16152968653335892,0.01909454478322855,0.1781567626499218,-0.022533985787517984
-0.15712535688775534,0.01853323234601119,0.17332895663644599,-0.022253438025759686
-0.15284051268135967,0.017979338437012847,0.16862147407486475,-0.021942543484005175
-0.1486721647383689,0.017433575930186546,0.1640322306904182,-0.021605104319577476
-0.14461737594945798,0.016896567392695728,0.15955911355104585,-0.021244623529487337
-0.14067326183709913,0.016368849118822793,0.15519998343747063,-0.020864318280112155
-0.13683699314336428,0.01585087866243072,0.15095268254591715,-0.020467139709351163
-0.13310579493203295,0.0153430444973672,0.14681504092180045,-0.020055797408041358
-0.12947694597394083,0.014845671971818183,0.14278488013148546,-0.01963277622039309
-0.1259477787678582,0.0143590245875516,0.13886001355374963,-0.019200343389168786
-0.12251568173093438,0.013883311279928492,0.1350382543339483,-0.01876056719785962
-0.11917809954874799,0.013418690629401455,0.1313174189400337,-0.01831532961157214
-0.11593253039219746,0.012965279196507381,0.1276953314891109,-0.01786634743113209
-0.1127765257728002,0.012523152205560419,0.12416982390038694,-0.017415177551890995
-0.10970769034051597,0.012092345567683698,0.1207387372657757,-0.016963224743457073
-0.1067236849337163,0.011672862262774442,0.11739993049696514,-0.016511757570050196
-0.1038222259275461,0.011264674323148332,0.11415128140063192,-0.016061915888366408
-0.10100108072911297,0.010867729284360491,0.11099068809123999,-0.015614727583651705
-0.09825806764794234,0.010481950467433988,0.10791606915688712,-0.015171112220123406
-0.09559105589512035,0.010107236996719147,0.1049253637264806,-0.01473188401315188
-0.09299796671910028,0.009743468484375462,0.1020165369972049,-0.014297763880418793
-0.09047677548694424,0.009390508849848933,0.09918758596806042,-0.013869389558188918
-0.08802550635211126,0.009048207320964606,0.09643653524827044,-0.013447320780801866
-0.08564223096589735,0.008716400519632397,0.09376143789633484,-0.01303204600437513
-0.08332506847743565,0.008394912461847107,0.09116037561468636,-0.01262398470163261
-0.08107218568771528,0.008083556664620881,0.08863146106679111,-0.012223493753931731
-0.0788817993409412,0.007782139763086603,0.08617284375423984,-0.0118308765658145
-0.07675217186681085,0.007490461550737991,0.08378270606370565,-0.0114463855697125
-0.07468160911166882,0.007208316317919293,0.08145926250030162,-0.011070226992133728
-0.07266846033735844,0.0069354928539260546,0.07920075992138405,-0.010702562631170767
-0.07071111832217888,0.006671775583118433,0.07700547893515579,-0.010343513813612957
-0.06880802097675731,0.006416947825845575,0.07487173881811686,-0.009993169401248427
-0.06695764788475711,0.006170791068581965,0.07279789362890667,-0.00965158617100846
-0.06515851789833614,0.005933085689021343,0.07078233073130911,-0.009318791905218012
-0.06340918912151099,0.005703610978499436,0.06882347102224146,-0.008994786797970344
-0.06170825895348975,0.00548214619896795,0.06691977019464425,-0.008679546864093331
-0.060054365212930616,0.0052684726188352154,0.06506972200875315,-0.008373029168993601
-0.058446182557802775,0.005062372774931784,0.0632718542420311,-0.008075171796515564
-0.05688242085004729,0.004863630706968301,0.06152472748602921,-0.007785895532879464
-0.0553618251326921,0.0046720319808166355,0.05982693533947968,-0.0075051049524196035
-0.05388317580149511,0.0044873649388595515,0.05817710596124584,-0.007232691897046206
-0.05244528894226206,0.004309421556273864,0.05657390341158169,-0.006968538113205315
-0.051047012697409314,0.004137996728422094,0.05501602352860133,-0.006712514953646507
-0.04968722656658205,0.003972888311358265,0.053502193436620174,-0.006464484332389215
-0.04836484133032362,0.0038138972321488645,0.052031171734886056,-0.006224299738153301
-0.04707879950688997,0.0036608287922766445,0.0506017503593741,-0.005991809566747323
-0.04582807437850942,0.0035134925401534983,0.049212753640696126,-0.005766857639561682
-0.0446116671695181,0.003371701708261652,0.04786303509025666,-0.005549282907936989
-0.0434286068652653,0.0032352732207102195,0.046551477358932364,-0.005338920104865778
-0.04227795009544151,0.003104027955256274,0.04527699249950804,-0.005135600871948962
-0.04115878172283632,0.0029777918079678216,0.04403852370437198,-0.004939156428190792
-0.04007021272885454,0.002856394943975126,0.0428350425903955,-0.004749416719068858
-0.039011378548338985,0.0027396714792883407,0.04166554733868604,-0.0045662103648316
-0.03798143904812081,0.0026274594833595797,0.04052906277770549,-0.00438936513941949
-0.036979578429926156,0.002519601414389784,0.039424640805823474,-0.004218709296266532
-0.036005005638415945,0.0024159446852303674,0.038351361442035256,-0.004054073111847316
-0.03505695175349042,0.0023163407654699366,0.037308329441792576,-0.0038952876111919403
-0.03413466926032947,0.002220645036600248,0.03629467350983457,-0.0037421846858932467
-0.03323743200388252,0.00212871680462659,0.035309546344469665,-0.0035945974775255514
-0.03236453525091378,0.0020404198261367266,0.03435212528553877,-0.0034523617670688686
-0.031515295542839786,0.0019556223924881385,0.033421612321192354,-0.0033153164730847545
-0.03068904836693895,0.0018741965412312172,0.03251723106152778,-0.0031833024686614437
-0.029885147865011612,0.0017960179971742536,0.03163822645145485,-0.003056162756600342
-0.02910296675688882,0.0017209661985092212,0.030783864777746087,-0.0029337427925868968
-0.028341896521052373,0.0016489248125149758,0.02995343440844151,-0.0028158917659839274
-0.0276013468177048,0.001579781521548758,0.029146245061115583,-0.002702462435406782
-0.026880743608629618,0.0015134273902586615,0.028361625355970022,-0.0025933101543455937
-0.026179529035640966,0.0014497568408773963,0.027598922715470067,-0.002488293037438012
-0.025497161330420726,0.0013886676821508565,0.026857503345430668,-0.0023872722227560117
-0.024833115032965095,0.0013300615602865671,0.026136752935869645,-0.0022901129592288482
-0.02418688027641884,0.0012738436416566885,0.025436075675154227,-0.0021966841768098857
-0.023557961229761108,0.0012199220841937143,0.02475489221222461,-0.002106857646005672
-0.02294587603091704,0.0011682080232011964,0.024092639608935276,-0.0020205081103066647
-0.022350156702486447,0.0011186155892192813,0.023448771304738613,-0.0019375134756631429
-0.021770349334836764,0.0010710622770161993,0.022822757691908956,-0.001857755687935902
-0.021206013515511928,0.0010254686783995118,0.02221408531178834,-0.0017811203512669788
-0.020656720903599934,0.0009817579841024306,0.021622254967164377,-0.0017074958971113278
-0.020122055163637152,0.0009398559683049364,0.021046781665030004,-0.001636773674204799
-0.019601611907922867,0.0008996909917264873,0.020487194584723853,-0.0015688480698196805
-0.019094998768361782,0.0008611942677873731,0.01994303743336298,-0.0015036171487965034
-0.01860183520015225,0.0008242997667378802,0.019413868176157024,-0.0014409825697875864
-0.01812175105030165,0.0007889436907276102,0.018899257108104403,-0.001380848664777755
-0.017654386437816662,0.0007550644419489201,0.018398786720210687,-0.0013231224676003813
-0.01719939173686196,0.000722602620912409,0.017912051697336645,-0.0012677137961539966
-0.01675642748666901,0.0006915011553562478,0.017438658970851922,-0.0012145355934428976
-0.01632516464337195,0.0006617054419260755,0.016978228125070136,-0.0011635042834722302
-0.015905283210473124,0.0006331628081103272,0.016530389511558385,-0.0011145387958174395
-0.015496471941697933,0.0006058224237452483,0.016094783877290207,-0.0010675604619065978
-0.015098428340994771,0.0005796353010148924,0.015671062376364637,-0.0010224930790088923
-0.014710858554365403,0.0005545543151425272,0.015258886493435311,-0.0009792630146411268
-0.014333477638219008,0.0005305344467396157,0.014857928562055705,-0.0009377997447560368
-0.0139660088406191,0.0005075324453752843,0.014467870723899176,-0.000898035248988818
-0.013608182837442074,0.0004855065810563978,0.014088403928639434,-0.0008599035780304438
-0.013259737726096898,0.00046441664285210336,0.013719227934645119,-0.0008233408989652804
-0.012920419004507012,0.0004442239365431089,0.013360051293536547,-0.0007882855367350023
-0.012589979508890915,0.000424891383255683,0.013010591393099643,-0.0007546782160907901
-0.01226817962512736,0.00040638360027327766,0.01267057475579675,-0.0007224622617579212
-0.011954786205831507,0.0003886664962139722,0.012339735562151392,-0.0006915828444916609
-0.01164957237119414,0.0003717072139601917,0.012017815401082392,-0.0006619869060613695
-0.011352317508981639,0.0003554741306587046,0.011704563275482369,-0.0006336231936225706
-0.011062807217117668,0.0003399368566875162,0.011399735549075963,-0.000606442291261166
-0.010780833393266435,0.0003250663804616155,0.011103096184536443,-0.0005803969397312098
-0.010506194107556483,0.0003108349758053416,0.010814416529288842,-0.0005554418828352905
-0.010238692750509055,0.00029721591784533086,0.010533474186383682,-0.0005315333381470657
-0.009978137983199395,0.0002841834705021653,0.010260052956196588,-0.0005086289984372707
-0.00972434373725673,0.00027171288649037136,0.009993942840142241,-0.0004866880563085482
-0.00947712914572723,0.0002597804084168928,0.009734939976160047,-0.00046567123072691004
-0.009236318687501898,0.0002483634065810864,0.009482846923224186,-0.0004455410634239147
-0.009001741949461623,0.00023744024575398054,0.009237472294559047,-0.0004262616766331428
-0.008773232952667529,0.00022699007673373384,0.00899862987994436,-0.00040779838360240485
-0.0085506301316364,0.0002169928316097668,0.008766138622890716,-0.0003901176978307046
-0.008333776334340657,0.00020742922376276116,0.008539822623098582,-0.0003731873507310325
-0.00812251876707797,0.0001982807467190586,0.008319511082527927,-0.0003569763067651969
-0.007916709092009797,0.00018952978179902991,0.008105038512091406,-0.0003414549938895535
-0.00771620332385148,0.00018115951909631025,0.00789624455200107,-0.00032659516195161054
-0.007520861187548938,0.00017315376443885645,0.007692973139646638,-0.0003123695170762849
-0.007330546088273232,0.00016549693263632917,0.007495072474595835,-0.00029875172170127956
-0.007145125111420611,0.0001581740474800948,0.007302395020213806,-0.00028571640724547756
-0.006964469000595078,0.00015117073961683043,0.007114797481068021,-0.00027323918215751096
-0.006788452131348765,0.00014447330145618396,0.006932140832731994,-0.00026129675350859975
-0.006616952680135033,0.00013806871648088315,0.006754290521285068,-0.00024986699529907857
-0.006449851976041198,0.00013194445904701697,0.006581115617304285,-0.00023892856378632843
-0.00628703440404421,0.00012608847178014753,0.00641248869777633,-0.00022846086260171374
-0.0061283874050106395,0.00012048916557530919,0.006248285847158147,-0.00021844405183908254
-0.005973801475696658,0.00011513541959700822,0.006088386658382071,-0.0002088590567513951
-0.005823170091944396,0.00011001658615002935,0.005932674161859156,-0.0001996875863482293
-0.005676389910958483,0.00010512258076506291,0.00578103511831805,-0.00019091232007738707
-0.0055333604573365985,0.00010044375686355921,0.005633359580990226,-0.00018251666695662865
-0.005393983783156214,9.597082318767614e-05,0.005489540474292746,-0.00017448460974358094
-0.005258164467142249,9.169484366111568e-05,0.005349473593548358,-0.00016680071118412097
-0.005125809614667109,8.760723738912496e-05,0.005213057605640455,-0.00015945012025476166
-0.004996828849691936,8.369977777905115e-05,0.005080194040699531,-0.0001524185764262341
-0.004871134252766086,7.996461560214715e-05,0.004950787253665778,-0.00014569246185921168
-0.00474864058635237,7.639433029340038e-05,0.004824744701271852,-0.00013925890813578897
-0.004629264819682251,7.298179338677881e-05,0.004701976331430147,-0.00013310553111110898
-0.004512926001910193,6.972014210750598e-05,0.00458239443054396,-0.0001272203835557817
-0.004399545262113647,6.66027793720605e-05,0.004465913623931764,-0.00012159195963608901
-0.004289045809293042,6.362337378817576e-05,0.004352450876229442,-0.00011620919920382299
-0.004181352919402012,6.077585857308609e-05,0.0042419254777241585,-0.00011106148980421714
-0.004076393898238802,5.80544576138549e-05,0.004134259033583231,-0.00010613872289955068
-0.003974098265154161,5.545371448346245e-05,0.004029375676829204,-0.00010143135475426412
-0.003874397325612923,5.2968383755012676e-05,0.003927201532916445,-9.693019472799542e-05
-0.0037772240894663484,5.0593415944893506e-05,0.0038276646232756613,-9.262637879656008e-05
-0.0036825132709521155,4.8323957512776564e-05,0.0037306948655730153,-8.851137263111006e-05
-0.003590201288694342,4.61553508616178e-05,0.0036362240739558453,-8.45769745472301e-05
-0.003500226261386516,4.4083133936009755e-05,0.003544185954568056,-8.081531754347961e-05
-0.0034125279478618748,4.21030526461325e-05,0.003454516058232931,-7.721889709530198e-05
-0.0033270479518204524,4.021110095183953e-05,0.003367152025363442,-7.378065305945146e-05
-0.0032437293829564095,3.840343524373285e-05,0.0032820331619190972,-7.049380230155283e-05
-0.003162516740904256,3.66763543107008e-05,0.0031991003035473546,-6.73518013395018e-05
-0.0030833559152388264,3.502629933991753e-05,0.003118295815740937,-6.43483484598121e-05
-0.0030061941854752994,3.344985391684343e-05,0.003039563593987063,-6.147738574521556e-05
-0.0029309802210691917,3.194374402522495e-05,0.002962849063908877,-5.8733101016670616e-05
-0.0028576640387263934,3.0504838639638618e-05,0.0028880991393017215,-5.610993102433921e-05
-0.0027861970999862808,2.9130187392782986e-05,0.002815262357424155,-5.360263821758279e-05
-0.0027165322522818293,2.7816986044874057e-05,0.0027442887857349017,-5.120624360313568e-05
-0.002648623475341872,2.6562532816206968e-05,0.0026751297248396935,-4.89159418439347e-05
-0.0025824258765700407,2.536422784073617e-05,0.002607737703420125,-4.6727101636685215e-05
-0.0025178956910447583,2.4219573166075287e-05,0.0025420664783237026,-4.463526710556152e-05
-0.002454990281519235,2.3126172753496995e-05,0.002478071034649245,-4.2636159137581655e-05
-0.0023936681368646718,2.2081732361051985e-05,0.0024157075841543963,-4.072567643243926e-05
-0.002333888817248466,2.108406559493943e-05,0.002354933516551474,-3.8899908983112394e-05
-0.002275613127471089,2.0131122954595823e-05,0.0022957076019075517,-3.715519684564039e-05
-0.002218802892179496,1.9220941803279094e-05,0.002237989715997764,-3.548803184195173e-05
-0.002163420845817536,1.8351631279993267e-05,0.0021817407152561964,-3.3895028706315814e-05
-0.002109430632625965,1.752137229948865e-05,0.00212692243682989,-3.237292604266083e-05
-0.0020567968066424313,1.6728417552261616e-05,0.0020734976986300515,-3.091858724223453e-05
-0.002005484831701488,1.597109150455479e-05,0.0020214302993806364,-2.9529001362998735e-05
-0.001955461079138733,1.5247790262936456e-05,0.001970685016233348,-2.820128370665706e-05
-0.0019066927799926909,1.455698756623867e-05,0.0019212275629964567,-2.6932688718111586e-05
-0.0018591481850569714,1.3897256174371603e-05,0.0018730247715844678,-2.5720653164342827e-05
-0.0018127963612384341,1.3267228694956327e-05,0.001826044349306269,-2.456271900152107e-05
-0.001767607104985711,1.266558743285602e-05,0.0017802547821926988,-2.3456513939154462e-05
-0.0017235509422892173,1.2091064390176096e-05,0.001735625335027055,-2.2399752069952562e-05
-0.0016805991286811457,1.1542441266264148e-05,0.001692126051374022,-2.1390234473734e-05
-0.0016387236492354613,1.1018549457709876e-05,0.0016497277536071098,-2.04258497962816e-05
-0.0015978972185679142,1.0518270058345237e-05,0.001608402042934683,-1.950457480402623e-05
-0.001558093243672539,1.0040535148290874e-05,0.001568121263548848,-1.8624477562994937e-05
-0.001519285919439322,9.584347059445908e-06,0.0015288586174079402,-1.7783756295887864e-05
-0.0014814501694626878,9.148757966967805e-06,0.0014905880846864234,-1.6980699171174993e-05
-0.0014445614991965476,8.732853889947259e-06,0.0014532842609708888,-1.6213653024917932e-05
-0.001408595995167567,8.335754639029016e-06,0.0014169223564381148,-1.5481023671496766e-05
-0.0013735303249751538,7.95661381641176e-06,0.0013814781958712767,-1.478127630064771e-05
-0.0013393417372914683,7.594618815848207e-06,0.0013469282186753494,-1.4112935858145858e-05
-0.0013060080618614188,7.248990822645062e-06,0.0013132494788917,-1.3474587410701911e-05
-0.0012735077046081926,6.918984676132566e-06,0.0012804196401800907,-1.2864876228047275e-05
-0.00124181961765825,6.603894931394562e-06,0.0012484169519126217,-1.2282520285108596e-05
-0.0012109234285810702,6.303065001103674e-06,0.0012172203875589086,-1.1726328672275427e-05
-0.00118079927071838,6.015864537978864e-06,0.0011868094524335915,-1.1195156925320293e-05
-0.0011514277367897395,5.741685728262695e-06,0.0011571641336090394,-1.0687899956696145e-05
-0.0011227898788925405,5.47994329172129e-06,0.00112826489992437,-1.0203492316156465e-05
-0.0010948672085020017,5.230074481644309e-06,0.0011000927019940076,-9.740908440736839e-06
-0.001067641696471177,4.991539084845014e-06,0.001072628972215817,-9.299162894463716e-06
-0.0010410957730309467,4.7638194216601945e-06,0.0010458556247787962,-8.877310598146647e-06
-0.0010152123226593256,4.54642025495237e-06,0.0010197550504487845,-8.474446873857134e-06
-0.0009899746596306505,4.338874004912873e-06,0.0009943100973353104,-8.089718113799253e-06
-0.0009653666436517458,4.140746751772376e-06,0.0009695041925324831,-7.72233384953949e-06
-0.0009413725316920639,3.9516216842821576e-06,0.0009453211774178587,-7.3715340225097195e-06
-0.0009179769408893076,3.771096704785778e-06,0.0009217452681702399,-7.036584411168862e-06
-0.0008951648485494376,3.598784429219127e-06,0.0008987610557744019,-6.716776794791131e-06
-0.0008729215921466687,3.434312187110399e-06,0.0008763535060255694,-6.411429110599273e-06
-0.0008512328693234684,3.277322021580082e-06,0.000854507959533666,-6.1198856044701655e-06
-0.0008300847378905605,3.1274706893409888e-06,0.0008332101317273516,-5.841516975434673e-06
-0.000809463615826924,2.984429660698241e-06,0.0008124461128578427,-5.575720514187923e-06
-0.0007893562524545335,2.8478862872621374e-06,0.0007922023403443179,-5.3219225985508355e-06
-0.0007697498068044078,2.717552078430597e-06,0.0007724656854146885,-5.07959529781594e-06
-0.0007506318061505386,2.5931532728412616e-06,0.00075322340222072,-4.848237680639632e-06
-0.0007319900576720576,2.474425503149536e-06,0.0007344630341713138,-4.627365339580626e-06
-0.0007138126483311501,2.3611137924123862e-06,0.0007161724138092512,-4.4165104866742544e-06
-0.0006960879448730491,2.252972554088308e-06,0.0006983396628135093,-4.215222051978065e-06
-0.00067880459382604,2.1497655920373515e-06,0.0006809531920014697,-4.023065778115102e-06
-0.0006619515215014585,2.0512661005211116e-06,0.0006640017013310066,-3.839624310951365e-06
-0.0006455179339936891,1.957256664202717e-06,0.0006474741799024693,-3.6644972865409452e-06
-0.000629493316168006,1.8675292455530613e-06,0.0006313599049358169,-3.4973013900460067e-06
-0.0006138674032696629,1.7818872443952763e-06,0.0006156484154400617,-3.337674575512329e-06
-0.0005986302765903283,1.7001503679898659e-06,0.0006003296127491301,-3.185285811149364e-06
-0.0005837722789507565,1.6221462029974147e-06,0.0005853936675825653,-3.0398183617920136e-06
-0.0005692839682739193,1.547708181203575e-06,0.0005708309715867588,-2.9009658204869295e-06
-0.0005551561175850094,1.4766755795190836e-06,0.0005566321373361433,-2.7684321701029307e-06
-0.0005413797150114381,1.4088935199797531e-06,0.00054278799833432,-2.6419318424639866e-06
-0.0005279459637828342,1.3442129697464653e-06,0.0005292896090151311,-2.521189775088179e-06
-0.0005148462822310471,1.282490741105185e-06,0.0005161282447436803,-2.4059414656140913e-06
-0.0005020723037901454,1.2235894914669529e-06,0.0005032954018172965,-2.2959330239940194e-06
-0.0004896158769964147,1.1673777233678802e-06,0.0004907827974664483,-2.1909212225315794e-06
-0.0004774690452990439,1.1137304581993655e-06,0.0004785823503397884,-2.0906749028674625e-06
-0.00046562409852954383,1.0625336002624313e-06,0.0004666862363368064,-1.9949837198459922e-06
-0.0004540735646428505,1.0136794703999194e-06,0.00045508687588521,-1.90364925953536e-06
-0.0004428101355908083,9.670639372371412e-07,0.0004437768569474749,-1.8164793847651124e-06
-0.000431826666794938,9.225864089345112e-07,0.0004327489344859415,-1.7332882557758867e-06
-0.00042111617714643963,8.801498331875574e-07,0.00042199603046336073,-1.6538963655824559e-06
-0.0004106718490061891,8.396606972269083e-07,0.00041151123384340713,-1.5781305739141193e-06
-0.00040048702820474127,8.010290278183048e-07,0.0004012878005911717,-1.5058241397804503e-06
-0.00039055522404232826,7.641683912625942e-07,0.00039131915367362504,-1.4368167527091366e-06
-0.0003808701092888589,7.289958933957278e-07,0.00038159888306005816,-1.3709545627016313e-06
-0.00037142551981804846,6.954321785702881e-07,0.000372120745355612,-1.3080902070773116e-06
-0.0003622154322375385,6.634025882643242e-07,0.00036287864259007866,-1.2480851649180322e-06
-0.00035323403594237154,6.328396156633206e-07,0.00035386669672564163,-1.1908146608377593e-06
-0.0003444756822841134,6.036788309287588e-07,0.0003450791947529004,-1.1361595644464544e-06
-0.0003359348452405475,5.758578830889091e-07,0.0003365105483630533,-1.0840044340297439e-06
-0.0003276061214156745,5.493165000388281e-07,0.0003281552939481549,-1.0342375376042431e-06
-0.0003194842300397139,5.239964885403654e-07,0.0003200080926013625,-9.867508731342895e-07
-0.00031156401296910204,4.998417342221556e-07,0.00031206373011716693,-9.414401879378647e-07
-0.00030384043468649426,4.767982015796265e-07,0.0003043171169916156,-8.982049973089663e-07
-0.0002963085823007623,4.548139339749904e-07,0.0002967632884225197,-8.569486023829283e-07
-0.00028896366554699777,4.3383905363725447e-07,0.0002893974043096565,-8.175781072706946e-07
-0.0002818010167865084,4.1382576166221017e-07,0.00028221474925495434,-7.800044354872744e-07
-0.0002748160791593265,3.9472863431977935e-07,0.00027521072101142576,-7.441429422208556e-07
-0.00026800443099184873,3.7650680027590077e-07,0.000268380857067732,-7.099177755330428e-07
-0.00026136180672520145,3.591221274683073e-07,0.0002617208537640233,-6.772582585278176e-07
-0.00025488403337455787,3.4253767706195743e-07,0.0002552265012057121,-6.460958318423452e-07
-0.00024856702860713895,3.267176901200887e-07,0.0002488936813282627,-6.163640396138281e-07
-0.00024240680074221488,3.116275876042224e-07,0.00024271836789730187,-5.879985409807993e-07
-0.00023639944875110267,2.9723397037415634e-07,0.00023669662650871941,-5.609371211264175e-07
-0.0002305411622571673,2.8350461918796904e-07,0.00023082461458876773,-5.351197018790067e-07
-0.0002248282215358231,2.7040849470202227e-07,0.00022509858139415636,-5.104883518846679e-07
-0.00021925699751453118,2.579157374709548e-07,0.000219514868012138,-4.869872963664573e-07
-0.00021382395177280068,2.4599766794768604e-07,0.0002140699073605936,-4.645629264843299e-07
-0.00020852563654218998,2.3462678648341797e-07,0.0002087602241881134,-4.431638083096406e-07
-0.00020335868403120928,2.2377704759704464e-07,0.00020358242467320158,-4.2274124257154617e-07
-0.00019831983013274818,2.1342536044715012e-07,0.00019853322163201036,-4.0325226787997097e-07
-0.00019340593016806796,2.0355015529877597e-07,0.00019360944882912105,-3.846567983030466e-07
-0.0001886139066599062,1.9413050918817144e-07,0.00018880800787652335,-3.669158949050358e-07
-0.00018394074804908877,1.8514614338165168e-07,0.00018412586694773432,-3.4999176748758835e-07
-0.000179383508694531,1.765774233755996e-07,0.00017956006077784437,-3.3384778083626264e-07
-0.0001749393088732354,1.6840535889646188e-07,0.00017510769066355817,-3.184484607194966e-07
-0.00017060533478029292,1.606116039007512e-07,0.0001707659244632365,-3.037594996482049e-07
-0.00016637883852888376,1.5317845657504763e-07,0.00016653199659693584,-2.8974776240396303e-07
-0.00016225713815027541,1.460888593359953e-07,0.00016240320804644323,-2.7638129134356007e-07
-0.00015823761759382415,1.3932639883030481e-07,0.0001583769263553125,-2.63629311487548e-07
-0.00015431772672697423,1.32875305934752e-07,0.00015445058562889684,-2.5146223540019534e-07
-0.00015049498106308555,1.2672045770837702e-07,0.00015062168626415963,-2.3985167182164694e-07
-0.0001467669479919988,1.2084794878735005e-07,0.00014688778175159846,-2.2877157536096844e-07
-0.00014313129395531594,1.1524562169524386e-07,0.0001432465263808072,-2.1819930300489389e-07
-0.00013958575558354353,1.0990181438195283e-07,0.00013969564512534324,-2.0811311886680842e-07
-0.00013612811655216308,1.0480520126652631e-07,0.00013623291033988187,-1.9849188406342903e-07
-0.0001327562075816318,9.994479323716981e-08,0.0001328561417602356,-1.8931506008346523e-07
-0.00012946790643738332,9.530993765124605e-08,0.0001295632065033721,-1.8056271202412468e-07
-0.0001262611379298263,9.08903183352728e-08,0.00012635201906742956,-1.7221551169974483e-07
-0.000123133873914345,8.667595558492405e-08,0.000123220541331733,-1.642547406267558e-07
-0.00012008413329130015,8.265720616503082e-08,0.00012016678255681002,-1.56662292889068e-07
-0.0001171099820060275,7.88247633095793e-08,0.00011718879938440378,-1.4942067788788735e-07
-0.00011420953304883865,7.51696567217122e-08,0.00011428469583748725,-1.4251302297988414e-07
-0.00011138094645502075,7.168325257372803e-08,0.00011145262332027567,-1.3592307600752634e-07
-0.00010862242930483728,6.835725350708231e-08,0.00010869078061823961,-1.29635207725314e-07
-0.00010593222989302569,6.518381836932917e-08,0.00010599740818734124,-1.2363465434059303e-07
-0.00010330864785078357,6.215626270465435e-08,0.00010337079897646465,-1.1790891937685437e-07
-0.00010075005704268858,5.9268405558997566e-08,0.00010080932067121139,-1.1244646672153213e-07
-9.825486631449247e-05,5.651422771551324e-08,9.831137609996968e-05,-1.072360441783392e-07
-9.582151738060489e-05,5.388787681273576e-08,9.587540112652311e-05,-1.0226669570959859e-07
-9.344848482409393e-05,5.138366734458002e-08,9.349986465005782e-05,-9.752776309960869e-08
-9.113427609668509e-05,4.8996080660340304e-08,9.118326860516757e-05,-9.300888755288052e-08
-8.887743151876176e-05,4.671976496469084e-08,8.892414796186028e-05,-8.870001122935837e-08
-8.667652427936575e-05,4.454953531768629e-08,8.672107072556433e-05,-8.459137871868169e-08
-8.453016043619633e-05,4.24803736347608e-08,8.457263793713285e-05,-8.067353845550014e-08
-8.243697891561065e-05,4.050742868672841e-08,8.247748367284933e-05,-7.693734407781713e-08
-8.039565151262426e-05,3.8626016099783614e-08,8.043427504443307e-05,-7.337395573028363e-08
-7.840488289091015e-05,3.683161835550032e-08,7.844171219904268e-05,-6.997484131431824e-08
-7.646341058279926e-05,3.511988479083249e-08,7.649852831928116e-05,-6.673177768689274e-08
-7.45700033683121e-05,3.3486653440787375e-08,7.4603488024073e-05,-6.36368956401647e-08
-7.272345670993288e-05,3.192838679692083e-08,7.275538323917568e-05,-6.068355290033676e-08
-7.092262680688488e-05,3.044198031609282e-08,7.095306705998079e-05,-5.786594923627244e-08
-6.91663996385814e-05,2.9024396367505682e-08,6.919542242893851e-05,-5.517839823163299e-08
-6.745368359591114e-05,2.7672675096745904e-08,6.748135477770878e-05,-5.261535053509743e-08
-6.578340948123736e-05,2.638393442578357e-08,6.580979202716302e-05,-5.017139467378145e-08
-6.415453050839829e-05,2.515537005297263e-08,6.41796845873865e-05,-4.784125783509346e-08
-6.256602230270749e-05,2.3984255453051176e-08,6.259000535768097e-05,-4.561980661803262e-08
-6.1016882900953146e-05,2.2867941877140906e-08,6.103974972656586e-05,-4.3502047754912635e-08
-5.9506132751398425e-05,2.1803858352747393e-08,5.952793557178054e-05,-4.148312880447856e-08
-5.803281471378175e-05,2.0789511683760335e-08,5.805360326028641e-05,-3.95583388173582e-08
-5.659599405931624e-05,1.982248645045304e-08,5.6615815648268035e-05,-3.7723108974768786e-08
-5.5194758470689955e-05,1.8900445009482723e-08,5.521365808113504e-05,-3.5973013201382766e-08
-5.382821804206623e-05,1.8021127493890658e-08,5.3846238393523976e-05,-3.4303768753230784e-08
-5.2495505279083064e-05,1.7182351813101794e-08,5.251268690929918e-05,-3.2711236781499844e-08
-5.119577517652124e-05,1.6382015911516866e-08,5.121215652148076e-05,-3.119142738547879e-08
-4.992822133790537e-05,1.5618576673609525e-08,4.994383929073277e-05,-2.974145697563893e-08
-4.869205907410274e-05,1.4890623981458771e-08,4.870694911804008e-05,-2.8358697992791997e-08
-4.748651194157452e-05,1.4196526491743422e-08,4.7500707928751443e-05,-2.7040071693660462e-08
-4.6310821565866155e-05,1.3534717917795938e-08,4.632435578234082e-05,-2.578262051912858e-08
-4.516424764160761e-05,1.2903697029602544e-08,4.51771508724086e-05,-2.4583508500185614e-08
-4.404606793251285e-05,1.2302027653802956e-08,4.4058369526681895e-05,-2.344002164741659e-08
-4.295557827138013e-05,1.1728338673690516e-08,4.296730620701577e-05,-2.2349568324603834e-08
-1.0,0.7,1.1400000000000001,-0.7999999999999999
-0.9716392541385901,0.6800276151289568,1.123073649461512,-0.7936055261481162
-0.9437110840031827,0.6602295381318075,1.1054878756379594,-0.7861047102213378
-0.9162314451101562,0.6406324681523801,1.0872898235987432,-0.7775768996995731
-0.8892150613085619,0.6212611641990164,1.0685283981380926,-0.7681002732432393
-0.8626754135649586,0.6021384619910062,1.0492538381787972,-0.757751602480329
-0.8366247366009921,0.5832852808296192,1.0295173018807589,-0.7466059917236307
-0.8110739635883663,0.5647206675728715,1.0093704470263603,-0.7347367504991775
-0.7860327209110197,0.5464618271506412,0.9888650465662803,-0.7222151912956138
-0.7615093514776698,0.5285242504054568,0.9680526745499418,-0.7091106053781489
-0.737510913861174,0.5109217295838697,0.9469843620874986,-0.695490050329133
-0.714043190603926,0.49366637668266744,0.9257102755262963,-0.6814181465366342
-0.6911107202890179,0.4767687180142183,0.9042794606087736,-0.6669570194093934
-0.6687168048911737,0.46023770871387487,0.8827395615557868,-0.6521661183414338
-0.6468636136180119,0.4440809165637684,0.86113670103999,-0.6371023123537654
-0.6255521934146933,0.4283045422221485,0.8395152589676089,-0.6218197564327367
-0.6047824689639208,0.4129134192233829,0.8179176504703021,-0.6063697375871083
-0.5845533043145446,0.3979110951106229,0.7963842030489005,-0.5908006508702143
-0.5648626068448084,0.3832999720054307,0.7749531217378153,-0.5751580852439538
-0.5457073570156694,0.36908134760142414,0.7536603792384097,-0.559484783502232
-0.5270836889894984,0.35525552017765544,0.7325396970798563,-0.5438207112360439
-0.508986891243521,0.34182178939957003,0.7116224326864632,-0.5282029855244937
-0.49141146869310237,0.3287785266870542,0.6909375644409248,-0.5126659144362413
-0.47435125978835513,0.31612330835102587,0.6705117764875635,-0.497241146104372
-0.45779947096561646,0.3038529598897178,0.6503694514242547,-0.48195770640959656
-0.4417487339639271,0.291963622745534,0.6305327081403721,-0.46684207911582853
-0.42619111667114884,0.2804507660432798,0.611021382593417,-0.4519182113289191
-0.411118231004184,0.26930930165473294,0.5918531617075041,-0.4372076833910601
-0.3965212805429688,0.25853363666183093,0.5730436462667359,-0.4227297977696004
-0.3823911198140973,0.2481177414327922,0.5546064444531054,-0.40850170175797684
-0.36871826350064385,0.23805515983930065,0.5365531952172924,-0.39453842497524316
-0.35549294255733427,0.2283390675187894,0.5188936684656817,-0.3808529957127355
-0.34270519073584327,0.2189623615161134,0.5016359219580764,-0.3674566143778524
-0.3303448669033412,0.20991768766463212,0.4847863700941893,-0.3543587366756325
-0.31840167914923667,0.20119746692162838,0.4683498570241295,-0.34156715627222467
-0.30686521199894196,0.19279392326700104,0.45232973675759414,-0.32908809153290874
-0.2957250071886292,0.18469916603107128,0.4367280434578826,-0.3169263641361137
-0.28497057489728334,0.1769052045107406,0.42154555714262615,-0.30508547188710833
-0.27459141158971295,0.16940396784712072,0.40678187970880225,-0.2935676697029428
-0.26457702337133926,0.16218732883326736,0.39243551965160306,-0.2823740568889118
-0.2549169862684661,0.15524716502050329,0.37850403974196944,-0.2715047281080882
-0.24560094974801955,0.14857536520009576,0.3649841143062734,-0.26095883448991397
-0.23661864534263505,0.14216383941207547,0.351871592675996,-0.2507346488298807
-0.22795991393983994,0.13600454666555176,0.33916159280274677,-0.24082965991302796
-0.2196147425207863,0.13008953248047425,0.3268486116569815,-0.23124068388146574
-0.21157326031428259,0.12441092789572095,0.3149265677031053,-0.22196390910343278
-0.20382574316557928,0.11896095457057584,0.3033888537577276,-0.21299494899495128
-0.19636264480618826,0.11373195648114845,0.2922284350684402,-0.20432893999712815
-0.1891746083619945,0.10871641288425385,0.28143791338232865,-0.1959606062991593
-0.18225245925734446,0.10390693348333371,0.27100955741169663,-0.18788429162345743
-0.17558721239132413,0.0992962660114236,0.26093535476289714,-0.18009401052963364
-0.16917009925619286,0.09487732392440776,0.2512070981362374,-0.17258353435940543
-0.16299255820434524,0.09064317887688526,0.24181640619409642,-0.1653464133357724
-0.15704623064107098,0.08658705816076356,0.23275475191667686,-0.15837600518638606
-0.15132297527115202,0.08270235938768036,0.22401352099124208,-0.15166553306841252
-0.14581487604520185,0.07898265954436841,0.21558405822062432,-0.14520813224309026
-0.14051422758443982,0.07542170262673525,0.20745767238101587,-0.13899685636127945
-0.1354135370308702,0.0720134019836088,0.1996256674334979,-0.13302470836049107
-0.13050553887298533,0.06875185577115733,0.19207939625539655,-0.1272846941363977
-0.1257831824940766,0.06563133642920152,0.18481026422935462,-0.12176982745940013
-0.12123962490970595,0.06264628460568997,0.17780973987733148,-0.11647314122243221
-0.11686823879453616,0.05979131764507571,0.17106939164890414,-0.1113877241467894
-0.11266261273334265,0.057061230970007024,0.1645809098098603,-0.10650674335527216
-0.10861653580954124,0.054450984539318036,0.15833609849919558,-0.10182343796787686
-0.10472399821572799,0.051955703912258386,0.152326894892943,-0.0973311383431441
-0.10097919830153732,0.04957068796923314,0.1465453996064594,-0.09302329684469357
-0.09737652766464527,0.04729139577922706,0.14098386591635587,-0.08889347867444006
-0.09391056517623111,0.04511344148475973,0.13563470363148797,-0.08493536641848796
-0.09057608204617726,0.0430325998381807,0.13049050244947527,-0.08114278369305991
-0.08736803566455734,0.041044801238578905,0.12554403397637076,-0.07750969828362779
-0.08428155700010938,0.03914612052891195,0.1207882407380688,-0.07403021254760629
-0.08131195142941756,0.037332778218858165,0.11621624880887012,-0.07069857637056036
-0.0784547001761626,0.03560114260415491,0.11182138120516728,-0.06750920122047088
-0.07570544557798449,0.03394771660605322,0.10759714057442459,-0.06445664451800973
-0.07305998779443273,0.032369134994966575,0.10353721190328043,-0.061535612900019555
-0.07051428759746738,0.030862167655913993,0.09963547624060508,-0.058740976458600984
-0.06806445667901609,0.029423711083203116,0.09588600063553235,-0.05606776000860044
-0.06570674920364494,0.028050780861584898,0.09228302956679899,-0.05351113558862338
-0.06343756284593802,0.026740513041174748,0.08882099350584705,-0.0510664314544501
-0.06125343605820853,0.025490162119261313,0.08549451016508142,-0.0487291341811604
-0.05915103615879776,0.02429709035448669,0.082298368057195,-0.04649487366177774
-0.05712715789101539,0.02315876664588472,0.07922752892190761,-0.044359425990546444
-0.05517872426608131,0.02207276782181051,0.07627713435234867,-0.04231872067664168
-0.05330277630015641,0.02103676946229995,0.07344249118907481,-0.04036882734781719
-0.0514964680802345,0.020048541533008904,0.07071906634995553,-0.03850595133117464
-0.0497570675486314,0.01910594946470401,0.0681024921988586,-0.036726439466784576
-0.04808195166998479,0.018206950021726835,0.06558856113890962,-0.03502677559761682
-0.046468597898358624,0.01734958365092853,0.063173212888184,-0.03340356894747346
-0.04491458351568951,0.0165319740552553,0.060852536187437634,-0.031853556223077895
-0.043417585252002434,0.015752328192104745,0.0586227710023486,-0.03037360435874055
-0.04197537025312811,0.015008928174481627,0.056480294173828556,-0.028960697324230938
-0.04058579324893641,0.014300128786293054,0.05442161637894654,-0.02761193360439886
-0.039246796938859775,0.013624358117482775,0.05244338512317523,-0.026324529592989494
-0.037956407021876554,0.01298011321215441,0.050542377465814504,-0.025095813123902605
-0.03671272610666976,0.012365954625268162,0.04871549040777394,-0.023923214695626315
-0.03551393327853755,0.011780506169209311,0.0469597417596823,-0.022804268664271172
-0.034358283376311735,0.011222454490876284,0.045272270449927786,-0.021736613999812405
-0.03324409975055866,0.010690542593399832,0.043650324372468435,-0.020717983085864606
-0.032169772292015994,0.010183568112619982,0.042091257950793395,-0.019746199675647867
-0.031133757579468267,0.009700383656764133,0.04059253372167437,-0.018819180796918005
-0.03013457503914891,0.009239893446503474,0.039151716275718465,-0.01793493132533289
-0.029170802079186844,0.00880104898371313,0.03776646413650548,-0.017091536551060407
-0.028241073645953598,0.008382848739313562,0.03643452986637929,-0.016287162534221418
-0.02734408188898853,0.00798433802664246,0.035153760401367085,-0.015520056764673893
-0.02647857065326761,0.007604604097878065,0.03392208751362904,-0.01478853937345208
-0.025643333539052234,0.007242774442011264,0.032737524876451804,-0.01409100055102548
-0.02483721388154216,0.00689801689906206,0.03159816876373982,-0.013425901482085638
-0.024059102784165606,0.00656953799003425,0.030502195022402485,-0.012791771724001073
-0.023307934611850288,0.006256578924499045,0.02944785119037645,-0.012187201959475915
-0.022582686413309308,0.005958415122567073,0.02843345591968978,-0.011610843609749026
-0.021882377942936328,0.005674356372689934,0.027457399587042172,-0.011061409666717363
-0.021206068349990146,0.005403743918123874,0.026518138537815157,-0.010537669435329074
-0.020552853508478786,0.005145948113143776,0.02561419048743722,-0.010038444353882958
-0.01992186577016874,0.004900368260278243,0.02474413444748246,-0.009562608079097713
-0.019312273791758632,0.004666432560576791,0.023906610813742915,-0.009109086769748873
-0.01872327881057782,0.004443594835485829,0.02310031471404281,-0.008676852969320479
-0.018154113329527915,0.004231333385871735,0.022323993830741944,-0.008264923673274664
-0.017604040977348107,0.00402915093988655,0.021576448446634908,-0.007872360524533809
-0.017072355940379976,0.0038365742173884594,0.020856530669263684,-0.0074982692323639025
-0.01655837960502465,0.00365315099511145,0.020163138391390875,-0.0071417940291364414
-0.016061459908420294,0.003478449551250414,0.019495214277262012,-0.006802116805866953
-0.015580971267803029,0.003312058676912076,0.018851745871849308,-0.00647845735443529
-0.015116313758199969,0.003153586997626442,0.01823176426741049,-0.006170072230271076
-0.014666910307674025,0.0030026605413612404,0.017634339046759633,-0.005876250127938468
-0.014232206314223426,0.002858922415986135,0.017058577711281022,-0.005596311414029898
-0.013811669601284465,0.002722032838025538,0.01650362578474788,-0.0053296083457460485
-0.01340478963806761,0.00259166848447391,0.015968665505864735,-0.005075523937803313
-0.013011075136635495,0.0024675204267051686,0.015452911488402228,-0.004833468007683633
-0.012630053764937331,0.0023492938909564095,0.014955610289371805,-0.004602876827049694
-0.012261272083112793,0.002236708260636623,0.014476040432906045,-0.004383213245415574
-0.011904295056534866,0.002129496682668957,0.0140135116137379,-0.00417396602086209
-0.011558703882842981,0.0020274042142883783,0.01356736076516033,-0.003974646247306007
-0.01122409569964536,0.001930187579448435,0.013136951591005799,-0.0037847869643319915
-0.010900083467079854,0.0018376151112643392,0.012721674451869674,-0.003603943130775094
-0.01058629589382188,0.0017494667194780408,0.01232094631542089,-0.0034316916425051517
-0.010282375472854693,0.0016655322274083974,0.011934207198083607,-0.0032676281075979365
-0.009987978039760011,0.0015856110058855796,0.01156091940732048,-0.003111366188577522
-0.009702772663726288,0.001509511902970012,0.011200567406034135,-0.0029625375275216517
-0.009426441774156604,0.0014370533956163814,0.01085265812964488,-0.002820792108519824
-0.009158679762419271,0.001368062410208448,0.010516718456219638,-0.002685795971422567
-0.008899192136521364,0.001302373627386057,0.010192293705392503,-0.00255722988236248
-0.008647695474033342,0.0012398294480873147,0.009878947588115219,-0.0024347893139676593
-0.008403917445259527,0.001180280058610576,0.009576262322930223,-0.0023181846201651094
-0.008167596368269536,0.0011235830618685893,0.009283837851789671,-0.002207140345476197
-0.007938479881844394,0.0010696023895430805,0.009001289457746708,-0.002101393101385492
-0.007716324841696346,0.001018208219379339,0.008728247600773913,-0.00200069143732113
-0.007500897223665303,0.0009692769166193128,0.00846435778305835,-0.0019047957577426318
-0.007291972284764691,0.0009226911965796694,0.008209280890438077,-0.001813478677278273
-0.007089333490606654,0.0008783392422111734,0.00796269126097309,-0.0017265232948177247
-0.006892771916597018,0.0008361142280432351,0.007724275628904154,-0.0016437222732699332
-0.006702086235709781,0.0007959143114032305,0.007493733118032003,-0.0015648778468599267
-0.006517082655937228,0.0007576426145238786,0.007270775174827096,-0.0014898018092411665
-0.006337574978245695,0.0007212072773650377,0.007055125691454607,-0.0014183156407671438
-0.0061633834800336965,0.0006865205657166081,0.006846519014139552,-0.0013502487538800448
-0.005994334691670074,0.0006534986984758659,0.006644699558210552,-0.001285438167914276
-0.005830261374894378,0.0006220618329606872,0.006449421781393061,-0.0012237284973016234
-0.005671002508739974,0.00059213408701082,0.006260450200636435,-0.001164972012349159
-0.005516403256449792,0.0005636435094604549,0.0060775593379973954,-0.0011090285959882479
-0.005366314019345743,0.0005365213432909041,0.005900532049031703,-0.0010557642908892724
-0.005220590312837951,0.0005107019325532578,0.0057291593129417395,-0.0010050511271778172
-0.005079092751283808,0.0004861227123260931,0.005563240213734374,-0.0009567671147464999
-0.004941687019654634,0.0004627242167657446,0.005402581925815842,-0.0009107962711713553
-0.004808243930957084,0.00044045011968976943,0.005246999817354944,-0.0008670287135597875
-0.004678638595493474,0.0004192466011842583,0.005096315994014268,-0.0008253594069041719
-0.004552750285979853,0.0003990622489742469,0.004950359070339587,-0.0007856879768486
-0.0044304624366534465,0.00037984805783074205,0.004808964172442705,-0.0007479187172199258
-0.004311662572518707,0.00036155739746742283,0.004671972839187348,-0.0007119605344512905
-0.0041962425008878704,0.0003441461642264851,0.004539233368505679,-0.0006777272577772156
-0.004084097666060032,0.0003275722929160926,0.004410599689186553,-0.000645136673584635
-0.003975126883484079,0.0003117955668169895,0.004285930908749224,-0.0006141101533901004
-0.003869232339758678,0.0002967776176824982,0.004165091316196333,-0.0005845726600255758
-0.0037663195597714915,0.0002824819073229755,0.004047950333388201,-0.0005564527168301606
-0.0036662974723989184,0.0002688738019486134,0.003934382657275149,-0.0005296825616035556
-0.0035690782943758673,0.00025592047214851395,0.003824268046362596,-0.0005041979523741969
-0.003474576989597716,0.00024359051100994802,0.0037174904014201124,-0.0004799374108659109
-0.0033827112385879728,0.00023185391370177393,0.0036139377164180753,-0.00045684218620934623
-0.003293401438498252,0.00022068207747443405,0.003513502080235562,-0.0004348562591278067
-0.003206570652772141,0.00021004777898408843,0.003416079605321213,-0.0004139263007574451
-0.0031221447620147598,0.00019992529501794892,0.003321570700462601,-0.0003940019172869121
-0.0030400521422009313,0.00019029016289674004,0.0032298795114837882,-0.0003750351755770998
-0.002960223348830533,0.00018111897046498325,0.0031409133972112873,-0.0003569801875649896
-0.002882591115444324,0.0001723893551732765,0.0030545829281987047,-0.0003397931114232499
-0.0028070903536239664,0.0001640800040782966,0.0029708018877849266,-0.000323432154404548
-0.0027336581054313944,0.00015617063497705522,0.002889487206710741,-0.00030785753797167597
-0.002662233695278397,0.00014864210962250735,0.0028105592288746846,-0.0002930317262960493
-0.0025927584425198954,0.00014147622703283982,0.002733941218607091,-0.0002789190162609247
-0.002525175404258005,0.0001346555611520206,0.0026595589422811713,-0.0002654852158106794
-0.0024594293747842435,0.00012816346052645683,0.0025873406681270264,-0.00025269764534318267
-0.00239546688557955,0.00012198404830499632,0.002517217166885919,-0.00024052513965004772
-0.0023332361763635508,0.00011610221001078385,0.002449121671273092,-0.00022893802538875274
-0.0022726872717106477,0.00011050366194260565,0.002382990021440474,-0.00021790825942421394
-0.002213771913338857,0.00010517488903395485,0.0023187605358005463,-0.0002074093064173369
-0.0021564432338077423,0.00010010294610835605,0.002256373486859443,-0.000197415743764331
-0.002100655743924774,9.527545082946508e-05,0.0021957710820158073,-0.00018790324892623968
-0.0020463653327453192,9.068058370106821e-05,0.0021368974639641163,-0.00017884860075709932
-0.0019935292660163474,8.630708732894457e-05,0.0020796987087817282,-0.00017022967929721094
-0.0019421061463745896,8.214425987678575e-05,0.0020241227799537784,-0.00016202545398329992
-0.00189205607329016,7.81820477900987e-05,0.001970119781225584,-0.0001542161698695129
-0.0018433403502311726,7.441086341675751e-05,0.0019176414820103048,-0.0001467829846454408
-0.0017959213682060696,7.082152121158945e-05,0.001866641137511041,-0.00013970784228671142
-0.0017497626057636172,6.740523773637473e-05,0.0018170734889684527,-0.00013297347396683224
-0.0017048286289929146,6.415363165984728e-05,0.0017688947638944358,-0.00012656339892715425
-0.0016610850871480857,6.10587219627501e-05,0.0017220626701248418,-0.00012046192172545276
-0.001618498687887385,5.811293236577124e-05,0.0016765363756893296,-0.00011465414192992657
-0.0015770373361192345,5.530915962459682e-05,0.0016322767160560255,-0.00010912609119348522
-0.0015366698617042948,5.26406182334715e-05,0.0015892457669365336,-0.00010386442390862082
-0.0014973659478318688,5.0100804708462535e-05,0.001547406737149188,-9.885634654788921e-05
-0.0014590961310199128,4.768349758746048e-05,0.0015067239687618988,-9.408961826318659e-05
-0.0014218318011150247,4.538275743017841e-05,0.0014671629372270138,-8.955255145795963e-05
-0.0013855452012908123,4.319292681750951e-05,0.0014286902515063364,-8.523401233212702e-05
-0.0013502093937464775,4.1108624717093784e-05,0.0013912736142625657,-8.112341019001083e-05
-0.001315798385794292,3.912481408711971e-05,0.0013548820155876355,-7.721083293900411e-05
-0.001282286975427366,3.723670959704348e-05,0.00131948548650623,-7.348686326167656e-05
-0.0012496506262500847,3.5439719770769595e-05,0.0012850549162064498,-6.994246352892685e-05
-0.0012178654674781166,3.372944698665142e-05,0.0012515620521217903,-6.656897619517743e-05
-0.0011869082939384098,3.21016874774909e-05,0.0012189795000086075,-6.335812417604992e-05
-0.001156756566069189,3.055243133053844e-05,0.0011872807240192868,-6.030201120919037e-05
-0.0011273884032713772,2.9077860581277253e-05,0.0011564400382184053,-5.7393118395456034e-05
-0.00109878257662379,2.7674362262994877e-05,0.0011264326124011258,-5.462433063557455e-05
-0.0010709186136399844,2.6338564177763857e-05,0.0010972346126508407,-5.1989008349303365e-05
-0.0010437765949587417,2.5067239147817942e-05,0.0010688229024285415,-4.9480796547525687e-05
-0.001017337117150162,2.3857290347103882e-05,0.0010411749907716782,-4.709359580824892e-05
-0.0009915812927156614,2.270575130128133e-05,0.0010142690323383609,-4.482156252652446e-05
-0.0009664907500879788,2.160978588772312e-05,0.0009880838274491646,-4.265910915344286e-05
-0.0009420476336311676,2.056668833551495e-05,0.0009625988221266201,-4.060090442461185e-05
-0.0009182345996575828,1.957388225130405e-05,0.0009377941031761406,-3.864187163460311e-05
-0.000895034800883563,1.862892862610195e-05,0.000913650390678126,-3.6777204875328295e-05
-0.000872431995172445,1.7729560864770445e-05,0.0008901491817682884,-3.500243917782055e-05
-0.0008504103790472983,1.6873612301164062e-05,0.000867272511752436,-3.33133059146533e-05
-0.0008289545462254743,1.6059001839918236e-05,0.000845002898319326,-3.1705704296011745e-05
-0.0008080494876186117,1.5283733956449507e-05,0.0008233233415643473,-3.0175701528234594e-05
-0.0007876805913326345,1.4545898696955426e-05,0.0008022173240119202,-2.8719532965533574e-05
-0.0007678336426677495,1.384367167841449e-05,0.0007816688106366818,-2.7333602255141524e-05
-0.0007484948241184512,1.3175314088586288e-05,0.0007616622488835163,-2.6014481476133308e-05
-0.0007296506982391939,1.2539171116805963e-05,0.0007421825499840313,-2.475890814874736e-05
-0.0007112882575154848,1.1933699793353359e-05,0.0007232151666684127,-2.356384099553907e-05
-0.0006933949255138263,1.1357453493692366e-05,0.0007047460788470233,-2.242642907374774e-05
-0.0006759584327701201,1.0809041208696534e-05,0.0006867616288087726,-2.1343930535693248e-05
-0.000658966813316029,1.0287126648360361e-05,0.0006692485168643369,-2.0313710940089592e-05
-0.0006424084046789816,9.790428241799435e-06,0.0006521938013580707,-1.9333243348557552e-05
-0.0006262718478821677,9.317719137250277e-06,0.0006355848986792723,-1.8400108418030708e-05
-0.0006105460874445418,8.86782720207047e-06,0.0006194095832728504,-1.751199448920464e-05
-0.000595220371380822,8.439635022738607e-06,0.0006036559876494065,-1.666669767117318e-05
-0.0005802842373078376,8.032079127604299e-06,0.0005883125877243134,-1.5862120377567833e-05
-0.0005657275490397454,7.644170632881875e-06,0.000573368260058294,-1.5096312669918239e-05
-0.0005515405156593783,7.274986747779233e-06,0.0005588122924472036,-1.436745533131018e-05
-0.0005377135805614826,6.923639596191154e-06,0.0005446342418096435,-1.3673797655550158e-05
-0.0005242374171004013,6.5892753037122146e-06,0.0005308239289283809,-1.301365568573157e-05
-0.0005111029285900721,6.271073997636743e-06,0.0005173714384562804,-1.2385412273105477e-05
-0.00049830124830403,5.9682498069588975e-06,0.0005042671189219258,-1.1787517133480983e-05
-0.0004858237394754067,5.680050862372629e-06,0.0004915015827349391,-1.1218486901242537e-05
-0.0004736619952969282,5.405759296271648e-06,0.00047906570619101233,-1.0676905181070096e-05
-0.0004618078384878349,5.144691191764487e-06,0.0004669506289926242,-1.0161422495715691e-05
-0.0004502533009296594,4.896199365421858e-06,0.00045514773667114025,-9.670761909844883e-06
-0.0004389907058862226,4.659692051960942e-06,0.0004436487614889811,-9.203756400009193e-06
-0.0004280125946473578,4.434607080844977e-06,0.00043244568327405647,-8.759297292983897e-06
-0.00041731168109050297,4.220402757238693e-06,0.00042153067486904605,-8.336316090972637e-06
-0.00040688085168070386,4.016557862008357e-06,0.00041089610213432525,-7.933784507538066e-06
-0.0003967131654706125,3.822571651721757e-06,0.00040053452395073406,-7.5507145020488855e-06
-0.0003868018541004864,3.6379638586481794e-06,0.00039043869222220204,-7.1861583126950146e-06
-0.00037714032179819083,3.4622746907584555e-06,0.00038060155187823647,-6.839208488121285e-06
-0.00036772214537919616,3.295064831724912e-06,0.0003710162408762738,-6.508997917728457e-06
-0.0003585410742465801,3.1359154409214105e-06,0.00036167609020390875,-6.194699860689686e-06
-0.00034959101457396135,2.9844293447360592e-06,0.00035257460925495137,-5.895530362989608e-06
-0.00034086608193843564,2.8402448377960948e-06,0.000343705552261728,-5.610775864102553e-06
-0.00033236058109939747,2.7030221464392826e-06,0.0003350628845434277,-5.3397661593573275e-06
-0.00032406894516380535,2.5724334319200755e-06,0.0003266407116790944,-5.0818544551084025e-06
-0.00031598573536060993,2.4481627688057504e-06,0.0003184332792618055,-4.8364173466406695e-06
-0.0003081056410407557,2.329906144976438e-06,0.0003104349728999511,-4.602854838328195e-06
-0.00030042347967718027,2.2173714616251068e-06,0.0003026403182184452,-4.380590362965406e-06
-0.0002929341968648133,2.1102785332575513e-06,0.000295043980859873,-4.169070800299403e-06
-0.0002856328663205787,2.008359087692423e-06,0.0002876407664855809,-3.96776649479134e-06
-0.0002785146898833924,1.911356766061194e-06,0.000280425620776704,-3.7761712726338825e-06
-0.00027157499733886683,1.8190271154875495e-06,0.0002733936292525271,-3.5938024434673355e-06
-0.000264809230212549,1.7311400789678712e-06,0.00026654000355401955,-3.420205800892285e-06
-0.00025821300319080675,1.6474888307019312e-06,0.0002598601516990778,-3.254973288393773e-06
-0.00025178206051948123,1.5678772673265779e-06,0.0002533496219761126,-3.097718011053494e-06
-0.0002455122403659522,1.4921159589514966e-06,0.00024700406325871814,-2.948066161801288e-06
-0.00023939947481913987,1.4200221491592313e-06,0.00024081922500625373,-2.805657033192255e-06
-0.00023343978988950382,1.3514197550051738e-06,0.00023479095726439405,-2.670143028708154e-06
-0.00022762930550904262,1.2861393670175578e-06,0.00022891521066565145,-2.541189673599198e-06
-0.00022196423553129505,1.224018249197474e-06,0.00022318803642987255,-2.4184756252819525e-06
-0.00021644088773133935,1.1649003390188612e-06,0.00021760558636470741,-2.301692683308564e-06
-0.00021105566380579284,1.1086362474285018e-06,0.00021216411286605405,-2.1905457989223015e-06
-0.0002058050593728129,1.0550832588460334e-06,0.00020685996891848076,-2.0847530842139986e-06
-0.0002006856586886197,1.0041055578494156e-06,0.00020168960303880087,-1.9840462755368603e-06
-0.00019569414040520897,9.555799331548204e-07,0.0001966495707372489,-1.8881821483562807e-06
-0.00019082731809059872,9.093943731986245e-07,0.0001917365736339659,-1.7969397071994587e-06
-0.00018608207937364217,8.654407844341702e-07,0.00018694739132365973,-1.7101056447099293e-06
-0.00018145537973572238,8.236146572785885e-07,0.00018227887483355265,-1.6274736816561558e-06
-0.00017694424251075172,7.838150661127932e-07,0.000177727946623614,-1.5488445732509641e-06
-0.00017254575888517141,7.459446692814782e-07,0.00017329160058678167,-1.4740261152174007e-06
-0.00016825708789795253,7.099097090931264e-07,0.0001689669020491734,-1.4028331496095133e-06
-0.00016407545644059495,6.75620011819999e-07,0.00016475098777028548,-1.3350875703962843e-06
-0.00015999815925712825,6.429889876981451e-07,0.00016064106594318285,-1.2706183288168885e-06
-0.00015602255894411126,6.119336309273969e-07,0.00015663441619467785,-1.2092614385151126e-06
-0.00015214608595063176,5.82374519671367e-07,0.00015272838958550012,-1.1508599804606758e-06
-0.00014836623755234925,5.542358410355099e-07,0.00014892040760947558,-1.0952641578037557e-06
-0.00014468056811503275,5.274481828135401e-07,0.00014520795524864408,-1.042336885553027e-06
-0.00014108673816423174,5.019503259168425e-07,0.0001415886318353212,-9.919573712221914e-07
-0.00013758247265378812,4.77683564771929e-07,0.00013806010364185125,-9.440097674749397e-07
-0.00013416554473233956,4.545910294291117e-07,0.00013462008696940619,-8.983818228222281e-07
-0.00013083377574331923,4.3261768556250054e-07,0.00013126634814807753,-8.549648849998492e-07
-0.00012758503522495668,4.1171033447000886e-07,0.00012799670353696467,-8.136539042120057e-07
-0.0001244172409102768,3.9181761307334707e-07,0.00012480901952425705,-7.743474362452587e-07
-0.00012132835872710072,3.728899939180283e-07,0.00012170121252731399,-7.369476454572094e-07
-0.00011831640279804542,3.5487978517336554e-07,0.0001186712489927391,-7.013603076440894e-07
-0.00011537943544052335,3.3774113063247027e-07,0.00011571714539645104,-6.674948127913962e-07
-0.00011251556716674336,3.2143000971225663e-07,0.00011283696824375174,-6.352641677116009e-07
-0.00010972295668370966,3.0590423745343667e-07,0.00011002883406938918,-6.045849985728242e-07
-0.00010699981073262866,2.9112346884870325e-07,0.00010729090928135251,-5.753775619993154e-07
-0.00010434437396748353,2.770508628073796e-07,0.00010462140170333184,-5.475690765875596e-07
-0.000101754967993423,2.636547240453266e-07,0.00010201860125492592,-5.210970039838476e-07
-9.922996775851842e-05,2.5090473703885127e-07,9.948085257774209e-05,-4.959015221768885e-07
-9.676778177356777e-05,2.3877147678074555e-07,9.700653476603958e-05,-4.71924551407865e-07
-9.436685211209536e-05,2.2722640878028505e-07,9.459406136676292e-05,-4.4910975589404247e-07
-9.202565441035239e-05,2.1624188906323165e-07,9.224188037957454e-05,-4.2740254548467114e-07
-8.974269786731669e-05,2.0579116417183213e-07,8.99484742568851e-05,-4.0675007725136155e-07
-8.751652524469242e-05,1.958483711648171e-07,8.77123599038821e-05,-3.8710125701509124e-07
-8.534571286691073e-05,1.8638853761740356e-07,8.553208867855805e-05,-3.684067408119504e-07
-8.322887062112905e-05,1.7738758162129228e-07,8.340624639173588e-05,-3.5061893629966337e-07
-8.116464195723171e-05,1.688223117846702e-07,8.133345330709439e-05,-3.33692004106913e-07
-7.915170388782935e-05,1.6067042723220758e-07,7.931236414119108e-05,-3.175818591274072e-07
-7.718876698825967e-05,1.529105176050619e-07,7.734166806348527e-05,-3.0224617176062307e-07
-7.527457537482885e-05,1.4552206377368634e-07,7.542008867531329e-05,-2.876443705286562e-07
-7.340789846008053e-05,1.3848656669517934e-07,7.354637689396945e-05,-2.737399016565634e-07
-7.158756105019882e-05,1.317885857729879e-07,7.171934208843307e-05,-2.605023042077062e-07
-6.981242954192192e-05,1.2541326743083092e-07,6.993783580502883e-05,-2.479022696705344e-07
-6.808139317238307e-05,1.193461634919381e-07,6.820073283567255e-05,-2.3591128132610063e-07
-6.639336401911024e-05,1.1357323117904858e-07,6.650693121788219e-05,-2.245016150866327e-07
-6.474727700002663e-05,1.0808083311441289e-07,6.485535223478934e-05,-2.1364634030147488e-07
-6.314208987344995e-05,1.0285573731979032e-07,6.324494041514877e-05,-2.0331932053142854e-07
-6.15767832380928e-05,9.78851172164503e-08,6.167466353334874e-05,-1.9349521429252996e-07
-6.005036053306296e-05,9.315655162517334e-08,6.0143512609420524e-05,-1.8414947577025618e-07
-5.8561848037862756e-05,8.865802476624896e-08,5.865050190904679e-05,-1.7525835550513208e-07
-5.7110294872389405e-05,8.437792625947674e-08,5.7194668943570284e-05,-1.6679890105070672e-07
-5.569477299693527e-05,8.030505112416725e-08,5.577507447000216e-05,-1.587489576048264e-07
-5.431437721218732e-05,7.64285997791402e-08,5.4390802491029024e-05,-1.5108716861511174e-07
-5.296822515922736e-05,7.273817804272532e-08,5.3040960255020336e-05,-1.4379297635953948e-07
-5.165545731953236e-05,6.922379713276329e-08,5.1724678256035606e-05,-1.3684662250299256e-07
-5.037523105729688e-05,6.587656012975263e-08,5.044110496258908e-05,-1.3023052191705963e-07
-4.91267414823964e-05,6.268941813833826e-08,4.918942843675327e-05,-1.239307742394696e-07
-4.79092170234065e-05,5.965549243246287e-08,4.796887022940062e-05,-1.1793380901944823e-07
-4.672190125951651e-05,5.676807441547919e-08,4.677866721208209e-05,-1.1222638719657597e-07
-4.556405289935143e-05,5.4020626342479916e-08,4.561807155657497e-05,-1.067956029349909e-07
-4.443494578097216e-05,5.140678132029821e-08,4.448635073488643e-05,-1.0162888399666165e-07
-4.333386887187499e-05,4.892034330750654e-08,4.33827875192563e-05,-9.671399210017017e-08
-4.226012626899196e-05,4.655528711441748e-08,4.230667998216053e-05,-9.203902326547227e-08
-4.121303719869068e-05,4.4305758403083334e-08,4.125734149631387e-05,-8.759240814508227e-08
-4.019193601677464e-05,4.2166073687296776e-08,4.023410073467303e-05,-8.336291234212765e-08
-3.919617220848277e-05,4.0130720332589916e-08,3.923630167043886e-05,-7.933963671570161e-08
-3.822511038848963e-05,3.819435655623478e-08,3.826330357705907e-05,-7.551201767394223e-08
-3.7278130300905676e-05,3.635181142724369e-08,3.731448102823087e-05,-7.18698274552486e-08
-3.635462681927677e-05,3.459808486636845e-08,3.638922389790277e-05,-6.840317439803557e-08
-3.5454009946584466e-05,3.292834764610081e-08,3.5486937360276996e-05,-6.51025031994261e-08
-3.457570481524614e-05,3.1337941390672755e-08,3.4607041889811684e-05,-6.195859516326289e-08
-3.3719148617431614e-05,2.982263540301599e-08,3.374897044835953e-05,-5.896308221594131e-08
-3.288379908326596e-05,2.8379399492711075e-08,3.291217773618069e-05,-5.6109992440132985e-08
-3.206914381605997e-05,2.7005261657213165e-08,3.2096148384888685e-05,-5.339346532336925e-08
-3.127468086571819e-05,2.5697294335955782e-08,3.13003775171144e-05,-5.080772527396005e-08
-3.0499917990024607e-05,2.4452635209269694e-08,3.052437002859118e-05,-4.8347123420100455e-08
-2.974437265464261e-05,2.3268487198382713e-08,2.9767640588155747e-05,-4.6006137773994477e-08
-2.9007572033115177e-05,2.214211846542004e-08,2.902971363774932e-05,-4.3779373389686257e-08
-2.8289053006864556e-05,2.107086241340374e-08,2.8310123392418162e-05,-4.1661562514792366e-08
-2.7588362165192436e-05,2.005211768625304e-08,2.7608413840314618e-05,-3.9647564736331384e-08
-2.6905055805280075e-05,1.9083348168784505e-08,2.6924138742698023e-05,-3.773236712083787e-08
-2.623869993218803e-05,1.816208298671162e-08,2.6256861633935185e-05,-3.59110843489444e-08
-2.5588870258856267e-05,1.7285916506645e-08,2.560615582150125e-05,-3.4178958844615255e-08
-2.4955152206104356e-05,1.64525083360926e-08,2.4971604385980572e-05,-3.2531360899207296e-08
-2.433714090263113e-05,1.5659583323459296e-08,2.4352800181067003e-05,-3.096378879052988e-08
-2.373444118501488e-05,1.490493155804712e-08,2.3749345833564747e-05,-2.9471868897075285e-08
-2.314666759771344e-05,1.418640837005539e-08,2.3160853743389032e-05,-2.805135580758336e-08
-2.257344439306396e-05,1.3501934330580399e-08,2.258694608356641e-05,-2.6698132426100746e-08
-2.2014405310630716e-05,1.284950554293619e-08,2.2027254589874276e-05,-2.5408230661163944e-08
-2.146919053052167e-05,1.2227698328608331e-08,2.1481418018835248e-05,-2.417884097199516e-08
-2.0937464128023662e-05,1.1635405467721715e-08,2.0949099338598676e-05,-2.3007784492976064e-08
-2.0418902178047963e-05,1.1071439064675935e-08,2.0429973436259334e-05,-2.1892719189657856e-08
-1.9913186753462762e-05,1.0534632931436685e-08,1.992372121857171e-05,-2.0831344858866398e-08
-1.942000592509298e-05,1.0023842587535525e-08,1.943002961195005e-05,-1.982140319699266e-08
-1.8939053761720393e-05,9.53794526007004e-09,1.8948591562468738e-05,-1.886067786570648e-08
-1.847003033008358e-05,9.07583988370376e-09,1.847910603586245e-05,-1.7946994555170993e-08
-1.801264169487804e-05,8.636447100666305e-09,1.8021278017526524e-05,-1.7078221044835773e-08
-1.7566599918756004e-05,8.218709260753169e-09,1.7574818512516935e-05,-1.6252267261882955e-08
-1.7131623062326527e-05,7.821590421325855e-09,1.7139444545550622e-05,-1.546708533740193e-08
-1.67074351841556e-05,7.444076347311909e-09,1.671487916100577e-05,-1.4720669660364162e-08
-1.6293766340765922e-05,7.085174511204794e-09,1.6300851422921783e-05,-1.4011056929469102e-08
-1.589035258663705e-05,6.743914093063955e-09,1.5897096414999574e-05,-1.3336326202931324e-08
-1.5496935974205437e-05,6.419345980514891e-09,1.5503355240601794e-05,-1.2694598946276608e-08
-1.5113264553864283e-05,6.110542768749014e-09,1.5119375022752833e-05,-1.2084039078212973e-08
-1.4739092373963619e-05,5.816598760523725e-09,1.4744908904139033e-05,-1.150285301464251e-08
-1.437417948081038e-05,5.53662996616247e-09,1.4379716047108931e-05,-1.094928971087701e-08
-1.4018291918668251e-05,5.2697741035546145e-09,1.4023561633673221e-05,-1.0421640702119029e-08
-1.3671202024335981e-05,5.015202541952538e-09,1.3676217172026857e-05,-9.918264025030952e-09
-1.3332701934617057e-05,4.7726783785533665e-09,1.3337474562089452e-05,-9.438700192580329e-09
-1.3002585930348613e-05,4.541879397733395e-09,1.3007127762501405e-05,-8.98231845094113e-09
-1.2680646569280684e-05,4.322243482300925e-09,1.268496876891591e-05,-8.548007686152845e-09
-1.2366681241766255e-05,4.1132319807700985e-09,1.2370794433053403e-05,-8.134703078578925e-09
-1.2060492170761333e-05,3.914329707360937e-09,1.20644064627017e-05,-7.741386131881277e-09
-1.1761886411824808e-05,3.7250449419992574e-09,1.1765611421715963e-05,-7.367084700819713e-09
-1.147067585311853e-05,3.544909430316716e-09,1.1474220730018841e-05,-7.010873017917042e-09
-0.6,1.1,1.1720000000000002,-1.9840000000000002
-0.5709996815538847,1.0512470899051252,1.1420373686027903,-1.9068697980094678
-0.542763649240835,1.004398304917134,1.111041242743463,-1.8320411824719314
-0.515315448997379,0.9593966502643069,1.0791985667836594,-1.7594632933433916
-0.48867406966405186,0.9161862542744278,1.0466871515812408,-1.6890911007316396
-0.46285411844475227,0.8747123329780594,1.0136750868041617,-1.6208843049793575
-0.43786613730028406,0.8349211257812884,0.9803203124445665,-1.554806199046014
-0.41371688223543773,0.7967597068146776,0.9467702356147634,-1.4908224184413885
-0.3904094831914343,0.760175966378441,0.9131615246351903,-1.4289001940174002
-0.36794380048785286,0.7251186660291835,0.8796201322902684,-1.3690077478679001
-0.3463167149457252,0.6915373398301349,0.8462613029420378,-1.3111135194297905
-0.32552229710561564,0.6593822711545617,0.8131896629986167,-1.2551856827613734
-0.3055521333897741,0.6286045954605723,0.7804995486890715,-1.2011919271897193
-0.2863956118235183,0.5991562720994258,0.7482753022222934,-1.1490990763157911
-0.2680400900336481,0.5709900593600469,0.7165915678583469,-1.098872824800946
-0.25047116814500636,0.544059621562569,0.68551379054493,-1.0504777594819836
-0.23367295290102658,0.5183195410520036,0.655098687789889,-1.003877252753516
-0.21762820522284052,0.4937252923525675,0.6253946581771588,-0.9590333632800262
-0.20231856610846025,0.4702333389512236,0.5964423571612798,-0.9159069965871371
-0.18772478037744716,0.4478011549223597,0.568275236531353,-0.874457953944063
-0.17382681296516658,0.4263871983170248,0.5409199890641155,-0.8346449400906735
-0.16060403875755466,0.40595099549045294,0.5143971387172743,-0.796425796621763
-0.14803541412960733,0.3864531502378259,0.4887215626577149,-0.7597576101737372
-0.13609956132088805,0.36785531857519876,0.4639029219059747,-0.7245967827953547
-0.12477492989920233,0.3501202802873377,0.4399462234432267,-0.6908992906958649
-0.11403991105055417,0.3332119235575999,0.4168522681093598,-0.6586207863277488
-0.10387289895520768,0.3170952269192272,0.39461804550246726,-0.6277167063560392
-0.09425242445363481,0.30173631361055475,0.37323723478139187,-0.5981425155118766
-0.08515721461206852,0.2871024106337966,0.3527005519674775,-0.5698537705473017
-0.07656624654222544,0.27316184554919654,0.3329961103216227,-0.5428062570326542
-0.06845884302644673,0.2598840720587451,0.3141098247698771,-0.5169561762043784
-0.0608146935098513,0.2472396166939322,0.2960256689935958,-0.49226017721984616
-0.05361390887758484,0.2352000911525275,0.2787260030260713,-0.4686755115699746
-0.04683707002224406,0.2237381779396793,0.26219185539647527,-0.44616012920239745
-0.04046523349165009,0.21282758831182746,0.24640312735987527,-0.42467271555073466
-0.034479982417530794,0.2024430741711165,0.23133886967827053,-0.4041728268297251
-0.028863429520326694,0.1925603811199843,0.21697744824921986,-0.38462090370176366
-0.023598232913542648,0.18315623385547397,0.20329673599614562,-0.36597834175296284
-0.018667617744707862,0.17420831976349002,0.19027429405116372,-0.3482075515556225
-0.014055364668822278,0.1656952446998005,0.17788748369810642,-0.33127195743401683
-0.0097458307681966,0.15759652817095945,0.16611363166458845,-0.31513606761150154
-0.005723935669424241,0.14989255827577266,0.15493011365648016,-0.2997654584878167
-0.001975166136568691,0.14256457588843882,0.14431447104695222,-0.28512681100811743
0.0015144305962834646,0.13559464243395605,0.13424449077782785,-0.2711879087678935
0.004758256403119895,0.12896561156816194,0.12469827632266323,-0.2579176385339252
0.007769166537774868,0.12266110517015051,0.11565431827539517,-0.245285994371086
0.010559485073297122,0.11666548089276199,0.10709153774270978,-0.23326406015051607
0.013141011025535967,0.11096381027832378,0.09898934057623016,-0.2218240088541836
0.015525036831675781,0.10554184545010291,0.09132764144874383,-0.21093907483903088
0.01772235432205535,0.10038600057134149,0.08408690726616563,-0.2005835520370531
0.019743277584463547,0.0954833156851775,0.07724816098571988,-0.19073275316448868
0.02159764740693307,0.09082144272543945,0.07079301891608479,-0.18136301042677036
0.02329485532177341,0.08638860940561223,0.06470368220988117,-0.17245162864054706
0.024843852430464886,0.08217360284234111,0.05896295750203203,-0.1639768754825302
0.026253165245267947,0.07816574399607865,0.05355425730572939,-0.15591795078092008
0.027530916492285073,0.07435485917204937,0.04846158861469334,-0.14825494752635562
0.028684829522662592,0.07073126938325802,0.043669571383939655,-0.1409688470996695
0.02972225463522882,0.06728575579823602,0.0391634086567344,-0.13404146414411122
0.030650177464528354,0.06400954681049008,0.03492889252129417,-0.12745543359381592
0.03147523157321125,0.06089429937900135,0.03095239754534412,-0.12119418463645033
0.032203721858506736,0.057932069895516455,0.027220850649491948,-0.11524189197010887
0.032841627679836664,0.055115307729295945,0.023721741182183412,-0.10958347195339528
0.03339462251200404,0.05243683012030582,0.020443094126376734,-0.1042045397529801
0.033868090038884316,0.04988980243606427,0.017373450253921376,-0.09909137635839936
0.03426712740476453,0.04746773205356284,0.014501870906314041,-0.09423092249478106
0.03459656710280069,0.04516444197522887,0.01181790259039342,-0.08961073047727859
0.03486098751077051,0.04297405787430533,0.00931156483940945,-0.085218942678475
0.035064717234281895,0.040891001344916314,0.006973349230303324,-0.08104428205300054
0.03521185638694173,0.038909964976363134,0.004794182268436311,-0.07707600505459751
0.03530628382075473,0.03702590344438853,0.002765417268215756,-0.07330388668243805
0.03535166201495747,0.035234026676096396,0.0008788297831224083,-0.06971820934786092
0.03535145659418677,0.033529777369265074,-0.0008734180494958427,-0.06630971944853174
0.03530894189127625,0.031908824207691484,-0.0024987842277701044,-0.06306961558889405
0.03522720551221519,0.030367055778279632,-0.0040043525221736724,-0.05998953795163936
0.035109165858962364,0.02890056061781722,-0.005396865580226792,-0.05706152911924716
0.03495757705273225,0.027505621343680838,-0.006682731807047415,-0.05427802337132305
0.03477503250484355,0.026178709954198173,-0.00786803015897169,-0.05163183817696859
0.03456398046201749,0.02491647026598148,-0.008958540282871349,-0.049116139284735724
0.03432672891420241,0.02371571221671878,-0.009959750438067192,-0.04672442984266808
0.0340654480191249,0.022573408635087854,-0.010876860761258607,-0.04445054442092949
0.033782183368461206,0.02148668032530058,-0.011714809463377577,-0.04228861910271696
0.03347886149487323,0.02045278980817898,-0.012478282792956827,-0.04023307911616222
0.03315729128236277,0.019469139375722415,-0.013171716766402159,-0.03827863517233476
0.03281917448429617,0.01853325927560235,-0.013799318192750867,-0.03642025962290629
0.03246611228881969,0.017642800343134344,-0.014365077436061803,-0.03465317161797854
0.032099606168423285,0.01679553281258205,-0.014872769364903065,-0.03297283479546337
0.03172106511724429,0.01598933815064369,-0.015325967897274034,-0.03137494071798391
0.031331813434532355,0.015222200371246653,-0.015728061749609726,-0.029855391222635502
0.030933091668566802,0.01449220484881559,-0.016082255858896763,-0.028410296001525608
0.03052606038784572,0.013797533996638467,-0.016391578906419464,-0.02703596377559549
0.030111808749684537,0.013136457717223798,-0.01665890103051725,-0.02572888281874105
0.029691356048708508,0.01250733161730401,-0.016886936722389584,-0.024485717260201312
0.029265653040060825,0.011908595411274855,-0.017078247371585305,-0.02330330375383298
0.028835589565750597,0.011338764411069093,-0.01723525718928924,-0.02217863408677553
0.028401997451988358,0.010796426266877341,-0.017360259128053075,-0.02110884845819703
0.027965650960963886,0.010280240374703686,-0.01745541569496918,-0.020091234169205097
0.02752727144479594,0.00978893265138368,-0.017522768708412687,-0.019123214898850074
0.027087532206781617,0.009321290079876974,-0.017564249530706705,-0.01820233951912189
0.026647059090459144,0.008876160004367351,-0.017581680237985595,-0.017326280553832448
0.0262064319021043,0.008452448494828683,-0.017576776594567,-0.01649283074583359
0.025766190177744386,0.008049113856367855,-0.01755116032266814,-0.015699889778970296
0.025326834535181253,0.00766516508965543,-0.017506361951197383,-0.014945461050767389
0.024888826957093404,0.007299661528110084,-0.01744382141888853,-0.014227650831840084
0.024452594325631582,0.006951708839485825,-0.01736489563324827,-0.013544660057419304
0.024018531766267115,0.006620455223757173,-0.017270865651230774,-0.012894776526590037
0.023587003033951715,0.006305090949750604,-0.017162937524712225,-0.01227637387222702
0.023158341153204334,0.006004847612651994,-0.0170422436928829,-0.01168790996632307
0.02273285260186377,0.005718993351947387,-0.016909852023595694,-0.011127917151443937
0.022310818516380327,0.005446831460699606,-0.016766768441113536,-0.010594999347676697
0.021892494836783623,0.0051877001937940615,-0.016613937283223627,-0.010087831589480964
0.021478113887025814,0.004940970951958836,-0.016452244745612053,-0.00960515627823124
0.021067887529844877,0.0047060446236153975,-0.01628252577115687,-0.009145775716248679
0.020662007559278977,0.004482351119125555,-0.01610556494198805,-0.008708551104423288
0.020260645767111726,0.0042693492755514735,-0.015922096672897835,-0.008292402290962718
0.01986395607265924,0.004066524375587201,-0.015732809887819988,-0.007896302700660482
0.019472076510995487,0.00387338580274035,-0.015538352416489086,-0.007519274547290663
0.019085129413604865,0.003689466815383292,-0.015339331436910542,-0.007160388331926157
0.018703221453856483,0.003514324483313954,-0.015136313619284823,-0.00681876267097671
0.018326445817902503,0.003347537112773968,-0.014929829939111999,-0.006493559055758026
0.017954883450829497,0.003188702747381169,-0.014720378474497474,-0.006183978790922615
0.017588603181086994,0.003037439003282247,-0.014508424730352356,-0.005889262629447448
0.01722766172812923,0.0028933830544668995,-0.014294401694052524,-0.00560869071176249
0.016872105631436287,0.0027561892975094654,-0.01407871416035257,-0.0053415778259559244
0.01652197214848876,0.0026255282464828873,-0.013861740778355102,-0.005087271154760512
0.01617728934772945,0.0025010864034276555,-0.013643834305556258,-0.004845149992471215
0.015838076053387856,0.0023825663177273163,-0.013425321522426616,-0.004614625843610894
0.015504343384385996,0.002269684683230103,-0.013206506724593428,-0.004395138568191633
0.015176095581936598,0.0021621712929601514,-0.01298767363441126,-0.004186154259653058
0.014853330072552946,0.0020597689480285155,-0.012769085582077821,-0.003987165047510508
0.014536037373532497,0.001962233557576593,-0.012550985335693076,-0.0037976892856383454
0.014224202110450859,0.0018693328562266476,-0.012333597439537271,-0.0036172689570459224
0.0139178039569731,0.0017808451827321385,-0.012117130410936173,-0.0034454672052734356
0.013616817679576575,0.0016965594163824357,-0.011901776870989781,-0.003281868198533574
0.013321213093732008,0.0016162750016116298,-0.011687713497148746,-0.0031260771722500893
0.0130309554354323,0.0015398014778039313,-0.01147510189007903,-0.002977719475871729
0.012746006462670528,0.001466957005280851,-0.011264091182613862,-0.0028364376021138386
0.012466324548805337,0.0013975682369997899,-0.011054818280428315,-0.0027018909253458917
0.012191864729192535,0.0013314702263543805,-0.010847408018925626,-0.0025737555133638038
0.011922578578771173,0.0012685065887980485,-0.010641972894387019,-0.002451724449615913
0.011658415149737604,0.0012085282182500282,-0.010438615312536752,-0.0023355052502178775
0.01139932132878663,0.0011513927775744113,-0.010237428474214447,-0.0022248188390946648
0.011145241852876698,0.0010969646707215906,-0.010038496432907705,-0.0021193994918677125
0.010896119252997473,0.0010451150771575493,-0.009841894017028873,-0.0020189949054497734
0.010651894010259507,0.000995721751957146,-0.009647687200249916,-0.0019233657963108107
0.010412505311062433,0.0009486679146054465,-0.009455934988697576,-0.001832283669099151
0.010177891119777835,0.0009038421369868546,-0.009266689617303205,-0.0017455305933860776
0.00994798819770976,0.0008611382996787082,-0.009079996623117611,-0.0016628991178483528
0.00972273198717953,0.0008204557196612703,-0.008895894610662565,-0.0015841925289458263
0.009502056918489486,0.0007816987159257614,-0.008714416006010254,-0.0015092239804421945
0.009285896897227095,0.0007447758316261739,-0.008535588336333699,-0.0014378149345407887
0.009074185321203118,0.0007095998051444765,-0.008359434283950024,-0.0013697951067428301
0.008866855093049363,0.000676087529927097,-0.0081859717469958,-0.0013050023883095128
0.008663838501191259,0.0006441601935026239,-0.008015213587780312,-0.0012432831284604135
0.008465067473855819,0.0006137429024094629,-0.007847168271381958,-0.0011844913844167668
0.008270473946314144,0.0005847640394649855,-0.007681840886246649,-0.0011284876353519744
0.00807998987131844,0.0005571552436370859,-0.007519233180701082,-0.0010751387454818067
0.007893547225350109,0.0005308513865666755,-0.007359343598391829,-0.0010243179204540516
0.007711077923910338,0.0005057906467037511,-0.007202167124334653,-0.0009759048597583318
0.00753251390239991,0.00048191441544968546,-0.007047695465322911,-0.0009297855714854622
0.00735778746063022,0.00045916663633524096,-0.0068959180638796455,-0.0008858510508809975
0.007186831286799472,0.00043749375262445566,-0.006746822179143704,-0.0008439971788819595
0.007019578457756471,0.0004168447063555004,-0.0066003928921042005,-0.0008041247236762416
0.006855962418357486,0.0003971709031570064,-0.006456613124171912,-0.0007661392739048546
0.006695916884728202,0.00037842641036946146,-0.006315463344926084,-0.0007299516389826099
0.006539376122720549,0.00036056740280756124,-0.0061769224112213465,-0.0006954767415704779
0.006386275032887212,0.0003435519508761097,-0.0060409678682139985,-0.0006626331964748123
0.0062365491504816645,0.0003273400205700235,-0.005907575952209877,-0.0006313433139562229
0.006090134645626729,0.00031189346150380576,-0.005776721605582405,-0.0006015330790064937
0.0059469682557285125,0.0002971760431325512,-0.005648378375400063,-0.0005731322274043168
0.0058069872925975395,0.00028315351939753157,-0.005522518358088812,-0.0005460743779452296
0.005670129832376467,0.000269793126692449,-0.005399112896039035,-0.0005202960299952947
0.00553633473312109,0.00025706351911438925,-0.005278132662255108,-0.0004957364368624807
0.0054055416348003735,0.0002449347684638245,-0.005159547662265556,-0.00047233760870831284
0.0052776909571754,0.00023337835360234444,-0.00504332724451193,-0.0004500442941010183
0.005152723830119131,0.00022236719920031047,-0.004929439993505736,-0.0004288040606789344
0.0050305821118265355,0.00021187574607193715,-0.004817853679084103,-0.0004085674383135768
0.004911208504966921,0.00020187953180355922,-0.004708535795184504,-0.0003892870822195628
0.00479454656398561,0.00019235513782768927,-0.004601453621625812,-0.0003709176696028428
0.004680540695103919,0.00018328018942301655,-0.004496574225372742,-0.0003534159021269188
0.004569136156186366,0.00017463335516820872,-0.004393864462156417,-0.0003367405072081557
0.004460279011180282,0.00016639432938819678,-0.0042932909496841256,-0.0003208522054618483
0.004353916101984379,0.00015854400029053408,-0.004194819871873254,-0.00030571404932719685
0.0042499951302218415,0.00015106414257945813,-0.0040984173701461325,-0.0002912908099947706
0.004148464660288887,0.00014393728604825275,-0.004004049679245059,-0.00027754871667390606
0.0040492741193547495,0.0001371467155792474,-0.003911683128058742,-0.0002644554586222891
0.003952373797361702,0.00013067647114381855,-0.003821284140409499,-0.0002519801871071943
0.0038577148415516733,0.00012451134094999242,-0.0037328192372033412,-0.000240093503620748
0.0037652491869448025,0.00011863689325111864,-0.0036462549357209996,-0.0002287675256383642
0.00367492960478678,0.00011303956136441776,-0.003561557713477906,-0.00021797605816875252
0.0035867097063496944,0.00010770635462549436,-0.0034786943025821434,-0.00020769401734041485
0.003500543933450157,0.00010262481774583028,-0.0033976317215577818,-0.00019789735079365174
0.003416387558449323,9.778303081278582e-05,-0.0033183372758526205,-0.00018856303925585523
0.0033341966842528655,9.316960928959842e-05,-0.0032407785583213737,-0.00017966909806162715
0.0032539282409004564,8.87737009365318e-05,-0.003164923449361903,-0.00017119457247490586
0.0031755399162696064,8.458499769326061e-05,-0.003090740036147152,-0.00016311956313062826
0.0030989902159252276,8.059384664551321e-05,-0.0030181965616459397,-0.00015542544907598625
0.0030242384376883242,7.679101702520662e-05,-0.0029472616331868325,-0.00014809442317361833
0.0029512446476642274,7.316764921707901e-05,-0.0028779042499406412,-0.00014110939145193797
0.002879969680242618,6.971525475869067e-05,-0.002810093803227963,-0.0001344539743019113
0.0028103751380975156,6.642571634042359e-05,-0.0027438000768117052,-0.0001281125076307452
0.002742423392187274,6.329128780548107e-05,-0.0026789932471752336,-0.00012207004397375257
0.0026760775551457477,6.03045859499772e-05,-0.002615643865396624,-0.0001163123372512615
0.002611301443896665,5.745866621774276e-05,-0.0025537227441604755,-0.00011082599529694744
0.0025480596587470947,5.47469960870509e-05,-0.0024932010637703102,-0.00010559842735938119
0.00248631749291259,5.216329960552573e-05,-0.0024340504376876267,-0.00010061753440571357
0.0024260409267273246,4.97015518504773e-05,-0.0023762429124777186,-9.587169895406102e-05
0.0023671966276440845,4.7355978928901424e-05,-0.002319750967984288,-9.134978593344514e-05
0.0023097519502342863,4.5121057977480215e-05,-0.002264547517495478,-8.704114351199377e-05
0.0022536749361879577,4.2991517162581486e-05,-0.0022106059079016176,-8.293560389436189e-05
0.002198934291982612,4.09623308282362e-05,-0.0021578999023752258,-7.902347444419817e-05
0.002145499346984272,3.902877409531764e-05,-0.002106403583921486,-7.529564772188931e-05
0.0020933401547973554,3.71864255805284e-05,-0.002056091454146522,-7.174360735884458e-05
0.002042427376867014,3.543103666677892e-05,-0.002006938447944812,-6.835916757969232e-05
0.001992732271078595,3.375852418238108e-05,-0.0019589199295357643,-6.513445922224332e-05
0.0019442266917576545,3.216497040104863e-05,-0.0019120116925614111,-6.206193034473151e-05
0.001896883089669951,3.064662304189701e-05,-0.001866189960179251,-5.9134346810268526e-05
0.0018506745120214414,2.919989526944315e-05,-0.0018214313851504552,-5.634479284921882e-05
0.001805574602458291,2.7821365693605867e-05,-0.0017777130499236433,-5.3686671600186285e-05
0.001761557541600488,2.6507779796958212e-05,-0.0017350124058199998,-5.1153708610494694e-05
0.0017185981159731105,2.5256121095316222e-05,-0.0016933072707800893,-4.874009450009665e-05
0.0016766717079996045,2.4063530462612133e-05,-0.0016525759002244153,-4.644032411538048e-05
0.001635754204194326,2.2927255098739854e-05,-0.0016127969464124513,-4.4249095107556057e-05
0.0015958219951544333,2.1844648527084184e-05,-0.0015739494584908723,-4.216130835003716e-05
0.0015568519755598973,2.0813170594521076e-05,-0.0015360128825447701,-4.0172068344759296e-05
0.00151882154417349,1.983038747141734e-05,-0.0014989670616462958,-3.827668361300735e-05
0.0014817086038407935,1.8893971651630896e-05,-0.001462792235900877,-3.647066707124429e-05
0.0014454915614901978,1.8001701952510657e-05,-0.0014274690424910753,-3.4749736392417695e-05
0.0014101492837601869,1.71514654516255e-05,-0.0013929784694071837,-3.310981830175738e-05
0.0013756611381001785,1.6341307675295233e-05,-0.0013593018463433516,-3.154714921046302e-05
0.0013420070237666548,1.55693864397027e-05,-0.0013264209219461859,-3.0058183168301977e-05
0.0013091672574161628,1.4833926611972985e-05,-0.0012943177947313744,-2.8639501879211636e-05
0.0012771225718763652,1.4133219852134848e-05,-0.0012629749121409611,-2.7287814466112034e-05
0.0012458541161460368,1.3465624613120666e-05,-0.0012323750705698355,-2.5999957739010518e-05
0.0012153434553950717,1.2829566140766575e-05,-0.0012025014153909093,-2.477289645279017e-05
0.0011855725709644797,1.2223536473812391e-05,-0.0011733374409790163,-2.360372355501079e-05
0.0011565238603663825,1.1646094443901559e-05,-0.0011448669907335974,-2.2489660424045063e-05
0.0011281801321445615,1.1095865427862218e-05,-0.0011170742522087595,-2.1428056609385005e-05
0.001100524551565962,1.0571557591170575e-05,-0.0010899436865678496,-2.0416422609181474e-05
0.0010735407686400216,1.0071982965574915e-05,-0.001063460135526979,-1.9452472061990507e-05
0.0010472128101872296,9.596003234264482e-06,-0.0010376087677069542,-1.8534013666636825e-05
0.0010215250397891842,9.14252120712414e-06,-0.0010123750471305883,-1.7658934370098504e-05
0.0009964621577885989,8.710480820734496e-06,-0.0009877447332362532,-1.6825199542326167e-05
0.0009720092012893,8.298867138371844e-06,-0.0009637038808907531,-1.6030853144309048e-05
0.0009481515441562246,7.906706350008125e-06,-0.0009402388404015485,-1.527401788960475e-05
0.0009248748970154251,7.533065772311031e-06,-0.0009173362575283698,-1.4552895399544486e-05
0.0009021653072540636,7.177053848643885e-06,-0.0008949830734942272,-1.3865766352320079e-05
0.0008800091540751869,6.8378200980603535e-06,-0.0008731665201017025,-1.3210990529367032e-05
0.0008583931045385586,6.5145685768562036e-06,-0.0008518740623131061,-1.25870339205608e-05
0.0008373042309139533,6.206569445538882e-06,-0.0008310935040389294,-1.199249186601392e-05
0.0008167299079231444,5.9131226428254005e-06,-0.0008108129217410297,-1.1426016640153113e-05
0.0007966577780779775,5.6335529542748156e-06,-0.0007910206347126793,-1.0886307739326347e-05
0.0007770757516803685,5.367210012288211e-06,-0.0007717052050850764,-1.0372111990266656e-05
0.0007579720068223078,5.113468296108754e-06,-0.0007528554378335381,-9.882223654341767e-06
0.0007393349893858582,4.871727131821662e-06,-0.0007344603807833747,-9.415484527725212e-06
0.0007211534130431528,4.64141069235418e-06,-0.000716509324615469,-8.970784037622087e-06
0.0007034162592564001,4.421967997475637e-06,-0.0006989918028715745,-8.547059334679513e-06
0.0006861127772778779,4.212872913797387e-06,-0.0006818975919593323,-8.143295381708396e-06
0.0006692324513034983,4.01362766135082e-06,-0.0006652166748022447,-7.758532078375026e-06
0.0006527650593079254,3.823779507213029e-06,-0.0006489392829769869,-7.39189768083409e-06
0.0006367006683389132,3.6429003574557256e-06,-0.0006330559124317837,-7.04256807027352e-06
0.0006210295552334501,3.470576841480645e-06,-0.0006175572541273356,-6.709747057877216e-06
0.0006057422064013928,3.3064103038067383e-06,-0.0006024341938317678,-6.39266643524386e-06
0.0005908293178254705,3.150016804070218e-06,-0.0005876778121235767,-6.09058603845917e-06
0.000576281795061284,3.0010271170245366e-06,-0.0005732793843944242,-5.802793809657639e-06
0.0005620907532373026,2.859086732540374e-06,-0.0005592303808517902,-5.528605856155821e-06
0.0005482475170548687,2.7238558556056683e-06,-0.0005455224665214954,-5.26736650723724e-06
0.0005347436207881957,2.595009406325598e-06,-0.0005321475012500892,-5.018448368666994e-06
0.0005215708070700437,2.47223702277828e-06,-0.000519097538489938,-4.781252381483942e-06
0.0005087209930581573,2.3552484906496466e-06,-0.0005063647860360269,-4.555218752032447e-06
0.0004961863593107945,2.243781068914039e-06,-0.0004939416875750326,-4.339841595928418e-06
0.00048395928731240353,2.137583482264734e-06,-0.0004818208762274359,-4.13463700946391e-06
0.0004720323200314332,2.036412977807877e-06,-0.00046999513805143136,-3.9391372489231995e-06
0.0004603981619203288,1.940035325062457e-06,-0.0004584574120443082,-3.7528907696251437e-06
0.00044904967891553553,1.8482248159603298e-06,-0.00044720079014376707,-3.5754622634401724e-06
0.00043797989843749683,1.760764264846207e-06,-0.0004362185172291675,-3.406432694831222e-06
0.0004271820093906534,1.6774450084776478e-06,-0.00042550399112271226,-3.245399335467074e-06
0.0004166493621634461,1.598066906025079e-06,-0.00041505076259057536,-3.091975797455434e-06
0.0004063754686283126,1.5224383390717724e-06,-0.000404852535343966,-2.945792065241816e-06
0.00039635400214169006,1.450376211613866e-06,-0.00039490316604014333,-2.806494526219491e-06
0.00038657877266291515,1.3817082705962809e-06,-0.00038519663708104897,-2.673750652708422e-06
0.0003770437821600738,1.3162800442133816e-06,-0.00037572710507969545,-2.5472628802274192e-06
0.00036774321031859535,1.253945139181015e-06,-0.00036648889627556553,-2.4267492371207744e-06
0.0003586713593148606,1.1945619730950926e-06,-0.0003574764545776322,-2.311936859794523e-06
0.000349822653794402,1.1379937743245729e-06,-0.0003486843415432757,-2.202562015184491e-06
0.00034119164087190575,1.0841085820114762e-06,-0.00034010723637886546,-2.0983701225424343e-06
0.0003327729901312108,1.0327792460708767e-06,-0.00033173993594030963,-1.9991157743652333e-06
0.0003245614936253078,9.838834271908979e-07,-0.0003235773547335771,-1.9045627564952214e-06
0.0003165520658763414,9.37303596832724e-07,-0.0003156145249151967,-1.8144840674191003e-06
0.00030873974387560774,8.929270372305879e-07,-0.00030784659629272534,-1.7286619367921501e-06
0.0003011196870835566,8.506458413917813e-07,-0.0003002688363251971,-1.6468878432139833e-06
0.0002936871749504507,8.103569705175935e-07,-0.0002928766275867736,-1.5689626469969611e-06
0.000286437587348354,7.719658461092833e-07,-0.00028566544460621713,-1.494703797350999e-06
0.0002793664757141403,7.353874628731339e-07,-0.00027863092389718416,-1.4239475490945041e-06
0.0002724695031103444,7.005400346298285e-07,-0.0002717688103750785,-1.356536291184538e-06
0.0002657424239336875,6.673444111157314e-07,-0.00026507493764919463,-1.2923174007045719e-06
0.00025918108391507637,6.357240779828834e-07,-0.000258545228022969,-1.2311432554101304e-06
0.0002527814201196026,6.05605156798999e-07,-0.00025217569249421837,-1.1728712457833882e-06
0.0002465394609465444,5.769164050474727e-07,-0.0002459624307553693,-1.1173637866126579e-06
0.0002404513261293652,5.495892161273758e-07,-0.00023990163119367314,-1.0644883281123294e-06
0.00023451322673571364,5.235576193534535e-07,-0.00023398957089141082,-1.014117366598509e-06
0.00022872146516742463,4.987582799561307e-07,-0.00022822261562608886,-9.661284547352615e-07
0.00022307243516051867,4.7513049908150924e-07,-0.0002225972198706232,-9.204042113659522e-07
0.0002175626216889354,4.5261621500348905e-07,-0.0002171099266960356,-8.768323333932805e-07
0.00021218858180190774,4.3116159780299737e-07,-0.0002117573470140504,-8.353087990577318e-07
0.00020694699674721133,4.1071929689870683e-07,-0.00020653620945261262,-7.957423581197995e-07
0.00020183464754788285,3.9124411889424144e-07,-0.00020144334025569354,-7.58045902818016e-07
0.0001968483821167606,3.726922653406827e-07,-0.00019647563116032435,-7.221349593561737e-07
0.00019198511525648417,3.5502133273656733e-07,-0.00019163003939669842,-6.879276947851073e-07
0.00018724182865949545,3.381903125278921e-07,-0.0001869035876882695,-6.553449236159331e-07
0.0001826155709080374,3.2215959110810895e-07,-0.0001822933642518432,-6.243101141733768e-07
0.00017810345747415522,3.0689094981812876e-07,-0.00017779652279766573,-5.947493946977086e-07
0.0001737026707196958,2.923475649463199e-07,-0.00017341028252950723,-5.665915592035468e-07
0.00016941045989630712,2.784940077285065e-07,-0.00016913192814474025,-5.39768073103646e-07
0.0001652241411454396,2.6529624434797184e-07,-0.00016495880983441634,-5.142130786055948e-07
0.00016114109749834518,2.527216359354563e-07,-0.0001608883432833363,-4.898633998891299e-07
0.00015715877805948006,2.407389558323257e-07,-0.00015691800883625562,-4.6665858275196204e-07
0.00015327468285089587,2.2931991690760393e-07,-0.00015304533481483824,-4.4454395677338225e-07
0.0001494864144336161,2.1843973493561865e-07,-0.0001492679485756623,-4.23471757011106e-07
0.0001457916426041156,2.0807452748223663e-07,-0.00014558354380821164,-4.0339593313254953e-07
0.0001421880851798075,1.982011208098847e-07,-0.00014198986151352732,-3.842717706795093e-07
0.00013867350799904213,1.8879704987754674e-07,-0.00013848469000424523,-3.6605589466263723e-07
0.0001352457249211081,1.798405583407665e-07,-0.000135065864904634,-3.4870627301587137e-07
0.00013190259782623119,1.713105985516447e-07,-0.00013173126915062917,-3.3218221991530434e-07
0.0001286420366155757,1.631868315588426e-07,-0.00012847883298986777,-3.164443989669233e-07
0.00012546199921124301,1.5544962710757827e-07,-0.00012530653398171865,-3.014548262675074e-07
0.00012236049155627226,1.480800636396283e-07,-0.00012221239699731313,-2.8717687334292107e-07
0.00011933556761464103,1.4105992829332944e-07,-0.00011919449421957443,-2.7357526996791374e-07
0.00011638532937126395,1.3437171690357524e-07,-0.00011625094514324315,-2.6061610687143594e-07
0.00011350792683199361,1.2799863400181842e-07,-0.00011337991657490412,-2.4826683833141853e-07
0.00011070155252613828,1.2192480638030132e-07,-0.0001105796169219457,-2.3649671252158422e-07
0.00010796444677023333,1.1613675700989008e-07,-0.00010784829998231087,-2.2527972095993863e-07
0.00010529492768903936,1.1062210325004901e-07,-0.0001051842962674322,-2.14591993421874e-07
0.00010269135022642185,1.0536878895283154e-07,-0.00010258597278109845,-2.044102698588677e-07
0.00010015210304475507,1.0036510098505321e-07,-0.00010005172990234928,-1.9471193572353407e-07
9.767560852492102e-05,9.559966922828951e-08,-9.758000138548804e-05,-1.8547502375615085e-07
9.526032276630993e-05,9.106146657887692e-08,-9.516925436009529e-05,-1.7667821570162892e-07
9.290473558682079e-05,8.673980894791395e-08,-9.281798933104165e-05,-1.6830084395915365e-07
9.060737052286031e-05,8.26243552612591e-08,-9.05247401784986e-05,-1.6032289316667807e-07
8.836678482934351e-05,7.870510745953198e-08,-8.828807415795015e-05,-1.5272500172241867e-07
8.618156947969408e-05,7.4972410498114e-08,-8.610659190020397e-05,-1.4548846324543798e-07
8.405034916584352e-05,7.141695234714679e-08,-8.397892741140054e-05,-1.3859522797735345e-07
8.197178229823154e-05,6.802976399153296e-08,-8.190374807302321e-05,-1.3202790412717672e-07
7.994456100580658e-05,6.48022194309369e-08,-7.987975464190766e-05,-1.2576975916122713e-07
7.796741044697738e-05,6.172605113768548e-08,-7.790568054574341e-05,-1.198047520202865e-07
7.603907967297515e-05,5.879412111258196e-08,-7.598028197534188e-05,-1.1411907724265609e-07
7.415837815526432e-05,5.6000333975435375e-08,-7.410237449897373e-05,-1.0870098892049924e-07
7.232415048676519e-05,5.333872998605105e-08,-7.227080867063646e-05,-1.0353899032592274e-07
7.053526435219885e-05,5.080350597542526e-08,-7.048445797947245e-05,-9.862187784050979e-08
6.879061052808708e-05,4.8389015345744845e-08,-6.874221884977341e-05,-9.393874183339351e-08
6.708910288275269e-05,4.6089768070387885e-08,-6.704301064098535e-05,-8.947896750540823e-08
6.542967837631889e-05,4.3900430693922664e-08,-6.538577564771211e-05,-8.523223570038821e-08
6.38112970607096e-05,4.1815826332108224e-08,-6.37694790997198e-05,-8.118852368467438e-08
6.223294207964981e-05,3.9830934671894784e-08,-6.219310916194093e-05,-7.733810589585614e-08
6.0693619668664915e-05,3.794089197142287e-08,-6.0655676934477434e-05,-7.367155466175501e-08
5.919235915508103e-05,3.61409910600237e-08,-5.9156216452604586e-05,-7.017974089064094e-08
5.772821295802532e-05,3.442668133821966e-08,-5.7693784686774465e-05,-6.685383473364305e-08
5.630025658842535e-05,3.2793568777723474e-08,-5.626746154261856e-05,-6.368530622029343e-08
5.4907588649009434e-05,3.12374159214386e-08,-5.487634986095105e-05,-6.06659258681279e-08
5.35493308343069e-05,2.9754141883459538e-08,-5.351957541777194e-05,-5.7787765267237845e-08
5.22246216581088e-05,2.8340093858679254e-08,-5.2196280380209575e-05,-5.504374105295894e-08
5.093263411354083e-05,2.6992436601209184e-08,-5.09056405771029e-05,-5.242839327177208e-08
4.967257774627639e-05,2.570838320358895e-08,-4.964686834147147e-05,-4.993634741920197e-08
4.844367761046016e-05,2.448521116547919e-08,-4.8419191450371735e-05,-4.756234839070266e-08
4.7245174130652835e-05,2.3320264427223782e-08,-4.7221852984809644e-05,-4.530126496726614e-08
4.607632310183148e-05,2.2210953369850135e-08,-4.605411132974238e-05,-4.3148090209349645e-08
4.493639568938971e-05,2.115475481506941e-08,-4.4915240174079896e-05,-4.109794183560678e-08
4.382467842913724e-05,2.014921202527605e-08,-4.380452851068578e-05,-3.914606258690173e-08
4.274047322730012e-05,1.919193470354803e-08,-4.272128063637867e-05,-3.7287820576079924e-08
4.168309736052094e-05,1.828059899364705e-08,-4.16648161519337e-05,-3.55187096239541e-08
4.06518834758584e-05,1.7412947480018102e-08,-4.0634469962083095e-05,-3.383434958195534e-08
3.9646179590787547e-05,1.6586789187789733e-08,-3.96295922755175e-05,-3.223048664189248e-08
3.866534909319995e-05,1.579999958277417e-08,-3.8649548604887174e-05,-3.0702993633248933e-08
3.7708770741403295e-05,1.5050520571466977e-08,-3.769371976680252e-05,-2.9247870308437327e-08
3.6775838664121615e-05,1.4336360501047258e-08,-3.676150188183523e-05,-2.7861243616424815e-08
3.586596236049546e-05,1.3655594159377765e-08,-3.585230637451926e-05,-2.6539367965128843e-08
3.4978564902294684e-05,1.300641080062006e-08,-3.4965558127537596e-05,-2.5278721599665695e-08
3.411308335908898e-05,1.2387505967703477e-08,-3.4100695515060464e-05,-2.407679046164846e-08
3.326898886929623e-05,1.1797679335177263e-08,-3.325719087596356e-05,-2.293126329812331e-08
3.244576537282151e-05,1.1235728890178425e-08,-3.243452935228987e-05,-2.183982116597994e-08
3.1642906709877054e-05,1.0700478253658237e-08,-3.163220596074801e-05,-2.0800192380286485e-08
3.08599166209821e-05,1.0190776680382158e-08,-3.08497255927125e-05,-1.9810152688451934e-08
3.0096308746963174e-05,9.705499058929978e-09,-3.0086603014224488e-05,-1.8867525437744438e-08
2.9351606628953658e-05,9.243545911695602e-09,-2.9342362865991623e-05,-1.7970181736370703e-08
2.8625343708394053e-05,8.803843394887164e-09,-2.8616539663388733e-05,-1.711604060832011e-08
2.7917063327032085e-05,8.38534329852711e-09,-2.790867779645823e-05,-1.6303069142170906e-08
2.7226318726922398e-05,7.987023046452013e-09,-2.7218331529910156e-05,-1.5529282634052045e-08
2.655267305042673e-05,7.607885696312686e-09,-2.6545065003122657e-05,-1.4792744724951657e-08
2.589569934021403e-05,7.24695993957423e-09,-2.588845223014238e-05,-1.4091567532557204e-08
2.5254980539260192e-05,6.903300101515896e-09,-2.524807709968451e-05,-1.3423911777808744e-08
2.463010949084818e-05,6.575986141231159e-09,-2.462353337513314e-05,-1.2787986906343616e-08
2.4020688938568185e-05,6.264123651627783e-09,-2.4014424694541705e-05,-1.2182051205005494e-08
2.3426331526317333e-05,5.966843859427694e-09,-2.3420364570632898e-05,-1.160441191358683e-08
2.2846659798299873e-05,5.683303625167052e-09,-2.2840976390799102e-05,-1.1053425331970554e-08
2.228131481145232e-05,5.412916453138388e-09,-2.2275901798513664e-05,-1.0527958712440548e-08
2.1729955725505255e-05,5.155375086074235e-09,-2.1724800260798323e-05,-1.002743558664902e-08
2.1192237574052244e-05,4.9100804696322325e-09,-2.118732741033814e-05,-9.550694379227423e-09
2.0667823164310983e-05,4.676452451981414e-09,-2.066314663453733e-05,-9.09660955535209e-09
2.0156383300355338e-05,4.453935657961691e-09,-2.0151929292877188e-05,-8.664103443272876e-09
1.9657596783115118e-05,4.2419994890837494e-09,-1.9653354716916023e-05,-8.252146311394976e-09
1.9171150410376184e-05,4.040138123529107e-09,-1.916711021028938e-05,-7.859756442223855e-09
0.5,-1.0,-1.9,2.15
0.4543349662731189,-0.9477753104860099,-1.7465962477384538,2.0194027779190575
0.4123321448496577,-0.8986884630978809,-1.6074671211801719,1.8993876048015532
0.37365468856610634,-0.8524896298618017,-1.4809737161493854,1.7887499554960637
0.3380041418314981,-0.8089570918245462,-1.3657059117365726,1.686462263586241
0.30511471701979614,-0.7678928329286725,-1.2604438734849177,1.5916426601825873
0.27474928596741227,-0.7291194878421433,-1.164128820745199,1.5035312777680483
0.24669540529850686,-0.6924773455636392,-1.075837534401231,1.421469864924515
0.22076233059454412,-0.6578221229599176,-0.9947623295394874,1.344885849885556
0.19677830034108873,-0.6250229620580132,-0.9201940273174449,1.273278943807103
0.17458819513867002,-0.5939607185334769,-0.8515077375377686,1.2062100597960208
0.15405169992783416,-0.5645266380044317,-0.7881513685235682,1.1432924317592568
0.1350414407790812,-0.5366210186868517,-0.7296353198785815,1.0841837518103175
0.11744171123002921,-0.5101523144759113,-0.6755245543459493,1.028580162273805
0.10114701569248154,-0.4850361091665629,-0.6254310888152769,0.9762106496032229
0.08606112429554579,-0.4611944620189253,-0.5790083174506535,0.9268328343068586
0.07209598515412237,-0.43855515775531173,-0.5359455958236667,0.8802290141558295
0.05917094949101954,-0.41705117504505174,-0.4959639757470802,0.8362030708483047
0.04721200194771045,-0.39662016788182025,-0.4588123555403609,0.7945777196403869
0.03615109275407052,-0.37720401032591444,-0.4242641728115846,0.7551921615562169
0.025925594099690398,-0.35874843794047123,-0.39211464514891575,0.7179001577385956
0.016477740340903095,-0.34120266885430833,-0.36217820838001497,0.682568247264662
0.007754220365958978,-0.3245191383648499,-0.33428647306029063,0.6490743534897901
-0.0002942711930846494,-0.3086531975974904,-0.3082862642086406,0.6173064471523018
-0.007713358494242928,-0.29356290295308946,-0.28403805972997626,0.5871615034457354
-0.014545336588582921,-0.27920878119719184,-0.261414496047808,0.5585445024842688
-0.020829439411100714,-0.26555365532785746,-0.2402991488975184,0.5313676299834234
-0.026602113575826224,-0.25256246228247786,-0.2205853924613486,0.5055495280329764
-0.03189724134837345,-0.24020210777768272,-0.20217543874597108,0.48101467595874725
-0.03674636092033295,-0.2284413183449654,-0.1849794477182158,0.4576928137144632
-0.041178843415903416,-0.21725052685998422,-0.16891478310200897,0.4355184720070113
-0.04522208145360994,-0.20660174330540065,-0.15390529316041898,0.41443050860139946
-0.04890162139192512,-0.1964684704248033,-0.1398807476279467,0.3943717619944621
-0.052241332403233476,-0.18682558551102252,-0.12677623909650101,0.3752886651088041
-0.05526350448732355,-0.17764927746118175,-0.11453175566014157,0.35713098787929576
-0.057988990127152154,-0.16891694814953126,-0.10309169943153763,0.3398515300846427
-0.06043729818849057,-0.16060714679273008,-0.09240451898670758,0.3234058937928549
-0.06262668431855165,-0.15269951053723269,-0.08242237498507095,0.30775228202770666
-0.0645742625330929,-0.14517468107587592,-0.0731007801676217,0.2928512633807675
-0.0662960572531775,-0.13801427188967452,-0.06439837297973425,0.278665644103739
-0.06780709936168874,-0.13120079762533565,-0.056276621846915745,0.26516027688497884
-0.06912149147407252,-0.12471762458989445,-0.04869959853601635,0.25230191752994907
-0.07025245314152323,-0.11854894192830555,-0.04163380559654596,0.24005912816005226
-0.07121240554722234,-0.11267969438943937,-0.03504793516717876,0.22840211280117198
-0.07201300778183359,-0.10709555580588796,-0.028912729549135013,0.21730263558564777
-0.07266520126206086,-0.10178289762645,-0.023200836571539762,0.2067339341375735
-0.07317927698237847,-0.09672873284939654,-0.017886624880345682,0.1966705896465913
-0.0735648970287679,-0.09192070115976755,-0.012946094598495302,0.18708847876444704
-0.0738311370949386,-0.0873470359369671,-0.008356754053949502,0.17796469395677317
-0.07398653755072385,-0.08299651997701642,-0.004097482312805429,0.16927744459727964
-0.07403911799618292,-0.07885847571832952,-0.00014846813117978287,0.16100602603285066
-0.07399641508624595,-0.07492273389090012,0.003508892168455743,0.15313074944916985
-0.07386552239211848,-0.07117959769766795,0.006892099228529793,0.14563286463429223
-0.07365310078013045,-0.06761983575021772,0.010017593491710044,0.1384945390531523
-0.07336541027028261,-0.06423465432890076,0.012900837356109522,0.13169879871227763
-0.07300834281829928,-0.06101566688896247,0.01555639810975003,0.12522946465056953
-0.07258742984526609,-0.057954888673157026,0.017997978304711455,0.11907113832923891
-0.07210786772263349,-0.05504471365944313,0.020238479608298648,0.11320915407138914
-0.0715745462738845,-0.05227788715362601,0.022290071962800986,0.10762952371183948
-0.07099205443862086,-0.04964750136984952,0.02416421556476323,0.10231892581574871
-0.07036469937442719,-0.04714697762885578,0.02587170807138523,0.09726466980854366
-0.0696965323202881,-0.04477004071119448,0.027422744880620315,0.09245464539287274
-0.06899135334434314,-0.04251071469731411,0.0288269360379114,0.08787731349639862
-0.06825272440365202,-0.04036331050689275,0.03009333862319605,0.08352168164689802
-0.06748399322108496,-0.03832240155561486,0.03123051061490595,0.07937725671586779
-0.0666882979811773,-0.036382819177054444,0.03224652543346261,0.07543403580668466
-0.06586857519191726,-0.03453964496952548,0.03314899198381363,0.07168249145773892
-0.06502758135066078,-0.03278818814582314,0.033945102462432264,0.06811352809343636
-0.06416789822350978,-0.031123980030871464,0.03464164649898352,0.06471847155919655
-0.06329193709679595,-0.02954276979120307,0.03524502260742484,0.061489061163285
-0.062401957050850214,-0.028040504888551848,0.03576127806769003,0.05841741232336939
-0.061500071628114016,-0.02661332387952809,0.03619612480846846,0.05549600304521407
-0.060588250932380565,-0.025257554142842288,0.03655494561221405,0.052717669976311644
-0.05966833545938203,-0.023969696760238586,0.036842824224863104,0.05007557967437318
-0.05874204465292385,-0.02274641706256238,0.037064564427787924,0.04756321081112842
-0.057810978001508286,-0.021584543270176757,0.03722469357626336,0.04517435204684804
-0.05687662405338292,-0.020481056382291425,0.037327482346348875,0.04290308298280877
-0.05594037060056506,-0.019433078705793833,0.037376966794540875,0.040743752449344806
-0.05500350587694579,-0.018437872314249103,0.03737695165725282,0.038690976023751336
-0.054067223061931624,-0.017492833768445074,0.0373310204497616,0.036739626302667354
-0.053132631134553764,-0.016595481658282975,0.03724255876063063,0.03488480921133428
-0.05220075684903317,-0.01574345418789205,0.03711475884036196,0.03312185978515123
-0.05127254632953601,-0.014934507044150004,0.03695062344884998,0.03144633849256866
-0.05034887449503141,-0.014166502370263873,0.03675298608466672,0.0298540102382776
-0.04943054859457707,-0.013437404536804264,0.036524518680126,0.028340836554225035
-0.04851830868919224,-0.012745279245038982,0.036267732958345865,0.026902974256913813
-0.047612833735713324,-0.01208828620241889,0.035984993582178826,0.02553676156664459
-0.04671474713874223,-0.011464672445218916,0.03567853011296884,0.024238705450579805
-0.04582461725793021,-0.010872771476225446,0.03535043825484954,0.023005480280552368
-0.04494295985666137,-0.010311000075236953,0.03500268527139514,0.02183392193488039
-0.044070244811971485,-0.009777850106970982,0.034637124503359686,0.020721012100614222
-0.04320689730018555,-0.009271886950094952,0.034255497923875944,0.019663875484775172
-0.042353298290543066,-0.008791748544533027,0.03385943738489169,0.018659778214718686
-0.04150978985037712,-0.008336138780820334,0.03345047616472113,0.01770611515369415
-0.04067667798204662,-0.007903823906248279,0.03303005511568735,0.016800403091489627
-0.03985423279792215,-0.007493632026241419,0.032599523135901365,0.015940279975629423
-0.03904269074336752,-0.007104450129116726,0.03216014209368502,0.015123499278522794
-0.03824225909618275,-0.006735218342559237,0.031713096725563925,0.014347918913586218
-0.0374531165732825,-0.006384929043162075,0.03125949592353297,0.013611499650955282
-0.036675413587921625,-0.006052626209039266,0.030800373434490047,0.012912303995185595
-0.035909276032275915,-0.0057374004986897875,0.030336696252158263,0.012248486660476886
-0.03515480726640443,-0.00543838660769134,0.029869369005139958,0.011618289499745504
-0.03441208824359717,-0.005154762874826507,0.029399234292709343,0.011020040840024085
-0.03368117857156827,-0.004885749706112412,0.028927075112101904,0.010452152486206744
-0.03296211995622704,-0.0046306049683331185,0.0284536226330428,0.009913110747871458
-0.03225493676962032,-0.004388623164326135,0.027979557415431008,0.009401474896259593
-0.03155963605284121,-0.004159135146943737,0.027505509539123178,0.00891587667056015
-0.030876209474081418,-0.003941505403741644,0.027032063067531094,0.0084550149943757
-0.03020463546102992,-0.003735129093960694,0.026559760937215602,0.00801765018992161
-0.029544879381981904,-0.0035394316960374534,0.026089105351976602,0.0076026033306924225
-0.028896893580652,-0.0033538687072773646,0.02562055798306877,0.007208755689721645
-0.02826061959785501,-0.0031779225233872508,0.02515454512210368,0.006835042618807302
-0.027635989309451783,-0.0030111007823817,0.02469146032629535,0.00648045030783068
-0.027022925022969248,-0.0028529360839453493,0.02423166468133732,0.006144015253968909
-0.02642133957333845,-0.002702985668741477,0.023775487106369522,0.00582482364839275
-0.02583113837698167,-0.002560828425669854,0.023323229242050367,0.005522005477250173
-0.02525222004391995,-0.002426063956766733,0.022875166887854733,0.005234732683821398
-0.024684476439035465,-0.0022983123301257118,0.02243155021815978,0.004962218686493001
-0.024127792788626666,-0.0021772137798821384,0.021992604099094558,0.0047037177906748195
-0.023582049398142905,-0.0020624260972116615,0.021558532288214815,0.004458520026713195
-0.023047122064504856,-0.001953623968041344,0.021129518424511187,0.0042259498373564
-0.022522882126561575,-0.0018504987535317252,0.020705726225270765,0.004005365638635642
-0.02200919646546168,-0.0017527583548695804,0.020287299552983144,0.0037961595471723356
-0.021505928894705133,-0.0016601250094942113,0.019874365909539324,0.0035977530055628904
-0.021012940548495073,-0.0015723346333212504,0.019467037414511678,0.003409595468939254
-0.02053008992156591,-0.0014891366609752692,0.019065410948234898,0.0032311640772630873
-0.02005723276642985,-0.001410294042840949,0.018669568000298,0.0030619636374299465
-0.019594223082239993,-0.0013355816195779215,0.01827957721002091,0.002901523386073795
-0.019140913620628836,-0.0012647852148535393,0.017895495721412226,0.0027493951742465035
-0.01869715590869423,-0.001197701558051093,0.017517369240853512,0.002605153299546598
-0.018262800148149645,-0.0011341382570564458,0.01714523192335639,0.0024683944356636445
-0.017837695664313605,-0.0010739130285551848,0.016779107542777068,0.002338736089077973
-0.017421691601734828,-0.0010168523883980068,0.016419011444308948,0.0022158139797555884
-0.017014636956220484,-0.0009627915826988992,0.016064950612916885,0.0020992818878489885
-0.016616380572948484,-0.000911574438585456,0.015716923788596716,0.001988811339177948
-0.016226771085269508,-0.0008630534134783359,0.015374921327931071,0.0018840916868689149
-0.01584565761365095,-0.0008170882331510383,0.015038927220806034,0.0017848273854275093
-0.015472889941304604,-0.0007735455022541724,0.014708919626587207,0.00169073719838978
-0.01510831852207155,-0.000732298662507072,0.014384870900721632,0.0016015540981527661
-0.014751794398621332,-0.0006932279584396522,0.014066747525233103,0.0015170251796668218
-0.014403169352178476,-0.0006562201669121854,0.01375451050542337,0.0014369111062568908
-0.014062296369914917,-0.0006211675155410764,0.013448116887732963,0.001360983938599346
-0.01372902967933953,-0.0005879675882089838,0.013147519870705754,0.001289026929979679
-0.013403224750825986,-0.0005565232683470702,0.012852668847634693,0.001220834396926833
-0.01308473819542506,-0.0005267427740883308,0.012563509254372952,0.001156211772362351
-0.012773427953744837,-0.0004985392901538936,0.012279983108154858,0.0010949748573214932
-0.012469153579932087,-0.000471830156991818,0.012002030081093209,0.001036948188583596
-0.01217177625167005,-0.0004465368337454868,0.011729587535067346,0.000981964949763405
-0.011881158768292722,-0.00042258485683552895,0.011462590549678903,0.0009298668738774854
-0.011597165459936998,-0.0003999038585161875,0.011200971802393034,0.0008805042650554684
-0.011319662294435559,-0.0003784273822934614,0.01094466184827852,0.0008337356172629625
-0.011048517079209586,-0.0003580921435765406,0.010693590045364434,0.0007894261249428327
-0.010783599470175861,-0.0003388379807723185,0.010447684603859487,0.0007474475720645432
-0.010524780971092815,-0.0003206078466296954,0.010206872586353832,0.0007076783019530772
-0.010271934872912315,-0.00030334774015130443,0.009971079907345555,0.0006700030679226202
-0.01002493624725342,-0.0002870068366506419,0.009740231190794738,0.0006343132813581811
-0.009783662096776087,-0.0002715368001952203,0.009514250596020827,0.0006005056268047765
-0.00954799137097927,-0.0002568916259625518,0.009293061984239093,0.0005684817354572804
-0.009317804966200945,-0.0002430276402401488,0.009076588913283319,0.0005381481741131931
-0.009092985709748064,-0.00022990346220511652,0.00886475465466011,0.0005094163578808425
-0.008873418281175686,-0.00021748006024864292,0.008657482054160963,0.0004822026516929076
-0.008658989292858748,-0.00020572062579348106,0.00845469373322212,0.0004564281089312676
-0.008449587305569712,-0.00019459008306507716,0.008256312587221159,0.0004320174815108212
-0.00824510282624905,-0.00018405506586522964,0.008062261802738823,0.0004088991640997113
-0.008045428308005318,-0.0001740839175720921,0.007872464854175948,0.00038700518513973617
-0.007850458121965909,-0.0001646466520445401,0.007686845511238807,0.0003662711197239245
-0.007660088498959819,-0.0001557150366210281,0.007505327695107699,0.0003466362467291941
-0.007474217598397864,-0.00014726245114737927,0.007327835684533644,0.0003280432595196787
-0.007292745453492762,-0.0001392635154143281,0.007154294428773534,0.0003104375125783198
-0.007115573967969025,-0.00013169407834154881,0.006984629552791943,0.0002937669924192807
-0.006942606916062941,-0.0001245312179776543,0.006818767355121445,0.0002779823104298876
-0.006773749928557142,-0.00011775322543793969,0.00665663480784112,0.0002630366637326561
-0.006608910414599163,-0.00011133961291983886,0.006498159468501231,0.0002488858439605961
-0.006447997652966985,-0.00010527117526393728,0.0063432695083358685,0.0002354883547674752
-0.0062909226840099555,-9.952961395825659e-05,0.006191893976536644,0.0002228046528462278
-0.0061375982888440105,-9.409749481184023e-05,0.006043962820130684,0.00021079705727681302
-0.005987938989351627,-8.895824795475182e-05,0.0058994068826459575,0.00019942974391362207
-0.005841861048181863,-8.409616783807654e-05,0.005758157902845543,0.00018866873997991178
-0.00569928241964849,-7.949638351574554e-05,0.005620148494005542,0.0001784818590908397
-0.005560122744577692,-7.514494866238743e-05,0.005485312048025863,0.00016883887628563695
-0.005424303390752519,-7.102873863581318e-05,0.005353582877258964,0.00015971131763658394
-0.005291747304568394,-6.713522572130776e-05,0.005224896288966888,0.00015107200516385963
-0.005162379007584669,-6.345247538188344e-05,0.005099188584784298,0.0001428950449745374
-0.005036124596524602,-5.996914625827936e-05,0.004976397059940325,0.00013515582308759076
-0.004912911743275353,-5.6674490168961186e-05,0.0048564600025210285,0.0001278310014162501
-0.004792669650730996,-5.3558332797617376e-05,0.004739316667850294,0.00012089847502385754
-0.004675329040419984,-5.06111358280437e-05,0.004624907203562424,0.00011433749263780406
-0.004560822228257634,-4.782395951860222e-05,0.004513172762001125,0.0001081285786758658
-0.004449082928488175,-4.518826726822481e-05,0.004404055498298727,0.00010225313787918857
-0.004340046245107757,-4.2695919279708925e-05,0.00429749856763937,9.669343940522221e-05
-0.004233648671864448,-4.0339172559717323e-05,0.004193446124812196,9.143261376550241e-05
-0.004129828092258256,-3.811068091877875e-05,0.004091843323788016,8.645464988052079e-05
-0.004028523775737607,-3.600349343480155e-05,0.003992636315046255,8.174438915661302e-05
-0.00392967627973704,-3.401104170419946e-05,0.0038957721599399077,7.728749680651568e-05
-0.003833227622690357,-3.212723264236679e-05,0.0038011989108444745,7.30706456891474e-05
-0.0037391211123624164,-3.0346284274050328e-05,0.003708865602834135,6.908118456384927e-05
-0.003647301255191382,-2.866267350849739e-05,0.003618722214806936,6.530703088466716e-05
-0.0035577137562886963,-2.7071136139455322e-05,0.0035307196692319943,6.173666858192215e-05
-0.0034703055194391028,-2.5566666845171932e-05,0.003444809831909984,5.8359145929293566e-05
-0.0033850246471006365,-2.414451918839529e-05,0.0033609455117462775,5.5164073493677855e-05
-0.0033018204342350746,-2.2800204018105058e-05,0.0032790804559605946,5.214161894416949e-05
-0.0032206432783018902,-2.1529487783045204e-05,0.0031991692615589364,4.92825014417331e-05
-0.00314144486799247,-2.0328454399313308e-05,0.0031211675021681545,4.657811431380835e-05
-0.0030641779845100013,-1.9193383392396576e-05,0.003045031650671876,4.4020278817246616e-05
-0.0029887964228306895,-1.8120719470395362e-05,0.00297071903067352,4.160118137506604e-05
-0.0029152549917037533,-1.7107072524023012e-05,0.0028981878163625856,3.931337204803821e-05
-0.002843509513651414,-1.6149217626605773e-05,0.002827397032387976,3.7149763065747206e-05
-0.0027735168249689145,-1.524409503408304e-05,0.0027583065537380783,3.510362741519747e-05
-0.0027052347757244998,-1.4388810185007074e-05,0.0026908771056272478,3.3168597485087656e-05
-0.002638622163016675,-1.3580628673190323e-05,0.0026250702016617283,3.133865349787832e-05
-0.00257363883540767,-1.281701985152798e-05,0.0025608482046601774,2.960820981612709e-05
-0.0025102456484702813,-1.2095603635956043e-05,0.0024981743351834393,2.7972007201310477e-05
-0.002448404301668715,-1.1414103446866034e-05,0.0024370125552938323,2.6425017068389987e-05
-0.002388077337994085,-1.0770346134164957e-05,0.0023773275681955404,2.4962440291674463e-05
-0.0023292281439644237,-1.016226197727547e-05,0.0023190848181684313,2.3579706202532514e-05
-0.0022718209496246787,-9.587884685135804e-06,0.0022622504905053754,2.2272471626563754e-05
-0.0022158208285467055,-9.045351396199708e-06,0.002206791511452926,2.103661995893226e-05
-0.002161193688577547,-8.532901689665661e-06,0.002152675539890503,1.9868258275059776e-05
-0.00210790621376651,-8.048883789008084e-06,0.0020998709030112237,1.8763728741637445e-05
-0.0020559260316596922,-7.591775471622181e-06,0.002048346742691125,1.7719650051837944e-05
-0.002005221513605864,-7.160127604522068e-06,0.0019980728721148725,1.6732803200220813e-05
-0.0019557617233932666,-6.75255474305584e-06,0.0019490197337606921,1.58001118373258e-05
-0.0019075164172496046,-6.367735130905533e-06,0.0019011583993661413,1.4918641591057126e-05
-0.0018604560438420614,-6.004410700087221e-06,0.0018544605698957155,1.4085599414815514e-05
-0.0018145517442772843,-5.661387070950911e-06,0.001808898575510161,1.3298332961497663e-05
-0.0017697753521013957,-5.3375335521806305e-06,0.0017644453755374725,1.2554329982504633e-05
-0.001726099378010162,-5.031782177325933e-06,0.0017210745441177055,1.1851215792312107e-05
-0.0016834969831216334,-4.7431362771208984e-06,0.001678760234889003,1.1186769809549582e-05
-0.0016419421099240514,-4.470676605014382e-06,0.0016374773057927791,1.055893754543387e-05
-0.0016014092900549172,-4.213525901975499e-06,0.0015972011622165604,9.965758832515515e-06
-0.001561873616892946,-3.970845478185303e-06,0.001557907732981792,9.405360473458358e-06
-0.001523310745558061,-3.741835213036751e-06,0.0015195734703272548,8.875955802593096e-06
-0.0014856968929113901,-3.5257335551346882e-06,0.0014821753498933659,8.375844264833312e-06
-0.0014490088375552746,-3.3218175222958914e-06,0.001445690870707336,7.903411011379755e-06
-0.0014132239198332644,-3.1294027015490442e-06,0.0014100980551691174,7.457126511651426e-06
-0.0013783200339885756,-2.9478428550645563e-06,0.0013753754415902024,7.035545379785673e-06
-0.001344275590213491,-2.7765337250886766e-06,0.0013415020424296117,6.637313567643651e-06
-0.0013110696498265814,-2.6149211330765307e-06,0.0013084574713684925,6.261184442170899e-06
-0.0012786817630318073,-2.462477400449982e-06,0.0012762218046113122,5.905971031566043e-06
-0.0012470919307321622,-2.3186977859128472e-06,0.0012447755462496883,5.570538542044058e-06
-0.0012162806045296645,-2.183100485450856e-06,0.0012140996282544363,5.25380407627474e-06
-0.0011862286867253642,-2.055226632331685e-06,0.0011841754104680636,4.954736362989479e-06
-0.0011569175303193405,-1.9346402971049415e-06,0.0011549846805976552,4.672355497386004e-06
-0.0011283289390106974,-1.8209284876021527e-06,0.001126509654208142,4.405732691969709e-06
-0.0011004451671975729,-1.7137011489367953e-06,0.0010987329747159538,4.153990037478687e-06
-0.001073248881193452,-1.612591013712159e-06,0.0010716376747489408,3.916299924014116e-06
-0.0010467232437278563,-1.517262193533082e-06,0.001045207252057207,3.691902116442263e-06
-0.0010208518764519604,-1.427399751227108e-06,0.0010194256424317049,3.4800826346475095e-06
-0.0009956187587977807,-1.3427021187900062e-06,0.000994277126134524,3.2801582653020325e-06
-0.0009710082278543324,-1.2628810912431583e-06,0.0009697463277774335,3.091476369622803e-06
-0.000947004978367628,-1.1876618266335496e-06,0.0009458182163183243,2.913414710698942e-06
-0.0009235940627406732,-1.1167828460337613e-06,0.0009224781050578443,2.7453812877054162e-06
-0.0009007608910334734,-1.0499960335419874e-06,0.0008997116516362215,2.586814176773225e-06
-0.0008784912309630299,-9.870666362820246e-07,0.0008775048580302553,2.437181378291413e-06
-0.000856771204976787,-9.27773187347352e-07,0.0008558440677009211,2.295980513301129e-06
-0.000835587254793166,-8.719086267478035e-07,0.0008347159290110069,2.1627408897192746e-06
-0.000814926254731559,-8.192848372832275e-07,0.000814107504019655,2.0370325549569383e-06
-0.0007947754020787791,-7.697233631123237e-07,0.0007940061681214231,1.9184474900743384e-06
-0.0007751221747446455,-7.230533516171808e-07,0.0007743995697567774,1.8065953347028828e-06
-0.0007559543312619817,-6.791115534032724e-07,0.0007552756304104346,1.7011032773787947e-06
-0.0007372599107866198,-6.377423222994679e-07,0.0007366225446097985,1.6016159502307926e-06
-0.0007190272330973957,-5.987976153580212e-07,0.0007184287799234717,1.5077953278774604e-06
-0.0007012448985961528,-5.621369928545794e-07,0.000700683076959857,1.419320630393436e-06
-0.0006839017883077413,-5.276276182881796e-07,0.0006833744493658306,1.3358882302066753e-06
-0.0006669870625797608,-4.951442343701177e-07,0.0006664921825492294,1.257211513729502e-06
-0.0006504901279893203,-4.645697319723149e-07,0.0006500258000157674,1.1830219079115672e-06
-0.0006344007363302946,-4.357983193886373e-07,0.0006339651591875258,1.1130752153311265e-06
-0.0006187089023721245,-4.0872997428118195e-07,0.0006183003747057425,1.0471403720870754e-06
-0.0006034048584404577,-3.832688840265832e-07,0.0006030217745694765,9.849962219668958e-07
-0.0005884790544171463,-3.5932344571600946e-07,0.0005881199001348875,9.264314499246381e-07
-0.0005739221577402457,-3.368062661551606e-07,0.0005735855061145537,8.71244518197453e-07
-0.0005597250534040184,-3.1563416186427423e-07,0.0005594095605768325,8.192436049734272e-07
-0.0005458788439589296,-2.95728159078119e-07,0.000545583244945248,7.702465455254005e-07
-0.0005323748495116511,-2.770134937459999e-07,0.0005320979539979188,7.240807757275316e-07
-0.0005192046077250591,-2.594196115317561e-07,0.0005189452958670134,6.805832778732717e-07
-0.0005063598589344606,-2.428801473991636e-07,0.0005061170771748671,6.396004788424033e-07
-0.0004938325654535712,-2.273347192607481e-07,0.0004936053205465405,6.009918001429696e-07
-0.0004816149535982612,-2.127279591651174e-07,0.000481402307601469,5.64627696447908e-07
-0.00046969942064973723,-1.990068371605595e-07,0.0004695004885912936,5.303842017763383e-07
-0.0004580785303910774,-1.8612058188111582e-07,0.0004578924780154704,4.981427277653812e-07
-0.00044674501310723065,-1.7402068054657982e-07,0.000446571054620981,4.6779002513486746e-07
-0.00043569176558501865,-1.626608789624998e-07,0.0004355291614020606,4.392181466841541e-07
-0.0004249118511131352,-1.519971815201774e-07,0.000424759905599938,4.1232441177018947e-07
-0.00041439849948214457,-1.4198785119666655e-07,0.0004142565587025899,3.8701137221716487e-07
-0.00040414510698448406,-1.3259340955477577e-07,0.00040401255644451143,3.6318677960925156e-07
-0.0003941452364144628,-1.2377663674306705e-07,0.0003940214988064971,3.407635539190618e-07
-0.00038439260224763637,-1.1550260509371891e-07,0.0003842771351612202,3.1965981378506354e-07
-0.00037488109637411326,-1.0773987260590046e-07,0.0003747733888132206,2.9980124706299526e-07
-0.0003656048148399844,-1.0045958461727418e-07,0.00036550438463817337,2.811192976150559e-07
-0.0003565579817261503,-9.363407973019153e-08,0.00035646437435520295,2.6354831605995853e-07
-0.00034773494676639015,-8.723686490953293e-08,0.00034764773416972585,2.4702548574064036e-07
-0.00033913018534736093,-8.124261548270712e-08,0.00033904896477333685,2.3149080053365549e-07
-0.0003307382985085993,-7.562717513965271e-08,0.00033066269134370224,2.1688704353952343e-07
-0.0003225540129425194,-7.036755593283652e-08,0.00032248366354445667,2.0315976662486682e-07
-0.000314572180994415,-6.544193827725493e-08,0.00031450675552510834,1.9025727078785963e-07
-0.00030678778066245817,-6.08296709504333e-08,0.0003067269659209475,1.7813058731914452e-07
-0.00029919591559769904,-5.651127109242547e-08,0.00029913941785295983,1.6673345973105821e-07
-0.00029179181264555844,-5.2468420364829814e-08,0.000291739356473078,1.5602231788584805e-07
-0.0002845708055128183,-4.868433663512352e-08,0.0002845221322594959,1.4595699928037557e-07
-0.0002775284040973393,-4.5144144696791646e-08,0.0002774832699756684,1.3650149844207292e-07
-0.00027066023137452196,-4.183371628514622e-08,0.0002706184067164155,1.276216090789183e-07
-0.0002639620036947905,-3.8739502354210076e-08,0.0002639232723730416,1.192845683451613e-07
-0.0002574295307835918,-3.584853307671656e-08,0.00025739368963329195,1.1145904414510926e-07
-0.0002510587157413976,-3.3148417844110264e-08,0.0002510255739813128,1.0411512293805246e-07
-0.00024484555504370223,-3.062734526654622e-08,0.0002448149336976112,9.722429802788761e-08
-0.0002387861385410243,-2.8274083172890607e-08,0.00023875786985901872,9.075945832138115e-08
-0.00023287664945890614,-2.6077978610720387e-08,0.00023285057633865724,8.469487753936452e-08
-0.00022711336439791303,-2.402895784632315e-08,0.00022708933980590467,7.900620386552984e-08
-0.00022149265333363472,-2.2117526364697607e-08,0.0002214705397263657,7.367045001785943e-08
-0.00021601097798651638,-2.033476892892144e-08,0.00021599064673161411,6.866598342425763e-08
-0.00021066487682211356,-1.8672580646373145e-08,0.0002106462073883927,6.397297548863205e-08
-0.00020545102553030752,-1.712386081999299e-08,0.00020543390448397934,5.957379597485902e-08
-0.000200366186781316,-1.5681873428355868e-08,0.0002003505074215814,5.545171213988286e-08
-0.0001954071914591755,-1.4340155566434683e-08,0.00019539285354534472,5.159069341724709e-08
-0.00019057093866174063,-1.3092517445600156e-08,0.00019055784814033772,4.797540448865046e-08
-0.0001858543957006836,-1.1933042393620727e-08,0.00018584246443253667,4.459119862800122e-08
-0.00018125459810149527,-1.0856086854662807e-08,0.00018124374358881312,4.142411130908635e-08
-0.0001767686496034847,-9.856280389290637e-09,0.0001767587947169205,3.8460854068165005e-08
-0.00017239372215977852,-8.928525674466198e-09,0.00017238479486548147,3.5688808612994145e-08
-0.00016812705593732222,-8.06799850354945e-09,0.00016811898902397774,3.309602116998978e-08
-0.00016396595931687875,-7.27014778629806e-09,0.00016395869012273784,3.067119706141872e-08
-0.00015990780889302983,-6.530695548867661e-09,0.00015990127903292833,2.840369550471717e-08
-0.00015595004387334785,-5.845652325555958e-09,0.00015594419895032609,2.6283554361571388e-08
-0.00015209016944587382,-5.211540560979685e-09,0.00015208495853941213,2.4301932907204136e-08
-0.0001483257949123226,-4.6252599366094085e-09,0.0001483211702012223,2.245084473504225e-08
-0.00014465458325119542,-4.083838783790321e-09,0.0001446504998850084,2.0722646640926855e-08
-0.00014107424633240514,-3.584426733832536e-09,0.00014107066231020755,1.9110019254618746e-08
-0.00013758254491727485,-3.124294718010862e-09,0.00013757942096643557,1.7605963435570094e-08
-0.00013417728865853883,-2.7008349675649557e-09,0.00013417458811348384,1.620379681018402e-08
-0.000130856336100342,-2.31156101369926e-09,0.00013085402478131423,1.489715044596192e-08
-0.00012761759467824096,-1.9541076875831067e-09,0.0001276156407700562,1.3679965658042089e-08
-0.0001244590207192025,-1.6262311203505555e-09,0.00012445739465000144,1.2546490943730838e-08
-0.00012137861944160432,-1.3258087431004857e-09,0.00012137729376160109,1.1491279040730855e-08
-0.00011837444495523581,-1.050839286896645e-09,0.00011837339421546293,1.0509184104869381e-08
-0.00011544460026129655,-7.994427827675324e-10,0.00011544380089234687,9.595359003229395e-09
-0.00011258723691741841,-5.698609486712447e-10,0.00011258666710779699,8.745253447361832e-09
-0.00010980054302429537,-3.6053406467275697e-10,0.00010980018252190017,7.954763678403596e-09
-0.00010708278503036485,-1.7014826563253886e-10,0.00010708261489667518,7.220330241180675e-09
-0.0001044322822671367,2.5403384588128388e-12,0.00010443228480726293,6.538580270796122e-09
-0.0001018473883643184,1.587255522096835e-10,0.00010184754707693798,5.906283205560011e-09
-9.932649124981396e-05,2.995510948275142e-10,9.93267907771061e-05,5.320348928744593e-09
-9.686801314972445e-05,4.2611060011876067e-10,9.686843922730338e-05,4.777825982707593e-09
-9.447041058834862e-05,5.394476164888704e-10,9.447094999519564e-05,4.275899853060962e-09
-9.213217438818166e-05,6.405556069423366e-10,9.213281489657598e-05,3.811891320611916e-09
-8.985182966991596e-05,7.303779490826677e-10,8.98525599953644e-05,3.383254878853618e-09
-8.762793585244138e-05,8.098079351123724e-10,8.762874560360706e-05,2.987577214831004e-09
-8.545908665284446e-05,8.796887718329967e-10,8.545996628147437e-05,2.6225757512570326e-09
-8.334391008640891e-05,9.408135806450987e-10,8.334485083726069e-05,2.2860972478046496e-09
-8.12810684666154e-05,9.939253975482583e-10,8.12820623273831e-05,1.976116459548256e-09
-7.926925840514215e-05,1.0397171731410633e-09,7.92702980563812e-05,1.6907348505785925e-09
-7.730720332234786e-05,1.078806948715176e-09,7.730828206257695e-05,1.4282283138833473e-09
-7.5393673645931e-05,1.1116874263560012e-09,7.5394785266306e-05,1.1871487627854884e-09
-7.352749070395028e-05,1.1388194542655347e-09,7.352862945641691e-05,9.661362250006276e-10
-7.170749955999729e-05,1.160645210656111e-09,7.170866013862636e-05,7.638888745759843e-10
-6.993256875927371e-05,1.177587995749404e-09,6.993374628138804e-05,5.791625124635189e-10
-6.82015903285916e-05,1.190052231776425e-09,6.820278031589261e-05,4.1076969045657297e-10
-6.651347977637266e-05,1.1984234629775303e-09,6.651467813606658e-05,2.575788692221007e-10
-6.486717609264866e-05,1.2030683556024159e-09,6.486837909857254e-05,1.18513609335982e-10
-6.326164174906172e-05,1.204334697910118e-09,6.326284602280908e-05,-7.44820574825908e-12
-6.169586269886368e-05,1.2025514001690147e-09,6.16970651909099e-05,-1.212751158438062e-10
-6.016884837691648e-05,1.198028494656825e-09,6.017004634774394e-05,-2.238828003110314e-10
-5.8679631699692025e-05,1.1910571356606075e-09,5.868082270091505e-05,-3.161347654743143e-10
-5.7227269065272544e-05,1.1819095994767646e-09,5.722845092076205e-05,-3.9884300415206944e-10
-5.5810840353349986e-05,1.1708392844110371e-09,5.581201114035798e-05,-4.727686282538028e-10
-5.4429448925226335e-05,1.1580807107785069e-09,5.4430606955510156e-05,-5.386224753747206e-10
-5.3082217865365117e-05,1.1438420860710384e-09,5.308336165887705e-05,-5.970510600384243e-10
-5.176829661015857e-05,1.128275434189289e-09,5.1769424838865644e-05,-6.485769480281647e-10
-5.0486878444396655e-05,1.1115216421416628e-09,5.0487989921144995e-05,-6.936883472477555e-10
-4.923717388585579e-05,1.0937163258910395e-09,4.9238267559100484e-05,-7.328530764224793e-10
-4.801840908583353e-05,1.0749887785252761e-09,4.801948403331665e-05,-7.665169903698763e-10
-4.682982582914879e-05,1.0554619702572107e-09,4.6830881251577365e-05,-7.951043882013747e-10
-4.5670681534142125e-05,1.0352525484246652e-09,4.5671716748866e-05,-8.190184057735123e-10
-4.4540249252675246e-05,1.0144708374904396e-09,4.4541263687364904e-05,-8.386413928866166e-10
-4.3437817670131206e-05,9.932208390423137e-10,4.3438810856455574e-05,-8.543352757184896e-10
-4.23626911054147e-05,9.716002317930528e-10,4.236366267271882e-05,-8.664419049704364e-10
-4.131418951095158e-05,9.497003715803986e-10,4.131513917993428e-05,-8.752833901927042e-10
-4.0291648472689044e-05,9.276062913670738e-10,4.029257604908058e-05,-8.811624207461005e-10
-3.929441921009593e-05,9.053967012407864e-10,3.9295324578335545e-05,-8.843625738463192e-10
-3.832186857616222e-05,8.831439884142203e-10,3.8322751693075654e-05,-8.85148610127251e-10
-3.737337905739934e-05,8.609142172250422e-10,3.737423994587635e-05,-8.837667571492508e-10
-3.644834877384007e-05,8.387671291358979e-10,3.644918751651186e-05,-8.804449812681024e-10
-3.5546190471353115e-05,8.167551066622833e-10,3.5547007203233754e-05,-8.753912191091377e-10
-3.466632891577687e-05,7.949094005139666e-10,3.466712380313211e-05,-8.687661847298369e-10
-3.380822379168322e-05,7.732570613512299e-10,3.3808997027830615e-05,-8.607165251333385e-10
-3.2971349744776075e-05,7.518255445612127e-10,3.297210155048967e-05,-8.513851467270183e-10
-3.215519149783571e-05,7.306404990363215e-10,3.215592211953964e-05,-8.409071939151514e-10
-3.135924385071902e-05,7.097257671742345e-10,3.135995355868103e-05,-8.294102294151538e-10
-3.058301168035967e-05,6.891033848779061e-10,3.058370076688466e-05,-8.170144076912026e-10
-2.9826009940767738e-05,6.687935815555579e-10,2.982667871839134e-05,-8.038326417190502e-10
-2.9087763663029888e-05,6.488147801206832e-10,2.908841246271195e-05,-7.899707632915973e-10
-2.836780795530954e-05,6.291835969920515e-10,2.8368437124627683e-05,-7.755276770705091e-10
-2.7665688002846555e-05,6.099148420936991e-10,2.766629790418968e-05,-7.605955085848896e-10
-2.6980959067957425e-05,5.910215188549364e-10,2.698155007671922e-05,-7.452597463737964e-10
-2.6313186490035203e-05,5.72514824210343e-10,2.6313758992807664e-05,-7.295993784650634e-10
-2.5661945685549662e-05,5.544041485997752e-10,2.5662500078316592e-05,-7.136870233786898e-10
-2.502682214804703e-05,5.366970759683561e-10,2.5027358834377542e-05,-6.975890558387257e-10
-2.4407411448150126e-05,5.193993837664813e-10,2.4407930837392136e-05,-6.813657273733888e-10
-2.3803319233558495e-05,5.025150429498213e-10,2.3803821739032226e-05,-6.650712819788251e-10
-2.3214161229048136e-05,4.86046217979315e-10,2.321464726623959e-05,-6.487540670176851e-10
-2.2639571531504643e-05,4.699909439142967e-10,2.2640041513936244e-05,-6.324517683505242e-10
1.0,0.9,0.6200000000000001,-1.2000000000000002
1.0148192876157058,0.8708898941186939,0.5631072960559884,-1.1238648763272785
1.0282520325293643,0.8436229995324793,0.5093366181693477,-1.0528646536244974
1.0403751409563924,0.8180741729892392,0.45858225846201806,-0.9867200856264585
1.0512628498941996,0.7941250699741919,0.410729567466792,-0.9251579922077792
1.0609863326765263,0.7716642641767737,0.3656581216654037,-0.8679133294777166
1.0696137639406087,0.750586735067293,0.3232432934140601,-0.8147293077278682
1.0772101475075004,0.7307938370161235,0.2833585190843917,-0.7653586528963686
1.0838372683620232,0.7121930304449566,0.24587684101407992,-0.7195641263156419
1.0895538189948115,0.6946974871792025,0.21067190834615046,-0.677118459666698
1.094415254071852,0.6782260794811275,0.17761959908407088,-0.6378053099551612
1.098474013738181,0.6627028663014021,0.14659835453273973,-0.6014186372879625
1.101779529245673,0.6480569596036264,0.11749014385912593,-0.5677630405683629
1.1043782715109232,0.6342222999929104,0.09018109041786926,-0.5366537800345482
1.1063139913988274,0.6211372189026736,0.06456146418431341,-0.5079160492664644
1.1076276810259027,0.6087444013194409,0.04052643995030125,-0.48138535477399047
1.1083577829698685,0.5969905000611496,0.017975970772760252,-0.45690681508037
1.108540337932605,0.585825878277721,-0.0031851659943640254,-0.43433474806120154
1.1082089865550444,0.575204539801248,-0.02304697466179506,-0.41353278487368084
1.1073952303657764,0.5650837186316406,-0.04169469991810748,-0.3943729195211587
1.1061285013197422,0.5554237513250415,-0.05920871667425476,-0.3767353457909678
1.1044362188509533,0.5461879546794665,-0.07566445661298621,-0.3605082924530584
1.102344031752782,0.5373422682709493,-0.091132929532246,-0.34558711793731167
1.0998758503819912,0.5288551899090479,-0.10568061908882848,-0.33187424806599086
1.0970539323427924,0.5206976315072696,-0.11936959347022008,-0.3192788647332686
1.0938990879274024,0.5128426264770264,-0.1322579963675659,-0.3077161242130111
1.0904307009340526,0.5052652881920152,-0.14439998685334515,-0.29710710826031284
1.086666809867559,0.49794268319857893,-0.15584589703034613,-0.2873785129965154
1.082624286477111,0.4908535833426122,-0.1666426947896758,-0.2784619592831802
1.0783188566514845,0.48397842968289106,-0.17683397341688467,-0.2702939253996832
1.0737651541047766,0.4772992490992483,-0.1864600635950095,-0.2628155344967038
1.0689768825661103,0.4707994331386364,-0.19555848114712865,-0.255971921000817
1.0639668440867813,0.4644636961219654,-0.20416396960020033,-0.2497121250543397
1.0587469585075806,0.45827804072154066,-0.21230853237424446,-0.24398900815364988
1.0533284046366733,0.45222956759824745,-0.2200218378641901,-0.23875869838783137
1.0477216641545357,0.44630641527493364,-0.22733132877184303,-0.2339804192266174
1.0419365232174984,0.4404977518970451,-0.23426221444306816,-0.22961647274534913
1.0359821629386066,0.43479365280553617,-0.24083773504070483,-0.22563188045490012
1.0298672340515087,0.4291850008035735,-0.24707937750875847,-0.22199408974340407
1.0235998613741624,0.42366347718249964,-0.2530068829810209,-0.2186729486418767
1.0171876654425311,0.41822152905877447,-0.2586383117588762,-0.21564061008049296
1.0106378593313332,0.41285224075014526,-0.26399033473169115,-0.2128711518719988
1.0039572674999278,0.407549308076644,-0.2690782876567927,-0.2103404991737352
0.9971523239987492,0.4023070364658018,-0.27391617043460836,-0.2080264185779397
0.9902291180176678,0.3971202788285926,-0.27851678842798117,-0.2059083339551563
0.9831934550747609,0.39198435385524477,-0.2828919402577675,-0.20396708564938204
0.9760508619059989,0.3868950384074958,-0.28705243493467036,-0.20218490579852566
0.9688065827801947,0.38184856769988834,-0.2910080902700339,-0.20054541849683372
0.9614656269143543,0.3768415711292209,-0.29476788183861613,-0.19903345121575433
0.9540328067623466,0.3718710202369262,-0.2983400639732507,-0.19763488264654783
0.9465127399205582,0.3669342248722512,-0.30173218020473846,-0.19633662964534904
0.9389098433885107,0.3620288356159501,-0.3049510578923233,-0.19512665482479763
0.9312283697244433,0.35715279398451116,-0.3080029244721511,-0.1939938220212356
0.923472437811341,0.3523042894004424,-0.31089350762368356,-0.19292777276255213
0.9156460340138791,0.347481756749907,-0.31362804329578986,-0.19191891773660652
0.9077530058243968,0.34268387892117336,-0.3162112699926164,-0.19095844609241036
0.8997970788569821,0.3379095617544611,-0.31864748783491537,-0.19003825363718735
0.891781888795114,0.33315788777576805,-0.32094066467721394,-0.18915081324174748
0.8837109831291139,0.32842811340869027,-0.3230944449303166,-0.18828916579556554
0.8755878184500503,0.3237196673143281,-0.3251121533012193,-0.18744691793778534
0.8674157554856722,0.3190321529142211,-0.32699678981600333,-0.18661825010957456
0.8591980899690577,0.31436530238200217,-0.3287511336997263,-0.1857977900801182
0.850938059387128,0.3097189654993734,-0.3303777695218141,-0.18498058245062798
0.8426388428234055,0.3050931085699104,-0.33187909108649916,-0.18416208547896007
0.8343035513604142,0.30048781890680176,-0.3332572888900207,-0.18333818832604393
0.8259352357896443,0.29590329220184663,-0.33451437925526634,-0.18250517617235607
0.8175369058926196,0.29133980005303733,-0.33565227488059457,-0.1816596446081879
0.8091115313494092,0.2867976880425494,-0.33667279005919787,-0.18079849398754727
0.8006620403007941,0.2822773747286074,-0.33757764254741973,-0.1799189277900366
0.7921913068971367,0.2777793592730142,-0.33836843270289174,-0.17901847851199243
0.7837021631594455,0.2733042032958259,-0.3390466836048136,-0.1780949582671753
0.7751974098755735,0.26885250917931985,-0.3396138856927676,-0.177146403791961
0.7666798167248914,0.26442491963854525,-0.34007149794556685,-0.17617107445310265
0.7581521201546711,0.26002211720026136,-0.34042094740042217,-0.17516745202350897
0.7496170096572269,0.2556448328879248,-0.340663604638288,-0.17413426907538376
0.74107713801726,0.2512938307911992,-0.3408008168867524,-0.17307046688728656
0.7325351292395746,0.24696988983268583,-0.3408339432733928,-0.17197515032334754
0.723993578590791,0.24267380344443035,-0.3407643548375836,-0.17084758578444076
0.7154550510856474,0.23840637935565348,-0.34059343307315937,-0.16968720063692716
0.7069220671915237,0.23416844801561115,-0.34032254450213123,-0.16849361058182
0.6983971084626481,0.22996085453881354,-0.339953057228229,-0.16726659641223435
0.6898826257175665,0.22578443979832633,-0.3394863761798489,-0.16600605723647427
0.6813810390949674,0.22164003966416612,-0.3389239430056658,-0.16471200706544975
0.6728947375616309,0.2175284849118802,-0.3382672344361836,-0.16338457312087878
0.6644260665454971,0.21345060778025515,-0.33751774058189743,-0.16202401681743756
0.6559773260509143,0.20940724342528128,-0.3366769597473859,-0.16063073547481804
0.6475507808814387,0.20539920984326338,-0.33574643605702675,-0.1592052113944301
0.6391486609295473,0.20142730576692797,-0.3347277609581565,-0.15774800507303594
0.6307731611574222,0.19749231065711423,-0.33362257122233063,-0.15625975281231208
0.6224264339583735,0.19359498848698867,-0.33243253481844987,-0.15474117755989486
0.6141105788852158,0.1897360970433883,-0.3311593263292381,-0.15319311222753573
0.6058276543694198,0.18591636989284155,-0.32980466185173213,-0.1516164517064312
0.5975796790476173,0.18213651154522495,-0.3283703050127539,-0.1500121394040579
0.5893686317616005,0.1783971974537631,-0.32685806456909466,-0.14838116444480157
0.581196448446846,0.1746990757805796,-0.32526978675377094,-0.1467245645488228
0.5730650077895959,0.17104277948793276,-0.3236073228939781,-0.14504345708413174
0.5649761402633224,0.1674289151229179,-0.32187255135270726,-0.14333900680573097
0.5569316322324851,0.16385805424931976,-0.32006739109715515,-0.14161240270995554
0.548933225912286,0.16033073338824752,-0.31819379917068374,-0.13986485487021375
0.540982618416293,0.15684745467727354,-0.3162537663604256,-0.138097593297418
0.5330814492200842,0.1534086971384169,-0.3142492876068575,-0.13631189537528268
0.5252313026379344,0.1500149135718348,-0.312182366289738,-0.13450907438122475
0.5174337156679828,0.14666651931979546,-0.3100550347036019,-0.132690448573606
0.5096901780581915,0.14336389187927037,-0.3078693521156727,-0.13085733719314616
0.5020021320879998,0.14010737110500301,-0.30562740177023184,-0.12901105783746747
0.4943709636055801,0.13689726839450755,-0.303331267618141,-0.12715294699522925
0.4867979988686271,0.13373386990189384,-0.3009830247673739,-0.12528436478228774
0.47928451475077605,0.13061742456737618,-0.29858476302198306,-0.12340666148682025
0.4718317393577373,0.12754814325152858,-0.2961385862804339,-0.12152117234384852
0.464440851986769,0.12452619879431943,-0.29364661010228355,-0.11962921459212136
0.4571129770181766,0.12155173345786675,-0.29111094376619356,-0.11773210266068149
0.4498491779792818,0.11862486565697929,-0.2885336736793466,-0.11583116155677724
0.44265046836201877,0.11574567864442747,-0.28591688662732284,-0.1139276950041862
0.4355178129900629,0.11291421932895042,-0.2832626705750127,-0.11202297939891238
0.42845212800847193,0.11013049830247774,-0.2805731126209302,-0.11011826100796268
0.4214542763472859,0.10739449646451388,-0.2778502840498657,-0.1082147686981791
0.414525061446421,0.10470617283653855,-0.27509622242677384,-0.10631372973278164
0.4076652377962148,0.1020654543753131,-0.2723129532379491,-0.1044163410861596
0.40087551277763467,0.09947223483988321,-0.26950249141889104,-0.1025237636329275
0.39415654665261346,0.09692637483411748,-0.26666683967115795,-0.10063711970676664
0.38750894857437956,0.09442770860116048,-0.26380797431216024,-0.09875750606718828
0.38093327150405126,0.09197605100750543,-0.2609278300882958,-0.09688600761174332
0.3744300222989372,0.08957118854788713,-0.2580283200507879,-0.09502367213650471
0.3679996634620638,0.08721287857810237,-0.25511133691092186,-0.0931715057712894
0.36164261311316104,0.08490084945799561,-0.25217875161235215,-0.09133047114440195
0.35535924083952203,0.08263480835267029,-0.2492323982763523,-0.08950150267531572
0.349149864949596,0.08041444569517218,-0.246274064970851,-0.0876855144737517
0.34301476185487845,0.07823942763789601,-0.2433055113058825,-0.08588337916557665
0.3369541672613955,0.07610939574324026,-0.24032846906741,-0.08409592498558822
0.33096827604976353,0.07402396748021045,-0.23734464064692187,-0.08232393510960942
0.32505723759765276,0.07198274538688768,-0.23435568231463955,-0.08056816614500523
0.3192211564261828,0.06998531760626263,-0.2313632036046203,-0.07882934718648357
0.3134601000677473,0.06803125238896125,-0.2283687811335237,-0.07710816417723321
0.3077740995936763,0.06612009809470343,-0.22537395857405856,-0.07540525836098796
0.30216314918799003,0.06425138466033492,-0.22238024394473055,-0.07372122808434772
0.29662720124294173,0.06242463332465129,-0.2193890925009239,-0.07205664873897019
0.29116617085011864,0.060639352877959095,-0.21640191542791595,-0.0704120623274059
0.2857799411098872,0.058895036750986424,-0.21342008825141154,-0.0687879686575105
0.2804683632338112,0.057191163073854245,-0.21044495064094743,-0.06718482448267665
0.2752312553548075,0.05552719835766756,-0.20747780058888696,-0.06560305036082517
0.2700683988719928,0.05390260480828825,-0.2045198819232212,-0.06404304557500742
0.26497954558790965,0.05231683442321832,-0.20157239835504148,-0.06250517309845158
0.25996442009177095,0.050769328195869864,-0.1986365167255906,-0.06098975656354927
0.25502271973901797,0.049259516397648834,-0.1957133666655634,-0.05949708024544625
0.25015411208096633,0.047786825209051,-0.19280403020844453,-0.058027402543492
0.24535823515848965,0.046350678088491214,-0.18990954061064524,-0.056580958040929205
0.240634703837768,0.04495049140864828,-0.18703089387913394,-0.05515794640264236
0.23598311037280553,0.04358567442035715,-0.18416904953851854,-0.05375853181198007
0.23140302400654306,0.04225563095791671,-0.1813249284206532,-0.05238284620420977
0.22689398795109209,0.04095976657827764,-0.17849940154522143,-0.05103100409554509
0.2224555240295142,0.03969748460362976,-0.17569329963376124,-0.049703093104512056
0.21808713582494055,0.03846818461470016,-0.17290741824783637,-0.04839916994200468
0.2137883087075228,0.037271262591012023,-0.17014251796232965,-0.04711926061801021
0.20955850826856784,0.03610611565367649,-0.16739931762628588,-0.045863370274704524
0.20539717998435736,0.03497214426353504,-0.16467849187303335,-0.04463148759975419
0.20130375455308253,0.03386874819024538,-0.1619806814246697,-0.04342357542219014
0.19727764855023605,0.032795326371956875,-0.15930649428220142,-0.042239570373407476
0.19331826414598788,0.031751278259630346,-0.15665650428830316,-0.04107938576780992
0.18942498691413848,0.030736009478635928,-0.1540312428808758,-0.039942923556818936
0.18559718956156343,0.02974892853659596,-0.15143120700187945,-0.038830067009301375
0.18183423439304203,0.028789445482077142,-0.1488568634886979,-0.03774067768577204
0.17813547332640145,0.027856972078091714,-0.14630864932305276,-0.03667459604185078
0.1745002465437486,0.026950925901027885,-0.1437869660712714,-0.03563165017575834
0.17092788287049582,0.026070731249672484,-0.14129217970290958,-0.03461165781379101
0.16741770373235793,0.025215815968651932,-0.13882462855793845,-0.033614419423494524
0.1639690235179184,0.024385611360127003,-0.1363846242517054,-0.0326397183162022
0.16058114920571073,0.023579553769021152,-0.13397244996309976,-0.031687324249906265
0.1572533789141132,0.022797088528723593,-0.13158835502495286,-0.030757001949503787
0.1539850053476642,0.022037666645409466,-0.12923256252926002,-0.02984850416766683
0.1507753171220566,0.021300744045213135,-0.12690527192616124,-0.02896157033847223
0.1476235987189874,0.020585781914368582,-0.12460665903770414,-0.028095927689490395
0.14452912917503688,0.019892250435343685,-0.12233687103349163,-0.02725129936263067
0.14149118343829378,0.019219627873967984,-0.12009602924982071,-0.026427402753474626
0.1385090348246834,0.018567398498443747,-0.11788423437005989,-0.025623945360048278
0.13558195511874255,0.017935052586225467,-0.11570156693667875,-0.024840625240158502
0.13270921396360824,0.0173220884875083,-0.11354808487819171,-0.02407713569251335
0.12989007839234348,0.0167280144263993,-0.11142382148178957,-0.023333169373937118
0.12712381560909247,0.016152345629299774,-0.10932879173384595,-0.022608412561590824
0.12440969345833089,0.015594604035457225,-0.10726299349674943,-0.021902544975076935
0.12174698026437877,0.015054318968808633,-0.10522640699605879,-0.021215241615520245
0.11913494375989234,0.014531030079878398,-0.10321899091894225,-0.020546179264953168
0.11657285297958246,0.014024285191385823,-0.10124068703958931,-0.019895032351692037
0.11405997941172868,0.013533639268117275,-0.09929142285058164,-0.019261471194192168
0.11159559698802124,0.013058654537442179,-0.0973711117714061,-0.018645162714616643
0.10917898128233702,0.012598902749924657,-0.09547965023840276,-0.018045775527539977
0.10680940999638351,0.012153965040926383,-0.09361691868734671,-0.017462980043587435
0.10448616467739757,0.011723429943982776,-0.09178278574804606,-0.016896444722570205
0.10220853082493003,0.01130689332556674,-0.08997710873536299,-0.016345836387099077
0.0999757975570876,0.010903959435228282,-0.08819973248900566,-0.015810822812151105
0.09778725705516057,0.010514242521552454,-0.08645048738465183,-0.015291076457681678
0.09564220625550018,0.010137364560339063,-0.08472919376542741,-0.014786270150226342
0.09353994723990686,0.009772954846424087,-0.08303566304891277,-0.01429607665506144
0.09147978715808733,0.009420650256494523,-0.08136969763730889,-0.01382016963789567
0.08946103747359381,0.009080097210949765,-0.07973108832916193,-0.013358228086388476
0.08748301486149813,0.008750950449007604,-0.07811961678994432,-0.012909934164460946
0.08554504205530208,0.008432871867203193,-0.0765350578852774,-0.012474971202260345
0.08364644785584395,0.00812553053133495,-0.0749771799117967,-0.01205302411932965
0.08178656667761185,0.007828603849391018,-0.07344574312364417,-0.011643782205435167
0.0799647384661818,0.007541778077261356,-0.07194049933970588,-0.011246940515743799
0.07818030980929778,0.007264746493827015,-0.07046119521021205,-0.01086219648252736
0.07643263405475748,0.0069972092358826475,-0.06900757271253019,-0.010489249942636211
0.07472107117882001,0.006738873626968155,-0.06757936886709526,-0.010127804167070136
0.07304498720677564,0.006489455627729973,-0.06617631381640049,-0.009777569161837136
0.07140375501578286,0.0062486783897160655,-0.06479813334533742,-0.00943825904121977
0.06979675472187918,0.006016271542245046,-0.0634445501962947,-0.009109590902666394
0.06822337366830643,0.005791971217281622,-0.06211528419771866,-0.008791285205752024
0.0666830059947837,0.005575521037267047,-0.060810050955314957,-0.008483068101433879
0.06517505267240883,0.005366672215448097,-0.05952856194150683,-0.008184671936385435
0.06369892216647294,0.005165182101702344,-0.05827052683863299,-0.007895832592302462
0.062254030479712105,0.004970814079452744,-0.05703565383129037,-0.007616289572324134
0.06083980103198358,0.004783337796195885,-0.055823649379956236,-0.00734578675862496
0.05945566419851056,0.0046025302664934485,-0.05463421673682662,-0.007084074929815267
0.05810105782121673,0.004428174685951217,-0.05346705782848879,-0.006830909619935812
0.05677542742060837,0.004260059802082334,-0.05232187424564558,-0.006586050108889007
0.05547822618944488,0.004097979918154468,-0.05119836734583507,-0.006349259687632612
0.054208914679872926,0.003941735501014747,-0.05009623741608607,-0.006120307143567649
0.05296696069634693,0.003791133525150918,-0.049015183314859,-0.005898967695056819
0.051751839702951656,0.003645986166238806,-0.04795490434340535,-0.00568502058489361
0.050563034849662875,0.0035061106470876072,-0.046915100526706895,-0.005478248998250281
0.04940003692310965,0.003371329295804753,-0.04589547259395072,-0.005278440402806748
0.048262343959380505,0.0032414703572254703,-0.044895720836303395,-0.0050853884077788096
0.047149461421247874,0.0031163674980551927,-0.0439155458838935,-0.0048988919687221405
0.04606090235508676,0.0029958589465648184,-0.042954649835396076,-0.004718753857670735
0.04499618738789725,0.0028797874697962396,-0.0420127363527984,-0.004544780811924422
0.04395484460692363,0.0027680005222188576,-0.04108951045844396,-0.004376784025786434
0.042936409249090965,0.0026603509749922125,-0.04018467753953197,-0.00421458080646117
0.041940423923490726,0.0025566962098521975,-0.0392979445753307,-0.004057992924375127
0.04096643862174228,0.002456897647463585,-0.03842902069693892,-0.003906845838917783
0.040014010716846043,0.0023608207463244792,-0.03757761724520638,-0.0037609688604602364
0.03908270478039011,0.002268335221846588,-0.03674344741788881,-0.0036201957559224996
0.038172092399820085,0.002179315581466513,-0.03592622558975828,-0.003484365980024785
0.03728175230505145,0.002093640156144001,-0.035125668489933634,-0.0033533228793268762
0.0364112703324083,0.002011190831372393,-0.03434149549059498,-0.0032269132984129563
0.035560239422834365,0.0019318530467321894,-0.03357342865060495,-0.003104987716778797
0.0347282594213878,0.0018555160216578148,-0.03282119232632144,-0.0029874008418521035
0.03391493696704213,0.0017820731658159757,-0.03208451268195471,-0.002874012561944887
0.03311988552440307,0.0017114211852000392,-0.03136311868021274,-0.00276468628011034
0.03234272532815434,0.0016434598816843589,-0.030656742269237057,-0.002659288634377256
0.03158308338233877,0.0015780921527625983,-0.0299651184167396,-0.0025576896119637385
0.03084059328180293,0.00151522415481667,-0.02928798479747469,-0.002459762993249187
0.030114895111805116,0.0014547657144396778,-0.028625081303843357,-0.0023653872843223413
0.029405635429048817,0.0013966295425525703,-0.027976150863170055,-0.002274444248113462
0.02871246717684354,0.001340731017519534,-0.027340939603057203,-0.0021868185722102775
0.02803504968510472,0.0012869881851479885,-0.026719196877784915,-0.0021023979637882027
0.027373048554387085,0.0012353218304429802,-0.0261106751043881,-0.0020210733885894605
0.02672613550119038,0.0011856559153812212,-0.025515129185287342,-0.0019427400394656492
0.026093988362645315,0.0011379170050655025,-0.024932317123109546,-0.0018672962729290835
0.025476290945574288,0.0010920339383372357,-0.024362000227768636,-0.001794643036468341
0.024872733025204263,0.0010479378269598332,-0.023803943136006842,-0.0017246839450338143
0.024283010302304054,0.0010055620645071253,-0.023257913778619303,-0.0016573253754091678
0.023706824194753635,0.000964842658594476,-0.022723682851932842,-0.0015924772091483782
0.023143881894774506,0.0009257180813476765,-0.022201024045472775,-0.0015300526011997903
0.022593896146650354,0.0008881287438262177,-0.021689714371941844,-0.0014699670018010623
0.022056585221237008,0.0008520169716476728,-0.021189534181633267,-0.0014121381723223312
0.021531672915369553,0.0008173270047924667,-0.020700267176391413,-0.0013564862464642581
0.021018888387741536,0.000784005088215855,-0.020221700167169978,-0.0013029339749979084
0.020517966158508587,0.0007519997746676798,-0.019753622779098635,-0.0012514073881663374
0.020028645964053755,0.000721261381758512,-0.019295827871205016,-0.00120183476802498
0.019550672611777578,0.0006917418204630002,-0.018848111577023582,-0.0011541463611822545
0.019083795980098038,0.0006633945951198669,-0.018410273315292117,-0.00110827442883373
0.018627770997608595,0.0006361748024844854,-0.017982115780296005,-0.001064153293565362
0.018182357453404453,0.000610039319196757,-0.017563444571837884,-0.0010217197648554905
0.01774732009758628,0.0005849468644102204,-0.017154068241781846,-0.000980913306432727
0.017322428353987663,0.0005608575165071912,-0.016753798506163278,-0.0009416751185669609
0.016907456257017145,0.0005377326632010999,-0.01636245024063121,-0.0009039480801524309
0.016502182451658295,0.0005155350015364982,-0.01597984148799734,-0.0008676767876723049
0.01610639015736593,0.0004942285386047322,-0.01560579342862546,-0.0008328075948686879
0.015719867006237953,0.000473778789842986,-0.0152401300247416,-0.0007992890484696868
0.015342405151409708,0.00045415274995423477,-0.014882678165063133,-0.0007670718624104677
0.014973800941888275,0.00043531850111895825,-0.014533267742703656,-0.00073610817344954
0.014613854879791768,0.00041724518712978823,-0.014191731644170775,-0.0007063515215910083
0.014262371620349412,0.00039990301339151306,-0.013857905754646628,-0.0006777568802408572
0.013919159948370589,0.0003832632455562879,-0.013531628940880518,-0.0006502806829115814
0.013584032612996495,0.00036729835100961027,-0.013212742747763833,-0.0006238811368006491
0.013256806477090504,0.0003519820505018872,-0.012901091500247087,-0.0005985183502211572
0.012937302176650718,0.0003372889507749055,-0.012596522338614196,-0.0005741536289838282
0.012625344053297053,0.0003231945072534935,-0.012298885192563391,-0.000550749427028513
0.012320760154271141,0.0003096750240455167,-0.012008032784867999,-0.0005282693696235881
0.012023382231878573,0.00029670765382023705,-0.011723820634431932,-0.0005066782754641621
0.011733045590789472,0.00028427043980979393,-0.011446106864555357,-0.0004859422643182613
0.011449589212141445,0.00027234250525875054,-0.01117475213903452,-0.0004660291546414296
0.011172855544611796,0.0002609037498467297,-0.010909619762838598,-0.00044690787908100186
0.010902690311193536,0.0002499347417340049,-0.010650575600589825,-0.00042854828985493373
0.010638942509195334,0.00023941671756149988,-0.010397488079078733,-0.00041092117649462167
0.010381464410241592,0.00022933158245079044,-0.010150228189661716,-0.0003939982829209132
0.010130111528601321,0.00021966190912654099,-0.00990866945976435,-0.0003777523225039411
0.009884742492384645,0.00021039105428442321,-0.00967268770898478,-0.00036215722808439365
0.009645219221500183,0.00020150317317387036,-0.009442161214503041,-0.0003471881940492628
0.009411406556335947,0.00019298296049732115,-0.009216970602958877,-0.00033282117697345636
0.009183172201944294,0.00018481562947291947,-0.008996998817470526,-0.0003190328679315015
0.008960386728041905,0.0001769869118345134,-0.008782131119266722,-0.0003058007054793851
0.00874292356900975,0.0001694830578316544,-0.008572255089241405,-0.00029310288814318107
0.008530658972773992,0.00016229083766475418,-0.008367260576876819,-0.00028091838982364673
0.008323471930255347,0.00015539766300133994,-0.008167039508785192,-0.00026922721501843066
0.008121244309841728,0.00014879154038300056,-0.007971486071498177,-0.00025801031528191915
0.007923860490462498,0.000142460880536657,-0.007780496537811665,-0.00024724922202992646
0.007731207332432604,0.00013639449014895563,-0.007593969247017774,-0.00023692604020767545
0.0075431741774526165,0.00013058157186626956,-0.007411804605953584,-0.00022702345772970635
0.00735965284860871,0.00012501172429469807,-0.007233905089999759,-0.00021752475455817557
0.007180537619122254,0.00011967494162756293,-0.007060175213158353,-0.00020841381095534792
0.0070057251122630886,0.00011456169732516403,-0.0068905213447300415,-0.00019967528404117186
0.006835114498233517,0.00010966295242248366,-0.006724851898742216,-0.0001912946307225901
0.006668607128172978,0.00010496997929373853,-0.00656307714603751,-0.00018325776596952537
0.00650610648154191,0.00010047434802875535,-0.006405109176067603,-0.00017555104312801372
0.006347518166121696,9.616792643296958e-05,-0.006250861897560701,-0.0001681612607443922
0.006192749918014712,9.204288002742647e-05,-0.006100251039157091,-0.0001610756691266102
0.006041711600734202,8.809167195764435e-05,-0.005953194149195442,-0.00015428197647542096
0.005894315077213469,8.430708632466246e-05,-0.005809610444864775,-0.0001477684025116453
0.005750474403534245,8.068231913636333e-05,-0.005669420915109072,-0.00014152386475330513
0.005610105621533396,7.721083427865122e-05,-0.005532548258506401,-0.00013553769750644607
0.005473126581251681,7.388631613613084e-05,-0.005398916753786882,-0.00012979956352761945
0.005339456940933746,7.07026695921068e-05,-0.005268452260253722,-0.00012429945892976227
0.005209018167028103,6.76540200285834e-05,-0.005141082218183999,-0.00011902771789850952
0.005081733534187161,6.473471332626528e-05,-0.005016735649210067,-0.00011397501722504116
0.00495752810254826,6.193931573707564e-05,-0.004895343134092449,-0.00010913238054161781
0.004836328632773909,5.926266553155819e-05,-0.004776836676261419,-0.00010449128627660313
0.004718063790556232,5.6699886110222775e-05,-0.004661149893502341,-0.00010004369666139084
0.0046026638201993025,5.4246272015435935e-05,-0.0045482178063009976,-9.578183548580888e-05
0.004490060488420019,5.189727875124922e-05,-0.004437976792132149,-9.169817158869608e-05
0.004380187084348139,4.9648522783399825e-05,-0.004330364585710137,-8.77854222304655e-05
0.004272978419526243,4.749578153930987e-05,-0.004225320279227305,-8.403655633437755e-05
0.004168370827909767,4.543499340808709e-05,-0.004122784322580809,-8.04447976007927e-05
0.0040663021341720805,4.34622584961675e-05,-0.00402269849113633,-7.700362916451155e-05
0.003966711612184517,4.157388751960301e-05,-0.003925005795367004,-7.370689443066234e-05
0.0038695401419893407,3.9766391318581046e-05,-0.0038296506485527523,-7.054877809088196e-05
0.00377472990638294,3.80364009450387e-05,-0.0037365786437257584,-6.752365037039234e-05
0.003682224359038068,3.6380663317367586e-05,-0.0036457365263089683,-6.462606089655919e-05
0.003591968224503802,3.479604122041316e-05,-0.0035570721942638672,-6.185074100531932e-05
0.003503907498205573,3.327951330547516e-05,-0.0034705346982311317,-5.9192605957361584e-05
0.003417989446445152,3.182817409030742e-05,-0.003386074241664332,-5.664675706700857e-05
0.0033341625880295854,3.043923404935672e-05,-0.003303642162495928,-5.420848400066375e-05
0.003252376633676208,2.9110051443190305e-05,-0.0032231908407521223,-5.187333062601082e-05
0.003172582666070727,2.7838138996652682e-05,-0.003144673872036285,-4.9637109529473896e-05
0.0030947328670649825,2.6621097453506404e-05,-0.003068045861463279,-4.749577199591746e-05
0.003018780470747228,2.5456609814690926e-05,-0.002993262382599289,-4.544539831104294e-05
0.0029446797634421454,2.4342441338322887e-05,-0.0029202799775483014,-4.348219933111036e-05
0.0028723860837108627,2.3276439539696332e-05,-0.0028490561570343564,-4.1602517991055165e-05
0.0028018558223509207,2.2256534191282224e-05,-0.002779549400479711,-3.98028307530194e-05
0.0027330464215605016,2.1280737291507208e-05,-0.002711719155274672,-3.807974893757162e-05
0.0026659162944158723,2.0347153375735683e-05,-0.002645525745993953,-3.643004093817213e-05
0.0026004249892789006,1.94540104663335e-05,-0.0025809305078566005,-3.4850694857747296e-05
0.0025365330391191516,1.8599609116349867e-05,-0.002517895687184371,-3.333881831757391e-05
0.0024742018411194515,1.7782307456179426e-05,-0.002456384336048994,-3.1891610061999524e-05
0.0024133936566758615,1.700052119356186e-05,-0.0023963603123222928,-3.0506361021873748e-05
0.0023540716113976917,1.62527236135821e-05,-0.0023377882797238963,-2.9180455336211083e-05
0.0022961996951075133,1.5537445578670464e-05,-0.0022806337078666024,-2.7911371333453828e-05
0.0022397427618411326,1.4853275528602355e-05,-0.002224862872299446,-2.669668247367286e-05
0.0021846665089810236,1.4198859896664834e-05,-0.002170442833265413,-2.5534059140051668e-05
0.0021309374549996723,1.3572924381655247e-05,-0.002117341392175666,-2.4421312101038205e-05
0.0020785230679747106,1.2974270296856108e-05,-0.0020655272238217725,-2.3356385707250415e-05
0.002027391545033153,1.2401740590999397e-05,-0.002014969689894939,-2.2337291295875645e-05
0.0019775117873162373,1.1854217922568519e-05,-0.001965638815909132,-2.1362104123752243e-05
0.001928853399979434,1.133062465979843e-05,-0.0019175052912285165,-2.0428964056429527e-05
0.0018813866921924265,1.0829922880675385e-05,-0.0018705404690935229,-1.9536076230015512e-05
0.0018350826771391204,1.0351114372937075e-05,-0.0018247163666456434,-1.8681711686712502e-05
0.0017899130720176542,9.893240634072718e-06,-0.001780005664950993,-1.786420798491763e-05
0.0017458502664177869,9.455384151117089e-06,-0.0017363816761187183,-1.7081972410583544e-05
0.001702867350133837,9.036687404961111e-06,-0.0016938183521049276,-1.633352048263112e-05
0.0016609381697823976,8.636339745559871e-06,-0.0016522903544957733,-1.5617450128815684e-05
0.001620037148184365,8.253557865846788e-06,-0.0016117728934622402,-1.4932403514795178e-05
0.0015801392768261975,7.887585415222403e-06,-0.001572241720624164,-1.4277066749943515e-05
0.0015412201158599105,7.5376929995543225e-06,-0.0015336731290650936,-1.3650170331789903e-05
0.0015032557941030875,7.203178181177322e-06,-0.0014960439533464407,-1.3050489572851943e-05
0.0014662230090388634,6.883365478893197e-06,-0.0014593315695208945,-1.2476845010445406e-05
0.0014300990268159325,6.577606367970832e-06,-0.0014235138951451893,-1.1928102800041739e-05
0.0013948616596382094,6.285279911790143e-06,-0.001388569366049644,-1.140317639386309e-05
0.001360489274829422,6.005806057510084e-06,-0.0013544769321041294,-1.0901053474864635e-05
0.001326960873317529,5.738639116260823e-06,-0.0013212161422416094,-1.0420783136932275e-05
0.0012942559224345116,5.483251892460664e-06,-0.0012887669931570622,-9.961444749267244e-06
0.001262354344741617,5.239135177856018e-06,-0.0012571099186477173,-9.522147260699213e-06
0.0012312365180293672,5.0057977515214585e-06,-0.001226225789621051,-9.102029485045468e-06
0.0012008832753175641,4.7827663798597735e-06,-0.00119609591410238,-8.700260375157082e-06
0.0011712759048552773,4.569585816601859e-06,-0.0011667020372420657,-8.316039286026988e-06
0.0011423961501208508,4.365818802806779e-06,-0.0011380263413223702,-7.948596227326993e-06
0.001114226206009409,4.171046057740392e-06,-0.0011100514419606095,-7.597192092585912e-06
0.0010867486769739637,3.984871733018803e-06,-0.001082760340797678,-7.2611298538948094e-06
0.0010599467035865256,3.8069292008998717e-06,-0.00105613654627198,-6.939766193133378e-06
0.001033803833762481,3.636865933657642e-06,-0.0010301639599840672,-6.632481647294083e-06
0.0010083039763411647,3.47434118232134e-06,-0.00100482683260522,-6.338676219419438e-06
0.0009834314010858673,3.3190259766754267e-06,-0.0009801097638816988,-6.057769560965826e-06
0.0009591707386838318,3.1706031252595724e-06,-0.0009559977026387789,-5.789201146950772e-06
0.0009355069807462605,3.0287672153687015e-06,-0.0009324759467845933,-5.532430444122412e-06
0.0009124254798083037,2.8932246130529263e-06,-0.0009095301433137662,-5.286937072383805e-06
0.0008899119493290669,2.7636934631175817e-06,-0.0008871462883108796,-5.052220959699968e-06
0.0008679524501068302,2.639903933619366e-06,-0.000865310713124341,-4.827802993850862e-06
0.0008465333869489553,2.5216048740699885e-06,-0.0008440100743767136,-4.613238483008415e-06
0.0008256415924349148,2.4085619608641305e-06,-0.0008232314395869044,-4.408113498233184e-06
0.0008052641956714001,2.300548831511918e-06,-0.0008029621648002046,-4.212027408125651e-06
0.0007853886089469322,2.1973466783330646e-06,-0.0007831898816517582,-4.024592196427971e-06
0.0007660025277318659,2.098744248456898e-06,-0.0007639024973686895,-3.8454325734188315e-06
0.0007470939306783938,2.0045378438223786e-06,-0.0007450881947721259,-3.6741860828908614e-06
0.0007286510796205383,1.9145313211780557e-06,-0.0007267354322791089,-3.510503204856806e-06
0.000710662519574157,1.8285360920821008e-06,-0.0007088329439044218,-3.354047454127708e-06
0.0006931170787369395,1.7463711229022893e-06,-0.0006913697392623163,-3.2044954749024813e-06
0.0006760038726588428,1.6678640717435939e-06,-0.0006743351066010419,-3.061539401977336e-06
0.000659312325367584,1.5928583984443074e-06,-0.0006577186268161999,-2.924901151459648e-06
0.0006430321025270411,1.5212012082095382e-06,-0.0006415101187738625,-2.794308245490868e-06
0.0006271531060859114,1.4527445252114858e-06,-0.0006256996326861069,-2.6694964393390477e-06
0.000611665478126058,1.387346405140383e-06,-0.0006102774528473959,-2.5502120160020584e-06
0.0005965596008625132,1.3248709352045135e-06,-0.0005952340976357276,-2.4362118559802822e-06
1.3,-0.4,-2.116,1.814
1.2489337313496518,-0.35663788931542145,-1.961905292539772,1.6491770578126212
1.2015268734020819,-0.3171988709106169,-1.823624118402222,1.5005978383256633
1.1574085616266818,-0.28130025023454275,-1.6991722662685749,1.3663572475851322
1.1162539663279518,-0.2486037093174244,-1.5868615769009093,1.2448211690405793
1.0777773272322346,-0.21880889861969058,-1.4852480417950924,1.1345801774968967
1.0417264837844877,-0.1916484013105919,-1.3930910572712407,1.0344132428319792
1.0078781868362798,-0.16688336793251388,-1.3093200397967568,0.94325779956526
0.9760341332264185,-0.144299814357368,-1.233007182968608,0.8601852062485636
0.9460177783111193,-0.12370562069326399,-1.163345572166655,0.7843810235149518
0.9176714199529433,-0.10492776567302478,-1.0996305550000918,0.7151280323451203
0.8908539493774281,-0.08781018532529754,-1.0412449750168098,0.6517928261234118
0.8654387197518473,-0.07221171880743762,-0.9876462925399162,0.5938139442023052
0.8413118880510112,-0.05800450968109117,-0.9383563045763199,0.5406924351477567
0.8183708683877108,-0.04507249297713101,-0.8929521735393168,0.49198351288965547
0.7965230597143108,-0.03331014963455909,-0.8510590511940384,0.4472896900631067
0.7756847291639543,-0.022621399947010894,-0.8123437887039304,0.406254879328916
0.7557800140144114,-0.012918609811801995,-0.7765095255099018,0.3685592773737783
0.7367400993456387,-0.0041217659840473665,-0.7432912015541392,0.33391511635838766
0.718502445750753,0.0038423056100407114,-0.7124515753582034,0.3020628475098068
0.7010101516111888,0.011040588088067328,-0.6837779120595273,0.27276796342103055
0.684211370969531,0.01753447108298097,-0.6570790722874204,0.24581817793244118
0.6680588016190093,0.02338027915211554,-0.6321830014493897,0.221020979148145
0.6525092385166812,0.02862973590606092,-0.6089345688706224,0.19820151199764965
0.6375231752102735,0.03333038138730334,-0.5871936813645676,0.17720071658350672
0.6230644386354653,0.03752595698376393,-0.5668336101938234,0.15787366284774867
0.6090998890377624,0.04125672340576365,-0.5477395931131889,0.14008815808396136
0.595599115400675,0.04455978638795762,-0.5298075135286289,0.12372341098372468
0.5825342064046654,0.047469342179244894,-0.51294285176547,0.10866897662041816
0.5698794971211282,0.050016952033414865,-0.4970596367098461,0.09482368067658821
0.5576113924881376,0.052231733712680174,-0.48207965096137967,0.08209481159417557
0.5457081554736101,0.05414059375884999,-0.46793159086964964,0.0703972470525459
0.5341497690240538,0.055768379242374724,-0.4545504562687508,0.05965282696432053
0.5229177626717012,0.0571380699032144,-0.4418768834267523,0.049789652104117774
0.5119950941521033,0.05827091005604919,-0.4298566480316736,0.040741565749394304
0.5013660217386025,0.05918655158904014,-0.41844016942106343,0.03244762947431537
0.4910159853403536,0.05990318791244603,-0.40758205915762113,0.02485164289096295
0.48093152632326186,0.06043764503688446,-0.3972407861863995,0.017901789733204485
0.47110016883568073,0.06080551650056253,-0.38737826106347356,0.01155018844507906
0.4615103612035262,0.061021230847507796,-0.3779595861244047,0.005752626403909916
0.4521513876391329,0.061098153433100946,-0.36895274232045977,0.00046821954019414525
0.44301329485000024,0.061048671023107785,-0.36032832550996385,-0.004340874397903621
0.43408684771434447,0.06088424436259846,-0.3520593635830818,-0.008709653910051046
0.42536344914178736,0.06061550144390467,-0.3441210526853721,-0.0126705645683306
0.41683509957501913,0.0602522853615609,-0.33649060031881123,-0.016253670580492152
0.40849435553467656,0.05980370440937433,-0.3291470705722673,-0.01948682571653422
0.4003342658448142,0.05927820704156812,-0.32207118080597963,-0.022395899437432434
0.392348347815144,0.05868361114943899,-0.31524520236305803,-0.025004886678914068
0.38453055011214493,0.058027149675877576,-0.30865283100722335,-0.02733605297002588
0.3768752040327591,0.05731552855561175,-0.30227903426223407,-0.029410105462383235
0.3693770071517351,0.05655494766739769,-0.2961099816371323,-0.03124627128737159
0.3620309944415112,0.05575113726067989,-0.290132945449848,-0.03286240995957407
0.3548324985901103,0.05490940576321014,-0.2843361795124537,-0.034275150292999906
0.3477771377026193,0.05403465594628589,-0.27870886737093736,-0.0354999493873958
0.3408607962539387,0.053131410249047176,-0.27324105416202366,-0.036551171044372874
0.3340795907753267,0.05220385279907662,-0.2679235445522413,-0.037442201814587406
0.327429859542308,0.05125584279879668,-0.26274786201684525,-0.038185497845656016
0.3209081509488408,0.05029093152153861,-0.25770620355204477,-0.03879263823583483
0.3145111974304734,0.04931239506814608,-0.2527913620254895,-0.03927441415080203
0.308235902077046,0.04832325130841268,-0.2479966820019578,-0.03964087981927519
0.3020793320105036,0.04732627040472088,-0.24331603108545746,-0.03990138711269453
0.29603870430902535,0.04632399411626563,-0.23874375403548115,-0.04006463956315134
0.2901113668337818,0.04531876022997835,-0.23427461662497828,-0.04013875736025763
0.2842947943464781,0.04431270822145329,-0.22990378830842195,-0.04013129838740282
0.2785865819175757,0.04330779058859998,-0.2256268158485915,-0.04004929100248909
0.27298443059057786,0.04230579184664249,-0.221439580745584,-0.03989928408636777
0.26748613743604954,0.04130834173691485,-0.21733826867905814,-0.039687383241555386
0.2620895928216091,0.04031691991507929,-0.21331935680703815,-0.039419267030920475
0.25679277532814876,0.039332865419620416,-0.20937959337035802,-0.03910021316280098
0.2515937399361748,0.03835739254402339,-0.20551596351667076,-0.03873513910300386
0.2464906121247528,0.0373915990814309,-0.2017256705265977,-0.038328625043480606
0.24148158604296852,0.03643646971565982,-0.19800612712991342,-0.03788492559262308
0.23656492059850723,0.03549288425117508,-0.19435493927157915,-0.03740799150768335
0.2317389317374509,0.034561628336558924,-0.19076988353703517,-0.036901497183428895
0.22700198673533142,0.03364340183172654,-0.18724888965853528,-0.03636886247438052
0.22235250370112303,0.03273881973730727,-0.18379003713436776,-0.03581325793331979
0.21778894811424382,0.03184841985927867,-0.18039154116676268,-0.035237624166132075
0.21330983014621668,0.030972667459567168,-0.1770517431386691,-0.03464468473692965
0.20891369776243082,0.030111965616929335,-0.17376909047835917,-0.034036971366195296
0.2045991359019952,0.029266656581672067,-0.1705421332024427,-0.03341682931623828
0.20036476574570267,0.028437023313486506,-0.1673695204204467,-0.03278642301557483
0.19620924158877537,0.02762329720207874,-0.16424998743133568,-0.032147754513252025
0.1921312495682378,0.026825660080818443,-0.161182351413963,-0.031502669925245405
0.18812950267791417,0.026044252524253644,-0.15816549633365587,-0.0308528791818037
0.18420274038212722,0.025279174560739685,-0.1551983712384384,-0.030199959382908155
0.18034972861569773,0.024530485672439147,-0.15227998979619006,-0.029545356577824804
0.17656925826422087,0.02379820884850991,-0.14940942374819222,-0.02889039591863354
0.1728601422694708,0.023082337880807297,-0.14658579142067282,-0.02823629849036158
0.16922121499442982,0.02238283714294906,-0.14380825713439893,-0.0275841825233835
0.16565133053815775,0.02169964549330054,-0.14107602492631996,-0.026935073001163882
0.16214936272383584,0.021032676305751095,-0.13838833837060135,-0.02628990311245454
0.1587142049621271,0.020381817852165772,-0.13574447989708982,-0.02564951639027549
0.1553447677495321,0.0197469399868205,-0.13314376071789832,-0.025014681853347355
0.15203997803435074,0.01912789521145422,-0.13058551900866222,-0.02438609747049693
0.14879877880315134,0.018524519984952345,-0.1280691180568586,-0.02376439402591919
0.1456201287981019,0.017936635555844918,-0.12559394509837957,-0.023150137964984364
0.14250300251696965,0.017364047962306554,-0.12315941137828121,-0.022543832488802235
0.13944638947472962,0.016806550040308656,-0.12076494925630304,-0.02194592275809452
0.13644929192383612,0.016263927279127083,-0.11841000355579892,-0.02135680899834442
0.13351072586295587,0.015735955568672657,-0.11609403521418664,-0.0207768427850733
0.1306297207507708,0.01522240246636435,-0.11381651973773685,-0.02020633056667408
0.12780531948638713,0.014723027255617409,-0.11157694726900093,-0.019645534697824325
0.12503657807927068,0.014237581847326186,-0.10937482142049394,-0.01909467617998824
0.12232256390133082,0.013765815308678412,-0.10720965273445263,-0.018553944833719728
0.11966235633596663,0.01330747263615719,-0.10508096087379427,-0.01802349755798887
0.11705504691557228,0.01286229497774588,-0.10298827470417682,-0.017503459550447666
0.11449973929720758,0.012430019713594259,-0.10093113237028077,-0.016993925247711417
0.11199554891017215,0.012010381400274505,-0.09890908010386222,-0.016494961015134552
0.10954160164686602,0.011603115155531162,-0.09692166743675093,-0.016006612816245915
0.10713703458623983,0.011207955322037331,-0.09496844958661997,-0.015528904136114774
0.10478099614395997,0.01082463545213988,-0.09304898782336374,-0.015061836612527428
0.10247264606585607,0.010452888328980697,-0.09116284963599412,-0.01460539074291847
0.10021115488565513,0.010092447365533726,-0.08930960687522316,-0.014159529392957393
0.09799570314559858,0.00974304866445805,-0.08748883295741625,-0.013724202627915932
0.09582548214295429,0.00940442957192859,-0.08570010537261809,-0.01329934532709939
0.09369969398774161,0.009076328653027897,-0.08394300596085699,-0.012884877714017941
0.0916175515726728,0.008758485765759482,-0.08221712098983894,-0.012480706077816147
0.08957827782005799,0.008450643934368864,-0.08052203858160009,-0.012086727154413232
0.08758110555306452,0.008152549850603322,-0.07885734823926735,-0.011702829671268428
0.08562527802673456,0.00786395270924653,-0.07722264280779337,-0.011328892476199705
0.08371004893071093,0.007584604209143598,-0.07561751864999335,-0.010964785043097985
0.08183468225906623,0.007314258849793659,-0.07404157537012583,-0.01061036856732192
0.07999845153061529,0.0070526758632511125,-0.07249441314879822,-0.010265500378124504
0.07820064016132415,0.006799618406223128,-0.07097563414532553,-0.009930032739461716
0.07644054168940927,0.006554852913341997,-0.06948484357015505,-0.009603811978421806
0.07471745976999576,0.006318149104891373,-0.06802164982385195,-0.009286678933094185
0.07303070785105625,0.006089280690579251,-0.06658566357716758,-0.008978470807622704
0.07137960869182453,0.005868026642219606,-0.06517649609319305,-0.008679024162240416
0.06976349482894535,0.005654169867606441,-0.06379376124108231,-0.008388172608763912
0.06818170861298128,0.005447496978292353,-0.062437075913373705,-0.008105746722953415
0.06663360218539596,0.005247798326002445,-0.06110606009459029,-0.007831574487883927
0.06511853698333331,0.0050548690857619765,-0.05980033535396565,-0.007565483856214104
0.0636358836823845,0.004868509468555176,-0.058519524692031276,-0.007307303521887569
0.06218502246532559,0.004688523604480621,-0.057263254104305904,-0.007056860997553413
0.06076534301314319,0.004514719485857988,-0.05603115274475218,-0.006813982824813006
0.05937624441705277,0.004346909107752726,-0.054822852799187534,-0.006578495174861299
0.058017134669580736,0.004184909629465701,-0.05363798786767284,-0.006350226509770442
0.056687430858586844,0.0040285427502655255,-0.05247619391742809,-0.006129006610122813
0.05538655923514537,0.0038776340117398704,-0.05133711017869874,-0.005914665457134781
0.0541139552064421,0.0037320127919860287,-0.05022037923601175,-0.005707033495121165
0.05286906315344629,0.0035915125909119975,-0.04912564663774603,-0.0055059424785901395
0.05165133605935021,0.003455971962382646,-0.04805255964157499,-0.005311227614735734
0.050460235722182424,0.003325233506743339,-0.047000768562173834,-0.005122725780003749
0.049295232722060676,0.0031991435077918145,-0.045969927195286565,-0.004940275034110356
0.048155806418520714,0.0030775519335957176,-0.04495969288879925,-0.004763714852100611
0.047041444685996366,0.002960312844124802,-0.043969725927543446,-0.00459288717736221
0.045951643726514106,0.0028472849654708576,-0.04299968882158631,-0.004427637794240625
0.04488590816563335,0.00273833065851421,-0.04204924754034697,-0.004267814465916217
0.04384375100316818,0.0026333157301250214,-0.0411180717216957,-0.004113266759033356
0.042824693604246636,0.0025321094366994607,-0.040205834718907915,-0.0039638462440203595
0.041828265408649444,0.002434584930597926,-0.03931221290634196,-0.0038194075889380003
0.04085400385226638,0.002340619571134385,-0.03843688533635135,-0.0036798093638121723
0.03990145435725714,0.002250093990185159,-0.037579534748952856,-0.003544912344475753
0.03897017028195613,0.0021628919760726248,-0.03673984769099628,-0.0034145794490624557
0.03805971290919655,0.002078900477056418,-0.03591751454788128,-0.0032886759060745587
0.03716965116812806,0.0019980100030030953,-0.035112228897251324,-0.0031670702252299967
0.03629956159703899,0.0019201148485337779,-0.03432368728673102,-0.0030496347937852193
0.03544902826141486,0.0018451122455227966,-0.03355159006698245,-0.0029362443282384396
0.03461764269863324,0.0017729022651003506,-0.032795641475810614,-0.0028267758185945603
0.03380500391126028,0.0017033878181897703,-0.03205554966758547,-0.002721108662715347
0.033010718123871866,0.0016364749475939167,-0.031331026205708504,-0.0026191253885556
0.032234398744338706,0.0015720731211948803,-0.030621785757668742,-0.002520712364944346
0.03147566624531915,0.001510094442536121,-0.029927546819845288,-0.0024257583457202078
0.03073414808641773,0.001450453527835166,-0.029248031795769003,-0.002334154340511619
0.03000947871405329,0.0013930675059511078,-0.02858296702436852,-0.0022457937242886853
0.02930129938485481,0.0013378561625174655,-0.027932082483175906,-0.0021605726376503955
0.028609258072832666,0.0012847423667384005,-0.02729511128535257,-0.002078390944990036
0.0279330093813498,0.0012336513943454353,-0.026671790310227116,-0.001999150980831725
0.02727221440121115,0.001184510711228725,-0.026061860305920698,-0.0019227572154500725
0.026626540710663806,0.001137249973437066,-0.025465065911054,-0.00184911634474415
0.02599566230025528,0.001091801059751588,-0.024881155567185002,-0.0017781374444458275
0.02537925937516962,0.0010480984838687275,-0.02430988092068263,-0.001709732883878174
0.024777018381357135,0.0010060790720405964,-0.0237509971975877,-0.0016438177601591272
0.024188631757325982,0.0009656815399839878,-0.023204263405209577,-0.0015803091361930642
0.023613797921260647,0.0009268464848182013,-0.022669442343965222,-0.0015191260982767222
0.023052221263475302,0.0008895163844248592,-0.022146300616241444,-0.0014601898257415847
0.022503611937965386,0.0008536357728324462,-0.02163460825459839,-0.0014034240155121696
0.021967685918059525,0.0008191514517251106,-0.021134138576885758,-0.0013487553686935148
0.021444164751936827,0.0007860119141280254,-0.020644668542621963,-0.0012961125071111249
0.020932775457668588,0.0007541672461951374,-0.020165978760575746,-0.0012454258393735716
0.02043325052321839,0.0007235691272091743,-0.01969785350061151,-0.0011966276182515858
0.01994532785680575,0.0006941708379674412,-0.01924008064687679,-0.0011496520139455996
0.01946875061072134,0.0006659275398538941,-0.018792451249108867,-0.0011044357295023105
0.019003267252100536,0.0006387961554345668,-0.0183547597254169,-0.0010609178111162796
0.01854863124280855,0.0006127349550682035,-0.017926803971955434,-0.001019038877547391
0.01810460100883023,0.0005877035388259236,-0.017508385359538768,-0.0009787411310384854
0.01767093994027,0.0005636628364912178,-0.01709930874207462,-0.0009399684019588579
0.017247416309997956,0.0005405751260237181,-0.01669938236457795,-0.0009026662304252061
0.01683380317038269,0.0005184043082546373,-0.016308417489257782,-0.0008667824590017628
0.01642987836862872,0.0004971156766811844,-0.01592622865186513,-0.0008322668114376084
0.016035424231811785,0.00047667562352048993,-0.015552633651616004,-0.0007990703488644739
0.015650227555084665,0.00045705163466229075,-0.015187453550752864,-0.0007671454958090227
0.01527407960167707,0.0004382122896689246,-0.014830512680492278,-0.0007364460747308287
0.014906776031541138,0.00042012727250895806,-0.014481638564507354,-0.0007069273620251985
0.014548116803954507,0.0004027676024610698,-0.014140661593393077,-0.0006785465833972376
0.01419790622563056,0.00038610547165360834,-0.01380741524255316,-0.0006512626185921373
0.013855952607505044,0.0003701139651208143,-0.013481736017136156,-0.0006250354766447732
0.01352206824762832,0.0003547670539640419,-0.013163463446211708,-0.000599826310111973
0.013196069431165455,0.00034003959535176294,-0.012852440086926006,-0.0005755974416442423
0.012877776403258373,0.0003259073319040633,-0.012548511501955555,-0.0005523123887527357
0.012567013210339107,0.0003123470301248022,-0.012251525964811273,-0.0005299361676323019
0.012263607868580943,0.0002993365170895106,-0.011961334594958366,-0.000508435387406429
0.011967391988109657,0.00028685435673709675,-0.011677791312548105,-0.00048777763087595077
0.01167820070523272,0.00027487981981421414,-0.011400752804054018,-0.0004679314166014095
0.011395872682439365,0.00026339288387526404,-0.011130078525148019,-0.0004488662192339074
0.011120250108400554,0.0002523742332823946,-0.010865630703442146,-0.0004305524890807596
0.010851178581434534,0.0002418052810747877,-0.010607274202530244,-0.00041296171618586527
0.010588507162791574,0.00023166835413397,-0.010354876391035894,-0.00039606681790604697
0.010332088290559671,0.00022194647700132455,-0.010108307277081422,-0.00037984172493629693
0.010081777494219566,0.00021262322949775153,-0.009867439368649896,-0.0003642611165297318
0.009837433393046335,0.00020368274635534553,-0.009632147674330523,-0.00034930043525311716
0.009598917696109363,0.0001951097172173946,-0.009402309705198142,-0.0003349359018727803
0.009366095199330305,0.00018688938626731035,-0.009177805474036176,-0.0003211445289648698
0.009138833627304353,0.00017900759752039415,-0.008958517293262549,-0.000307904227000259
0.008917003832172272,0.0001714509272701157,-0.00874432984204176,-0.0002951940801344464
0.008700479517229845,0.00016420644451120616,-0.008535130132872985,-0.0002829938827245707
0.008489137067742802,0.00015726164693218915,-0.008330807408269568,-0.00027128402497142337
0.008282855550946858,0.00015060446091538226,-0.008131253142035402,-0.0002600455041840538
0.008081516716047695,0.0001442232415368962,-0.007936361040480941,-0.00024925993561473737
0.007885004992551278,0.0001381067723745743,-0.007746027042104961,-0.00023890956250961345
0.007693207343569755,0.00013224429933415217,-0.007560149137983777,-0.00022897733512961097
0.007506013466291103,0.00012662564720207001,-0.007378627456038572,-0.000219447151510454
0.007323315544895699,0.0001212410251589661,-0.007201364210709353,-0.0002103034799758656
0.007145008069649056,0.00011608096830903495,-0.007028263581775781,-0.00020153125242885982
0.00697098783690177,0.00011113633768002573,-0.00685923171517518,-0.000193115872506712
0.006801153949089565,0.0001063983202232436,-0.006694176723781711,-0.00018504322342295724
0.006635407814733279,0.00010185842881354915,-0.006533008688148093,-0.00017729967550640422
0.006473653066084414,9.750851049548791e-05,-0.006375639566574576,-0.00016987211057896135
0.006315795605451936,9.334085231891084e-05,-0.006221983135737117,-0.0001627481401599141
0.006161743615014066,8.934808436470532e-05,-0.0060719550986586815,-0.0001559159181031107
0.006011407247735974,8.552308163914411e-05,-0.0059254728748385785,-0.00014936395301940866
0.005864698621220062,8.185896310396605e-05,-0.005782455595597656,-0.00014308111225728778
0.005721531817705951,7.834909167637578e-05,-0.005642824104572843,-0.00013705662754813863
0.005581822884070508,7.49870742290445e-05,-0.005506500958187911,-0.00013128010043260906
0.005445489822372435,7.176676120313953e-05,-0.005373410417035123,-0.000125741506762942
0.0053124524692115625,6.868228582430135e-05,-0.005243478286284127,-0.00012043128090602348
0.005182632727964845,6.572811410992213e-05,-0.0051166320981146565,-0.00011534041902406087
0.0050559542647588595,6.289891350470144e-05,-0.004992800940030172,-0.0001104602228930029
0.00493234240468849,6.018953133924069e-05,-0.004871915373047056,-0.00010578226172022843
0.00481172413181696,5.7594994830043774e-05,-0.004753907432005719,-0.00010129837618766174
0.004694028089175798,5.511051107951643e-05,-0.004638710625866669,-9.700068233785001e-05
0.004579184578764867,5.273146707596674e-05,-0.00452625993799222,-9.28815753080947e-05
0.004467125534848593,5.045343005096698e-05,-0.004416491799353065,-8.893373377547616e-05
0.00435778446000256,4.8272196857333516e-05,-0.004309343975281775,-8.515022247476315e-05
0.004251096609457044,4.6183794204962234e-05,-0.004204755749835316,-8.152449498016216e-05
0.004146998671595963,4.4184386108165645e-05,-0.0041026676994154005,-7.805021342700009e-05
0.004045428723896579,4.2270267325631866e-05,-0.004003021655488063,-7.472123851518723e-05
0.003946326232929492,4.0437863360424384e-05,-0.003905760704768281,-7.153163227882429e-05
0.003849632054358623,3.868373045998187e-05,-0.0038108291893956324,-6.847566074759651e-05
0.003755288432941241,3.700455561611858e-05,-0.0037181727071013853,-6.554779650348779e-05
0.0036632389793977713,3.539715688575348e-05,-0.0036277380879161268,-6.274272187939943e-05
0.003573428615493552,3.3858521399822874e-05,-0.00353947330128633,-6.005540755762885e-05
0.0034858037489944537,3.2385806330355284e-05,-0.003453327630212002,-5.7481115994808296e-05
0.0034003119830293784,3.097626771144475e-05,-0.0033692514521385026,-5.5015262473729594e-05
0.0033169020744904486,2.962725527284414e-05,-0.003287196202654024,-5.2653406922632856e-05
0.0032355239340330264,2.8336212439965455e-05,-0.003207114375598222,-5.039125580331058e-05
0.003156128626075694,2.7100676333879494e-05,-0.003128959523165524,-4.822466392515832e-05
0.0030786683688002704,2.591827777131614e-05,-0.0030526862560033958,-4.614963618760149e-05
0.0030030965282663784,2.478674115218328e-05,-0.002978250237533154,-4.416232904951522e-05
0.0029293675362117902,2.3703902654468864e-05,-0.0029056080836029874,-4.2259088811610806e-05
0.0028574370822099194,2.266773400970831e-05,-0.002834717530901228,-4.043650001214362e-05
0.0027872618903004073,2.167628324363375e-05,-0.0027655372730742067,-3.8691269180194904e-05
0.0027187996352785082,2.0727664580584805e-05,-0.002698026887204402,-3.702020628709528e-05
0.002652008942695083,1.9820058443508473e-05,-0.002632146833873785,-3.542022602773613e-05
0.0025868493888565915,1.8951711453959038e-05,-0.002567858457224078,-3.3888349051541446e-05
0.0025232815008251067,1.812093643209828e-05,-0.002505123985014067,-3.242170314475284e-05
0.0024612667564183083,1.732611239669534e-05,-0.002443906528674045,-3.101752436564074e-05
0.0024007675387117833,1.656568730995582e-05,-0.002384170035110347,-2.9673163754952302e-05
0.002341747188363925,1.58382076703751e-05,-0.002325879309430925,-2.8386147404223995e-05
0.0022841700291782673,1.5142292602830517e-05,-0.0022690000665186874,-2.7154125572343286e-05
0.0022280011669423973,1.447660760622266e-05,-0.002213498756217263,-2.597482169250731e-05
0.00217320648470467,1.3839864268564585e-05,-0.002159342558929885,-2.4846032682031715e-05
0.0021197526427741945,1.3230820266981617e-05,-0.0021064993856542316,-2.3765629774034324e-05
0.0020676070787208445,1.2648279367711515e-05,-0.0020549378780155697,-2.2731559316237104e-05
0.0020167380073752537,1.2091091426104392e-05,-0.0020046274082982456,-2.1741843537973637e-05
0.001967114419996116,1.1558152366611288e-05,-0.0019555380786629535,-2.0794581248408584e-05
0.0019187060189183671,1.1048411118908883e-05,-0.0019076406488771275,-1.9887962565597624e-05
0.0018714833638843278,1.056088858520264e-05,-0.0018609066636772892,-1.90203071816278e-05
0.0018254177434119275,1.009464606622163e-05,-0.0018153083557888717,-1.81900021696654e-05
0.0017804810762455973,9.648776456107983e-06,-0.001770818556218378,-1.739548519449476e-05
0.0017366459113562645,9.222404242416846e-06,-0.0017274106942733515,-1.6635245071975435e-05
0.001693885427941363,8.814685506116468e-06,-0.001685058797581382,-1.590782230643768e-05
0.0016521734354248273,8.424807921588162e-06,-0.0016437374921081619,-1.521180960674224e-05
0.0016114843734570884,8.051990756626257e-06,-0.0016034220021746385,-1.4545852381714684e-05
0.0015717933101846748,7.695484847521727e-06,-0.0015640881487678714,-1.3908649169078674e-05
0.0015330758853976778,7.354578817679289e-06,-0.0015257122864780522,-1.3298964633125853e-05
0.0014953084517394513,7.028611630243932e-06,-0.0014882714321553076,-1.2715654840981803e-05
0.0014584679437680739,6.716948905723243e-06,-0.0014517431576986234,-1.2157620565647042e-05
0.0014225318026413318,6.418977562308559e-06,-0.0014161055201192447,-1.162379708690152e-05
0.0013874779761167298,6.134105815875056e-06,-0.0013813370615514766,-1.1113154551224727e-05
0.0013532849185514863,5.8617631799817034e-06,-0.0013474168092629385,-1.0624698317496065e-05
0.00131993159090253,5.601400465871248e-06,-0.0013143242756643162,-1.0157469288945006e-05
0.0012873974607265077,5.352489782470266e-06,-0.0012820394583186337,-9.710544231809497e-06
0.0012556625021797763,5.114524536389108e-06,-0.0012505428399500458,-9.28303608114999e-06
0.0012247071558392567,4.887021646610708e-06,-0.0012198153460563409,-8.874098722683088e-06
0.0011945124086089613,4.669533586726764e-06,-0.0011898384127695851,-8.482951236861059e-06
0.0011650597654138338,4.461634395309616e-06,-0.0011605939725619467,-8.108850236427549e-06
0.0011363311350143204,4.2629122180695435e-06,-0.0011320643475323474,-7.751075367097326e-06
0.0011083088296388484,4.072969299011542e-06,-0.0011042322490535672,-7.408929520909823e-06
0.0010809755649838233,3.891421980435302e-06,-0.001077080777777729,-7.0817390576153474e-06
0.001054314460213635,3.717900702935252e-06,-0.0010505934236415214,-6.768854017261163e-06
0.001028309037960654,3.5520500054005336e-06,-0.0010247540658711544,-6.4696483242701275e-06
0.0010029432243252295,3.3935285250149872e-06,-0.0009995469729870618,-6.183519983298042e-06
0.0009782013413205631,3.242009050760895e-06,-0.0009749567951997207,-5.90989138302498e-06
0.0009540680796385683,3.097184499899291e-06,-0.0009509685311987745,-5.6482214594474464e-06
0.0009305286117778945,2.9587698604021245e-06,-0.0009275676393414837,-5.398009622401872e-06
0.0009075684567191801,2.8264903814118466e-06,-0.0009047399141509576,-5.1587724606447125e-06
0.000885173451573081,2.700080460221592e-06,-0.0008824714590812269,-4.9300416968213025e-06
0.0008633297515802747,2.5792836422752092e-06,-0.0008607486865201546,-4.711364328572223e-06
0.0008420238301114558,2.4638526211672265e-06,-0.0008395583177921919,-4.502302764049114e-06
0.0008212424786673403,2.353549238642881e-06,-0.000818887383161009,-4.302434952025156e-06
0.0008009728068786632,2.248144484598107e-06,-0.0007987232218319867,-4.111354506780764e-06
0.0007812022425061772,2.1474184970795225e-06,-0.0007790534819545812,-3.928670827941037e-06
0.000761918521110033,2.0511607080556786e-06,-0.0007598661101481108,-3.7540095164250574e-06
0.0007431096754715202,1.9591750370698364e-06,-0.0007411493357289096,-3.58702288027204e-06
0.0007247641247387871,1.8712793087500922e-06,-0.0007228917604411488,-3.4273887955951564e-06
0.0007068705524420763,1.7872976015006853e-06,-0.0007050822441301412,-3.274795616255511e-06
0.0006894178902347262,1.70705980045267e-06,-0.0006877098889322207,-3.1289413844799196e-06
0.0006723953178931691,1.630401597463909e-06,-0.0006707640392761849,-2.9895339168130243e-06
0.0006557922633169358,1.5571644911190921e-06,-0.0006542342818846759,-2.8562908866623745e-06
0.0006395984025286508,1.4871957867297145e-06,-0.0006381104457754815,-2.728939903549108e-06
0.0006238036596740363,1.420348596334098e-06,-0.0006223826022627803,-2.6072185891745635e-06
0.0006083982070219085,1.3564818386973686e-06,-0.0006070410649583163,-2.4908746504102535e-06
0.0005933724631686469,1.2954602424696687e-06,-0.0005920763879738291,-2.379665956911241e-06
0.0005787170623328754,1.2371566580927112e-06,-0.0005774793329038492,-2.2733652532443065e-06
0.0005644229496727753,1.181454755061714e-06,-0.0005632409614455714,-2.1717655504530384e-06
0.0005504812998404022,1.1282428257640418e-06,-0.0005493525601533764,-2.074667854643696e-06
0.000536883478714878,1.0774127592946885e-06,-0.0005358056031994951,-1.9818791967591837e-06
0.0005236210434023957,1.028860041456294e-06,-0.0005225917523747247,-1.8932126846562998e-06
0.0005106857422362172,9.82483754759136e-07,-0.0005097028570891016,-1.8084875531242582e-06
0.0004980695147766769,9.381865784211443e-07,-0.0004971309543725486,-1.7275292119123641e-06
0.00048576449181117617,8.958747883678798e-07,-0.00048486826887547923,-1.6501692918330175e-06
0.0004737629953541864,8.554582572325455e-07,-0.0004729072128693808,-1.5762456890049084e-06
0.00046205753864725114,8.168504543559943e-07,-0.00046124038624736685,-1.505602607299535e-06
0.0004506408185985148,7.799685513208965e-07,-0.0004498605688586607,-1.4380908142095093e-06
0.00043950570838203725,7.447361747492384e-07,-0.00043876071035464794,-1.373573188878239e-06
0.0004286453299491504,7.110829266635216e-07,-0.00042793400318058637,-1.3119237619947136e-06
0.0004180529634019069,6.789407651674281e-07,-0.0004173737955701804,-1.2530205622093865e-06
0.00040772203429915126,6.482438161326737e-07,-0.00040707357904038865,-1.1967452779135245e-06
0.00039764611365652216,6.18928373199016e-07,-0.00039702698839175335,-1.1429832873743506e-06
0.0003878189179464482,5.909328977742398e-07,-0.00038722780170870834,-1.0916236876781872e-06
0.00037823430909814993,5.641980190341649e-07,-0.00037766994035987744,-1.042559322520957e-06
0.0003688862944976419,5.38666533922651e-07,-0.00036834746899835793,-9.956868088843814e-07
0.0003597690269877286,5.142834071515864e-07,-0.0003592545955619842,-9.509065626353547e-07
0.0003508768048680066,4.90995771200894e-07,-0.00035038567127358374,-9.081228230851593e-07
0.00034220406966603973,4.687529429230477e-07,-0.0003417351883957849,-8.672437106684955e-07
0.00033374538604938705,4.4750789951400126e-07,-0.0003332977586669157,-8.281842094024499e-07
0.00032549551695795726,4.2721805091923653e-07,-0.00032506818766098975,-7.908677029026364e-07
0.0003174493579144454,4.0784238656698194e-07,-0.00031704141195243544,-7.552203162297877e-07
0.00030960191349083073,3.8934116289285356e-07,-0.00030921247589532267,-7.211703188833968e-07
0.0003019482973083736,3.716759033398468e-07,-0.0003015765316235088,-6.88648142131238e-07
0.0002944837320376169,3.5480939835834065e-07,-0.0002941288390507819,-6.575863956557995e-07
0.000287203549398388,3.3870570540610145e-07,-0.0002868647658709972,-6.279198835399836e-07
0.0002801031901597951,3.2333014894827523e-07,-0.0002797797875582019,-5.995856196139339e-07
0.00027317820414022936,3.086493204573916e-07,-0.0002728694873667583,-5.725228421844147e-07
0.0002664242502073659,2.946310784133672e-07,-0.00026612955633146124,-5.466730281676002e-07
0.000259837096278161,2.8124454830349845e-07,-0.0002595557932676441,-5.219799066456371e-07
0.00025341261325447726,2.684602121416447e-07,-0.0002531440986173725,-4.983896527494115e-07
0.0002471467725611135,2.562513717226472e-07,-0.00024689047052403124,-4.7585382713286953e-07
0.00024103570031846355,2.4459359070635263e-07,-0.00024079105956312724,-4.54328256115898e-07
0.00023507561144937148,2.3346319483698197e-07,-0.00023484210434933185,-4.337700638149864e-07
0.00022926280132564873,2.228372250538904e-07,-0.00022903992322996568,-4.1413759086477047e-07
0.00022359364576807572,2.1269343749157013e-07,-0.00022338091428506326,-3.953904039264244e-07
0.0002180646010463994,2.0301030347964586e-07,-0.00021786155532743111,-3.7748930482157653e-07
0.00021267220387933468,1.9376700954287715e-07,-0.00021247840390270622,-3.603963393040183e-07
0.00020741307143456517,1.8494345740116053e-07,-0.00020722809728941158,-3.44074805481169e-07
0.00020228390132874134,1.765202639695252e-07,-0.0002021073524990057,-3.2848926189698483e-07
0.00019728147162748137,1.6847876135813526e-07,-0.00019711296627593285,-3.136055352877677e-07
0.00019240264084537226,1.6080099687229141e-07,-0.00019224181509767081,-2.9939072802201886e-07
0.00018764434753895591,1.5346973571689332e-07,-0.00018749085476505627,-2.8581323073579434e-07
0.00018300359357118151,1.4646908341619165e-07,-0.0001828571030442704,-2.728439776764036e-07
0.00017847749753325027,1.3978501954270565e-07,-0.00017833769255492317,-2.604575088099725e-07
0.00017406326146319944,1.3340407391735147e-07,-0.00017392983881268353,-2.4862933643997924e-07
0.0001697581456916025,1.2731316429458023e-07,-0.00016963081523735054,-2.3733563177196964e-07
0.00016555946884156992,1.2149959636237924e-07,-0.00016543795315288062,-2.2655323009089682e-07
0.0001614646078287474,1.159510637422694e-07,-0.00016134864178741072,-2.1625963573576408e-07
0.00015747099786131685,1.1065564798930658e-07,-0.0001573603282732833,-2.0643302687814986e-07
0.00015357613243999711,1.0560181859208266e-07,-0.00015347051764706994,-1.970522601110288e-07
0.00014977756335804243,1.0077843297272326e-07,-0.0001496767728495912,-1.8809687485416307e-07
0.00014607290070124337,9.617473648688933e-08,-0.0001459767147259383,-1.7954709758221346e-07
0.0001424598128479264,9.178036242377632e-08,-0.00014236802202549203,-1.7138384588155292e-07
0.00013893602646895497,8.758533200611563e-08,-0.00013884843140194247,-1.6358873234164196e-07
0.00013549932644504195,8.358005492963789e-08,-0.0001354157373300794,-1.5614406937903974e-07
0.0001321475421070553,7.975572846445075e-08,-0.00013206777794697207,-1.4903367319793994e-07
0.00012887858915553918,7.610473850156525e-08,-0.00012880247657042054,-1.4224366255749713e-07
0.0001256904496643208,7.261976936593026e-08,-0.00012561782259286572,-1.3576068524976902e-07
0.00012258114710130574,6.92937062930054e-08,-0.00012251184659973114,-1.2957173001120764e-07
0.0001195487463284785,6.611963542876163e-08,-0.00011948262036943412,-1.236641292082967e-07
0.00011659135360190123,6.309084382967987e-08,-0.00011652825687339404,-1.1802556141852559e-07
0.00011370711657171444,6.020081946275172e-08,-0.00011364691027604241,-1.1264405391007136e-07
0.00011089422428213751,5.7443251205480086e-08,-0.00011083677593483221,-1.0750798502347796e-07
0.00010815090717146753,5.4812028845877896e-08,-0.00010809609040024514,-1.0260608645854896e-07
0.0001054754370720801,5.2301243082468975e-08,-0.00010542313141580044,-9.792744546961015e-08
0.00010286612721042892,4.990518552428761e-08,-0.00010281621791806211,-9.346150697221194e-08
0.0001003213322070466,4.76183486908793e-08,-0.00010027371003664678,-8.919807556428064e-08
9.783944807654344e-05,4.543542601229966e-08,-9.779400909422954e-05,-8.512731746464574e-08
9.541891301112233e-05,4.335134128645345e-08,-9.537555836060558e-05,-8.123982119677241e-08
9.305822888812853e-05,4.136212452568969e-08,-9.3016863684334e-05,-7.752834867310218e-08
9.075592657124694e-05,3.9463798275412733e-08,-9.071645990771267e-05,-7.398561362614213e-08
8.851056308410485e-05,3.765222817464471e-08,-8.847290818983428e-05,-7.060398448281025e-08
