x1,x2,xdot1,xdot2
-1.2,-0.8,-0.8,1.552
-1.2195585164739333,-0.7606102430205547,-0.7606102430205547,1.5902213629973634
-1.2381184839685653,-0.7203428811169473,-0.7203428811169473,1.622016131980926
-1.2556599672964681,-0.6793593800507929,-0.6793593800507929,1.6474342616929847
-1.2721669652317091,-0.6378176306860988,-0.6378176306860988,1.66659899282377
-1.2876273922020887,-0.5958714722950327,-0.5958714722950327,1.6797014664748517
-1.30203303326644,-0.5536703070059656,-0.5536703070059656,1.686994471941339
-1.3153793054837069,-0.51135608852874,-0.51135608852874,1.6887831379544032
-1.3276651227506169,-0.46906262202122717,-0.46906262202122717,1.6854166882939277
-1.3388924934655952,-0.426914112729033,-0.426914112729033,1.6772787539389677
-1.3490664840743434,-0.38502496475980014,-0.38502496475980014,1.664779400391826
-1.3581949617570304,-0.3434993368661721,-0.3434993368661721,1.6483466374599995
-1.3662882942740722,-0.3024302626814048,-0.3024302626814048,1.6284178200710928
-1.3733589472158938,-0.2618998745596094,-0.2618998745596094,1.60543230163078
-1.3794212395390628,-0.22197937005683582,-0.22197937005683582,1.5798248710176996
-1.3844912879766351,-0.1827290913414001,-0.1827290913414001,1.552020265696053
-1.3885865613569657,-0.14419891097780463,-0.14419891097780463,1.5224280450109249
-1.3917256773135565,-0.1064285235402146,-0.1064285235402146,1.4914385994277861
-1.3939279981346768,-0.06944849180159679,-0.06944849180159679,1.4594203749340688
-1.3952135822671043,-0.033280347081365236,-0.033280347081365236,1.4267174557095386
-1.3956030390137268,0.0020629951756609144,0.0020629951756609144,1.3936479223067044
-1.39511711333072,0.03657606779890138,0.03657606779890138,1.3605032871987066
-1.393776589045772,0.0702602878871761,0.0702602878871761,1.327548315640636
-1.3916021517696935,0.10312341637785069,0.10312341637785069,1.2950212408253527
-1.3886142377886117,0.13517895545232417,0.13517895545232417,1.2631344397916726
-1.3848328633502796,0.16644537279963662,0.16644537279963662,1.2320756152295986
-1.3802775154955564,0.19694544497541605,0.19694544497541605,1.2020091909528487
-1.3749670849655187,0.2267059028156256,0.2267059028156256,1.1730776606144118
-1.3689197426734137,0.2557568355210387,0.2557568355210387,1.1454032911034542
-1.362152853689644,0.2841310251717368,0.2841310251717368,1.1190900141488225
-1.3546829424206026,0.31186367599090253,0.31186367599090253,1.0942250427414473
-1.3465256341657725,0.33899205731767357,0.33899205731767357,1.07088058751443
-1.337695587523529,0.36555510138494474,0.36555510138494474,1.0491156121419853
-1.3282064619287417,0.39159295003241557,0.39159295003241557,1.0289775990400023
-1.3180709065618292,0.4171468363511418,0.4171468363511418,1.0105039910772449
-1.3073005346689481,0.442258888394597,0.442258888394597,0.9937236417448652
-1.2959058805966213,0.4669718614219916,0.4669718614219916,0.978658249172675
-1.2838964011668361,0.49132893378159453,0.49132893378159453,0.965323649058194
-1.271280470164077,0.5153735878976032,0.5153735878976032,0.9537309550563748
-1.2580653772991317,0.5391496006116228,0.5391496006116228,0.9438875427318885
-1.2442573074004388,0.5627008885503952,0.5627008885503952,0.9357980461204072
-1.2298613357238821,0.5860714477582204,0.5860714477582204,0.9294651961455567
-1.214881436956407,0.609305319827609,0.609305319827609,0.9248905483128467
-1.1993204848475796,0.632446578228813,0.632446578228813,0.9220751152796931
-1.1831802522095882,0.6555393283098256,0.6555393283098256,0.9210199079156505
-1.166461401882908,0.6786277425116414,0.6786277425116414,0.9217263847065646
-1.1491634898181156,0.7017559639241406,0.7017559639241406,0.9241968602200941
-1.131284966915843,0.7249681952700768,0.7249681952700768,0.9284347506917204
-1.112823168843785,0.7483088010500695,0.7483088010500695,0.9344447552419632
-1.0937743160357418,0.7718223075492546,0.7718223075492546,0.9422329841602953
-1.0741335136916188,0.7955534028372844,0.7955534028372844,0.9518069907567077
-1.053894751777427,0.8195469367683261,0.8195469367683261,0.9631757020100837
-1.0330508765696933,0.8438479813897839,0.8438479813897839,0.9763492594627431
-1.011593615438029,0.8685019507615147,0.8685019507615147,0.9913387231756232
-0.9895135744761097,0.8935545166183525,0.8935545166183525,1.008155700426332
-0.9668001941362734,0.919051606041716,0.919051606041716,1.0268118603398289
-0.9434417492068106,0.9450394014775395,0.9450394014775395,1.0473182743568987
-0.9194253488119642,0.9715643407362732,0.9715643407362732,1.069684602224094
-0.8947369364119303,0.9986731169928824,0.9986731169928824,1.0939181097698634
-0.8693612898028579,1.0264126787868477,1.0264126787868477,1.1200225029154391
-0.843282019358446,1.0548299705674087,1.0548299705674087,1.1479964868292152
-0.8164815454955566,1.0839717488211595,1.0839717488211595,1.1778320760201684
-0.7889411243780192,1.1138846790865613,1.1138846790865613,1.2095126815647348
-0.7606408726926814,1.1446145019748237,1.1446145019748237,1.243010568902784
-0.7315597679483358,1.1762060104106866,1.1762060104106866,1.2782842055316412
-0.7016756484757193,1.208703049632421,1.208703049632421,1.315275304002674
-0.6709652800678028,1.2421477699653305,1.2421477699653305,1.353905071257081
-0.639404374436442,1.2765802320945219,1.2765802320945219,1.3940701562627342
-0.6069676549921035,1.312037926661462,1.312037926661462,1.4356380378232205
-0.5736290879099455,1.348553441772877,1.348553441772877,1.478440573975405
-0.5393618860537408,1.386154421673944,1.386154421673944,1.522268400365754
-0.5041385089758779,1.424863566748289,1.424863566748289,1.5668649693728582
-0.46793086023421054,1.4646971183892152,1.4646971183892152,1.611918937575156
-0.4307106519611675,1.5056620394403686,1.5056620394403686,1.6570548184644007
-0.3924495723153246,1.547754916721114,1.547754916721114,1.7018244357235188
-0.3531196394553813,1.590959342290447,1.590959342290447,1.7456967251844762
-0.31269325829587985,1.6352455689752525,1.6352455689752525,1.7880493006189808
-0.2711438160991561,1.6805669471587177,1.6805669471587177,1.8281572139524767
-0.2284461753460944,1.7268569803977536,1.7268569803977536,1.8651825393642563
-0.1845772158333136,1.7740261432342341,1.7740261432342341,1.8981645083753975
-0.13951619716788183,1.8219600635951092,1.8219600635951092,1.9260122285019725
-0.09324568463928523,1.870515034672482,1.870515034672482,1.947497044303883
-0.045752317369975905,1.9195144408976115,1.9195144408976115,1.9612486875502282
0.0029725163403573826,1.9687460063279352,1.9687460063279352,1.9657560944364965
0.0529315403908531,2.0179576340359553,2.0179576340359553,1.9593722849441324
0.1041206536906557,2.0668544040316608,2.0668544040316608,1.9403267533078776
0.15652780472953248,2.1150957120100364,2.1150957120100364,1.9067460452679423
0.21013177472999478,2.162292993303814,2.162292993303814,1.8566843870801604
0.2649010613781247,2.208008392060036,2.208008392060036,1.7881657021085522
0.3207924581876681,2.2517548280672046,2.2517548280672046,1.6992392316139084
0.3777500595666121,2.29299738702018,2.29299738702018,1.5880478188095908
0.43570393897313764,2.3311560022751023,2.3311560022751023,1.4529102509541985
0.494569070556314,2.3656129474608747,2.3656129474608747,1.2924183433069083
0.5542446850017079,2.3957187792537558,2.3957187792537558,1.1055400202945407
0.6146132879956706,2.4208030748139846,2.4208030748139846,0.8917326507642082
0.6755405970193109,2.440192135380461,2.440192135380461,0.651057416740983
0.7368755379599669,2.453219719005374,2.453219719005374,0.3842813019359551
0.7984505162771854,2.4592489894208494,2.4592489894208494,0.0929701215510248
0.8600827926561023,2.4576948828099354,2.4576948828099354,-0.22044904604901683
0.9215755759688453,2.4480418894391396,2.4480418894391396,-0.5526594386551823
0.9827204280977895,2.4298702479985375,2.4298702479985375,-0.899471712189754
1.043299856353386,2.402875186186004,2.402875186186004,-1.2558932539139236
1.1030901025356536,2.366885210375447,2.366885210375447,-1.6162492170494254
1.161865322055627,2.3218787388007462,2.3218787388007462,-1.9743627327542648
1.2194007964985334,2.2679923982033348,2.2679923982033348,-2.323773164965422
1.2754774084810319,2.205525861529652,2.205525861529652,-2.6579950169976003
1.3298856028170631,2.134938544837954,2.134938544837954,-2.9707902235412735
1.3824290845401614,2.05684117086776,2.05684117086776,-3.2564380011725875
1.4329288282310408,1.9719769971994474,1.9719769971994474,-3.509982672527096
1.4812256764838991,1.8812038076521356,1.8812038076521356,-3.72743852712785
1.527183236221691,1.7854640123662453,1.7854640123662453,-3.9059366516635206
1.5706894366848503,1.6857565278252329,1.6857565278252329,-4.043804353885694
1.6116577579752611,1.5831104799741815,1.5831104799741815,-4.140582916942381
1.65002736945679,1.478547285269908,1.478547285269908,-4.196958610660686
1.6857626904236265,1.3730597834741398,1.3730597834741398,-4.2146584992646705
1.7188525679078264,1.2675874381913153,1.2675874381913153,-4.196294097226448
1.7493082894556522,1.1629931978732786,1.1629931978732786,-4.145166725216151
1.7771617790925822,1.060051648360371,1.060051648360371,-4.065075480366363
1.8024631995345826,0.9594377916537005,0.9594377916537005,-3.9601175062843295
1.8252781435617151,0.8617221254076539,0.8617221254076539,-3.834504179739331
1.8456854145248927,0.7673697377453896,0.7673697377453896,-3.6924026246971873
1.863773966933455,0.6767435787580582,0.6767435787580582,-3.5378030213339136
1.8796407598950855,0.5901096432473821,0.5901096432473821,-3.374417629548369
1.8933882654502032,0.5076449653663612,0.5076449653663612,-3.2056094444983394
1.9051222964934489,0.42944781376141716,0.42944781376141716,-3.034351442544804
1.9149503717218646,0.35554613540540164,0.35554613540540164,-2.863204332708468
1.922979809540966,0.2859096970470784,0.2859096970470784,-2.694321671097739
1.9293166518632043,0.22045873079730122,0.22045873079730122,-2.529463241116298
1.9340643526946393,0.15907419377913778,0.15907419377913778,-2.3700238708687023
1.9373230205070935,0.10160629243535814,0.10160629243535814,-2.2170675463249587
1.9391886819173265,0.047882314994189365,0.047882314994189365,-2.07136554973576
1.9397528375790611,-0.0022865456437220558,-0.0022865456437220558,-1.9334359326732362
1.9391021079971358,-0.04909928733411821,-0.04909928733411821,-1.8035823310631092
1.9373180515098787,-0.09276023126470814,-0.09276023126470814,-1.6819304684457874
1.934477084438898,-0.13347497591052288,-0.13347497591052288,-1.5684617932425902
1.930650488604181,-0.1714471523128466,-0.1714471523128466,-1.4630435864649785
1.925904488151643,-0.2068759227376935,-0.2068759227376935,-1.3654552506887643
1.920300404139187,-0.23995406520669024,-0.23995406520669024,-1.2754109822473374
1.913894805254709,-0.270866559105584,-0.270866559105584,-1.192578966233458
1.9067397502788108,-0.2997896937214654,-0.2997896937214654,-1.1165971027956347
1.898882975063414,-0.3268904005611758,-0.3268904005611758,-1.0470861716930155
1.890368174674856,-0.35232605059694405,-0.35232605059694405,-0.9836599599156667
1.88123519553683,-0.3762442819383919,-0.3762442819383919,-0.9259337087838948
1.8715203327313796,-0.3987832323625973,-0.3987832323625973,-0.8735300589217012
1.8612565064075144,-0.42007166558824666,-0.42007166558824666,-0.8260840739233408
1.8504735503410896,-0.44022944549125426,-0.44022944549125426,-0.7832462779420464
1.8391983838054282,-0.459367860494428,-0.459367860494428,-0.7446852317411619
1.82745524107978,-0.47759013622281776,-0.47759013622281776,-0.7100888647680377
1.8152658824675705,-0.49499197026805714,-0.49499197026805714,-0.6791651513246975
1.8026497277448672,-0.5116619152810691,-0.5116619152810691,-0.6516426919252545
1.7896240901302929,-0.5276820605347989,-0.5276820605347989,-0.6272701179424727
1.7762042955157915,-0.5431284170563042,-0.5431284170563042,-0.6058159466039776
1.762403812867978,-0.5580713778567092,-0.5580713778567092,-0.5870679889219186
1.748234444248299,-0.5725763495652773,-0.5725763495652773,-0.5708321425777172
1.733706400120632,-0.586704046399681,-0.586704046399681,-0.5569318688401583
1.7188284013922996,-0.6005109075092374,-0.6005109075092374,-0.5452072544753614
1.7036078339790368,-0.6140496719577087,-0.6140496719577087,-0.5355136376998393
1.6880507997463134,-0.6273695936670982,-0.6273695936670982,-0.5277210104467269
1.6721621851800745,-0.6405167777451779,-0.6405167777451779,-0.5217131079731294
1.6559457693254347,-0.6535346386426255,-0.6535346386426255,-0.5173862219090735
1.639404287449861,-0.6664641805091495,-0.6664641805091495,-0.5146484006822394
1.6225394635155885,-0.6793441892877617,-0.6793441892877617,-0.5134188313331822
1.6053520588080137,-0.6922114889996971,-0.6922114889996971,-0.5136270867838422
1.587841949493816,-0.705101360820895,-0.705101360820895,-0.5152121052666947
1.5700081534970427,-0.7180476991569351,-0.7180476991569351,-0.5181216955109675
1.5518488423461392,-0.7310831209019908,-0.7310831209019908,-0.5223121282389376
1.5333613808749411,-0.7442392188659985,-0.7442392188659985,-0.527747488508234
1.5145423523796184,-0.757546763161643,-0.757546763161643,-0.5343991565066376
1.4953875864254493,-0.7710360275798369,-0.7710360275798369,-0.5422451597736444
1.4758921595327732,-0.7847367971823602,-0.7847367971823602,-0.5512700120128244
1.4560503913723029,-0.798678470244826,-0.798678470244826,-0.5614644202720485
1.4358558680902196,-0.8128903578862275,-0.8128903578862275,-0.5728247470525865
1.4153014797419192,-0.8274014535784615,-0.8274014535784615,-0.5853530540086703
1.3943793667072393,-0.8422410750388803,-0.8422410750388803,-0.5990563260306201
1.373080915511719,-0.8574389246151796,-0.8574389246151796,-0.6139463342117992
1.3513967588266034,-0.8730250892853942,-0.8730250892853942,-0.6300395248258472
1.3293167754688384,-0.8890300406579037,-0.8890300406579037,-0.6473568651845502
1.306830090234105,-0.9054846357865501,-0.9054846357865501,-0.6659236419662069
1.2839250147781776,-0.9224205256712014,-0.9224205256712014,-0.6857690242788812
1.2605891131228364,-0.9398701489098302,-0.9398701489098302,-0.7069257890444881
1.2368091338420366,-0.9578667258954439,-0.9578667258954439,-0.7294301621674397
1.212570931298251,-0.9764445453371874,-0.9764445453371874,-0.7533214639545962
1.1878594656424766,-0.9956389642603392,-0.9956389642603392,-0.7786417853056262
1.1626588028142306,-1.015486408006313,-1.015486408006313,-0.8054355722607719
1.1369521145415493,-1.03602437023266,-1.03602437023266,-0.8337491075986816
1.1107216370286253,-1.0572914590739995,-1.0572914590739995,-0.8636299217018928
1.0839485936912354,-1.0793275959595487,-1.0793275959595487,-0.8951261090496185
1.0566132234866772,-1.1021738794005038,-1.1021738794005038,-0.9282854609868625
1.028694685039999,-1.1258725418564748,-1.1258725418564748,-0.9631545425664195
1.00017105330479,-1.1504669509710514,-1.1504669509710514,-0.9997774372949788
0.9710193195631793,-1.1760016095718058,-1.1760016095718058,-1.0381942732015355
0.9412153567811877,-1.202521877952568,-1.202521877952568,-1.078439520075769
0.9107338843143468,-1.2300741074695936,-1.2300741074695936,-1.1205399884782667
0.8795484679130392,-1.2587051312325894,-1.2587051312325894,-1.1645123774211683
0.8476314908642804,-1.28846169292283,-1.28846169292283,-1.210360329186398
0.8149541539703964,-1.3193904465129576,-1.3193904465129576,-1.2580710751410682
0.781486477198688,-1.3515379256127102,-1.3515379256127102,-1.3076116552079253
0.7471973530948166,-1.3849492505451486,-1.3849492505451486,-1.3589240572641619
0.7120545144745178,-1.4196683375575312,-1.4196683375575312,-1.4119202952161358
0.6760246984142614,-1.4557357979954983,-1.4557357979954983,-1.4664755631943995
0.6390737050094933,-1.4931880202052576,-1.4931880202052576,-1.5224210406561354
0.6011663973746442,-1.5320571695335763,-1.5320571695335763,-1.579536516586232
0.5622668830572546,-1.5723694701742412,-1.5723694701742412,-1.6375411043203254
0.5223386728866749,-1.6141435618100841,-1.6141435618100841,-1.6960830352667169
0.48134501688818404,-1.657387802543773,-1.657387802543773,-1.754727625393304
0.4392492638225306,-1.7020971205969981,-1.7020971205969981,-1.8129439093415076
0.3960148630454048,-1.7482529990819768,-1.7482529990819768,-1.8700932398210817
0.3516058320069187,-1.7958202780877957,-1.7958202780877957,-1.9254148451767525
0.3059874539544581,-1.8447423562890461,-1.8447423562890461,-1.978009678943283
0.25912686286111497,-1.894937387995018,-1.894937387995018,-2.026825399696012
0.21099343308201232,-1.9462957915922643,-1.9462957915922643,-2.0706435833044283
0.16155964408123819,-1.9986755827037788,-1.9986755827037788,-2.10806675889639
0.11080213448510831,-2.0518967567702777,-2.0518967567702777,-2.137507522894937
0.05870250229757894,-2.1057372708128113,-2.1057372708128113,-2.1571834366386566
0.005248453562523389,-2.1599281930499523,-2.1599281930499523,-2.1651171486585254
-0.049564834565954716,-2.214148324883282,-2.214148324883282,-2.159144052295848
-0.10573353351345173,-2.2680203252866886,-2.2680203252866886,-2.136931276857309
-0.16324351844876384,-2.3211064072483456,-2.3211064072483456,-2.096009009313387
-0.22206898348368637,-2.3729057585442215,-2.3729057585442215,-2.033817797424722
-0.28217071232531077,-2.42285286863649,-2.42285286863649,-1.9477738576595025
-0.34349451660779345,-2.4703182693008494,-2.4703182693008494,-1.835354647720217
-0.40596971057154846,-2.5146104425712292,-2.5146104425712292,-1.6942042496648053
-0.4695074307993186,-2.5549832894951985,-2.5549832894951985,-1.5222624258571196
-0.533999702029976,-2.5906441943112464,-2.5906441943112464,-1.3179075808338687
-0.5993180278519202,-2.620764058494743,-2.620764058494743,-1.0801144964175124
-0.665312985889825,-2.644502606024649,-2.644502606024649,-0.8086233657679387
-0.7318142047889404,-2.661020748344197,-2.661020748344197,-0.5040914790269526
-0.7986303710230886,-2.6695083511328503,-2.6695083511328503,-0.16823760528488596
-0.8655507560985328,-2.6692155871986367,-2.6692155871986367,0.19605306139074696
-0.932346727943854,-2.659477809911283,-2.659477809911283,0.5846743137804987
-0.9987743868636731,-2.63974932172972,-2.63974932172972,0.9923077292132368
-1.0645781702522952,-2.609632782064926,-2.609632782064926,1.4125118466118245
-1.1294943234018473,-2.5689033597244864,-2.5689033597244864,1.837888503055851
-1.1932562730794767,-2.5175322671385523,-2.5175322671385523,2.2603388422865978
-1.255598966766163,-2.4556985361405315,-2.4556985361405315,2.67137981186496
-1.3162647271976402,-2.383794900197386,-2.383794900197386,3.062520432398572
-1.375008293171639,-2.3024227767869334,-2.3024227767869334,3.4256560884708565
-1.4316018836446096,-2.21237838232565,-2.21237838232565,3.7534574944231793
-1.4858400211533076,-2.114626715206784,-2.114626715206784,4.039718199725369
-1.537543038821727,-2.010273931249884,-2.010273931249884,4.2796342700398755
-1.586560497138924,-1.900523469783644,-1.900523469783644,4.469985693050197
-1.6327728163833748,-1.786640954667132,-1.786640954667132,4.609222079811044
-1.676092671740905,-1.6699119250297894,-1.6699119250297894,4.697442014793763
-1.7164644475830946,-1.551594023772856,-1.551594023772856,4.736254626385472
-1.753863622108683,-1.4328934959601585,-1.4328934959601585,4.728604403619111
-1.7882948479339353,-1.3149261680516555,-1.3149261680516555,4.678500544463323
-1.8197892544793932,-1.1986969901433224,-1.1986969901433224,4.590736690848045
-1.8484018175055184,-1.085084485963258,-1.085084485963258,4.470605353047659
-1.8742075693585438,-0.9748308859431194,-0.9748308859431194,4.3236203069597
-1.8972986568283345,-0.8685400006517738,-0.8685400006517738,4.155278743006967
-1.9177804777780727,-0.766680411679228,-0.766680411679228,3.9708601220250612
-1.9357686398447749,-0.6695926370823415,-0.6695926370823415,3.7752736844392576
-1.9513857879615188,-0.5774997012198979,-0.5774997012198979,3.5729509489870392
-1.9647587457322462,-0.490520956726671,-0.490520956726671,3.367784521414876
-1.9760162853824756,-0.40868428358583464,-0.40868428358583464,3.1630971500231198
-1.9852867590163723,-0.331942420344875,-0.331942420344875,2.961650083474094
-1.9926966469328424,-0.260184921706094,-0.260184921706094,2.7656644006619415
-1.9983689302251224,-0.19325245118139267,-0.19325245118139267,2.5768659649677486
-2.0024221525705572,-0.13094786563501545,-0.13094786563501545,2.396535220560991
-2.0049695291324077,-0.07304707826280385,-0.07304707826280385,2.2255646062413765
-2.006118426916219,-0.019307794046767957,-0.019307794046767957,2.0645150651538033
-2.005969993388766,0.03052271775272674,0.03052271775272674,1.9136718705831002
-2.0046189742857394,0.07670143371199317,0.07670143371199317,1.773095908930563
-2.0021536769498085,0.1194845396248651,0.1194845396248651,1.6426701794717629
-1.9986560384646546,0.15912349333251816,0.15912349333251816,1.5221406944706926
-1.9942017903146907,0.19586204570211543,0.19586204570211543,1.4111516653175915
-1.9888606666531485,0.2299340555055402,0.2299340555055402,1.3092752171956077
-1.9826966875896601,0.26156203947726087,0.26156203947726087,1.2160358150097874
-1.9757684470321695,0.29095619074313706,0.29095619074313706,1.1309303159810644
-1.9681294259988307,0.31831392485058796,0.31831392485058796,1.0534437193243786
-1.9598283301271804,0.3438197387486572,0.3438197387486572,0.9830615224504705
-1.950909387427049,0.3676453238829669,0.3676453238829669,0.9192791682705903
-1.9414126959363835,0.3899499508500903,0.3899499508500903,0.8616088163816116
-1.931374497512969,0.41088089833574876,0.41088089833574876,0.8095844079605052
-1.9208274980609912,0.43057409430967275,0.43057409430967275,0.7627647672344535
-1.909801129460169,0.4491547394890231,0.4491547394890231,0.720735662381293
-1.8983218042685974,0.46673797768658015,0.46673797768658015,0.6831108232043421
-1.8864131890669442,0.48342968160067346,0.48342968160067346,0.6495318954746909
-1.8740963750800304,0.49932700231243105,0.49932700231243105,0.6196684933777385
-1.8613901516953741,0.5145192465626676,0.5145192465626676,0.5932168520633776
-1.8483111442801203,0.5290883703846905,0.5290883703846905,0.5698992074459479
-1.8348740039822882,0.5431096754669722,0.5431096754669722,0.5494623306917035
-1.8210915964263747,0.5566524787128108,0.5566524787128108,0.5316759322757314
-1.8069750924199302,0.5697805083905576,0.5697805083905576,0.51633165457428
-1.7925341382079638,0.5825525733971343,0.5825525733971343,0.503241228045207
-1.7777769791603633,0.5950230410260294,0.5950230410260294,0.4922350615899156
-1.762710526613641,0.6072421684410197,0.6072421684410197,0.4831611625852965
-1.7473404808375166,0.6192566318025112,0.6192566318025112,0.47588353479227097
-1.731671433449179,0.631109953078636,0.631109953078636,0.47028083516487107
-1.7157069093805821,0.6428427274974141,0.6428427274974141,0.46624551422121296
-1.6994494325067986,0.6544929592062423,0.6544929592062423,0.4636827058768591
-1.6829006262232244,0.6660965351662743,0.6660965351662743,0.4625088500656951
-1.6660612384585212,0.6776873541943393,0.6776873541943393,0.4626511082908129
-1.6489311799140445,0.6892975769834299,0.6892975769834299,0.4640465419379036
-1.631509565509056,0.700957852222229,0.700957852222229,0.4666413605694102
-1.6137947750807857,0.7126977059459019,0.7126977059459019,0.47038991583797873
-1.5957844625693525,0.7245456039215389,0.7245456039215389,0.47525436189207304
-1.577475569224308,0.736529106215318,0.736529106215318,0.48120416187493453
-1.5588643559458926,0.7486750435518814,0.7486750435518814,0.488215560441537
-1.5399464193699077,0.7610097475015873,0.7610097475015873,0.49627103568783437
-1.5207167045406704,0.7735593049794073,0.7735593049794073,0.5053587770072823
-1.5011695049538887,0.7863495589561802,0.7863495589561802,0.5154725616214105
-1.4812984592103813,0.7994061558367928,0.7994061558367928,0.5266115545002152
-1.4610965553716102,0.8127548834768634,0.8127548834768634,0.5387797582041691
-1.440556178749736,0.8264214703494341,0.8264214703494341,0.5519860749284762
-1.4196690448907607,0.8404320621333461,0.8404320621333461,0.5662437374940301
-1.3984261895043106,0.8548133118372239,0.8548133118372239,0.5815701725246959
-1.3768179684636348,0.8695923797994769,0.8695923797994769,0.5979869295063884
-1.3548340578056095,0.8847969336882963,0.8847969336882963,0.6155195730966814
-1.3324634480993764,0.900455174544597,0.900455174544597,0.6341975225059968
-1.3096943835920347,0.9165962574273405,0.9165962574273405,0.6540536503990162
-1.2865144373448985,0.933250079150848,0.933250079150848,0.6751242077776974
-1.2629103912106032,0.9504475293463372,0.9504475293463372,0.6974486134962206
-1.238868201273847,0.9682206098844048,0.9682206098844048,0.7210692216552252
-1.2143729978513884,0.9866024348750277,0.9866024348750277,0.7460310679253171
-1.1894090854920432,1.0056272306675655,1.0056272306675655,0.7723815342004684
-1.1639599312744753,1.0253303485998553,1.0253303485998553,0.8001699330393726
-1.1380080603205422,1.0457484663161698,1.0457484663161698,0.8294470651983978
-1.1115351251825936,1.066919561069635,1.066919561069635,0.8602645424548242
-1.0845217750849208,1.0888828717888888,1.0888828717888888,0.8926742451996321
-1.0569476248511644,1.111678914454361,1.111678914454361,0.9267274670337406
-1.0287912549043239,1.1353494820982677,1.1353494820982677,0.962473849749313
-1.0000302112667463,1.1599376448046177,1.1599376448046177,0.9999601238368548
-0.9706409642225243,1.1854875697520075,1.1854875697520075,1.0392286736251135
-0.940598842356162,1.2120444518958355,1.2120444518958355,1.080315833618898
-0.9098780476243353,1.239654292567991,1.239654292567991,1.1232497474706473
-0.878451607985979,1.2683634475975634,1.2683634475975634,1.1680478667863297
-0.8462913768484764,1.2982186237075761,1.2982186237075761,1.2147140155709462
-0.8133680405286393,1.3292666236997772,1.3292666236997772,1.2632349749647567
-0.7796511163647608,1.361553602045683,1.361553602045683,1.3135763782794279
-0.7451089698471717,1.3951248997380772,1.3951248997380772,1.3656781359866192
-0.70970891219706,1.4300231637408212,1.4300231637408212,1.4194483703945135
-0.6734172062219475,1.4662882106475128,1.4662882106475128,1.4747573005014347
-0.6361990829706846,1.5039568537622907,1.5039568537622907,1.5314304932895273
-0.5980189567377225,1.5430605197431682,1.5430605197431682,1.5892398771574427
-0.5588404421696689,1.5836250706247428,1.5836250706247428,1.6478952227778891
-0.518626792196258,1.625666739967229,1.625666739967229,1.7070318535408608
-0.47734099231087057,1.6691912074782624,1.6691912074782624,1.7661996004321066
-0.4349458080549037,1.7141932503518125,1.7141932503518125,1.82485165463057
-0.3914043883047777,1.7606522681933594,1.7606522681933594,1.8823293151856957
-0.34668065084373567,1.808529518759544,1.808529518759544,1.9378475756869689
-0.30073990914925525,1.8577636982182313,1.8577636982182313,1.990479111651743
-0.25354908706588053,1.9082695583848863,1.9082695583848863,2.0391414540481563
-0.20507762707575702,1.959932647670947,1.959932647670947,2.082581714443402
-0.15529838789118433,2.0126041854573216,2.0126041854573216,2.1193634122172154
-0.10418835463157376,2.066097188229565,2.066097188229565,2.147857617306618
-0.0517296670747157,2.1201817516123542,2.1201817516123542,2.166237900401305
0.002089053548083717,2.174579223299102,2.174579223299102,2.172480679572568
0.05727165058267218,2.2289581791201134,2.2289581791201134,2.164375452181808
0.11381289945988046,2.282929544700801,2.282929544700801,2.139545000276358
0.1716970519393426,2.3360428857998135,2.3360428857998135,2.095479575414411
0.23089633815926242,2.387783762161937,2.387783762161937,2.029587224203111
0.29136917050406796,2.437572493445474,2.437572493445474,1.939263184332772
0.35305874721971553,2.484764689739312,2.484764689739312,1.8219788337702398
0.41589122098051357,2.5286547965931265,2.5286547965931265,1.6753935149505113
0.4797744348471078,2.5684829626827903,2.5684829626827903,1.497486108392175
0.5445965863432676,2.603442039717139,2.603442039717139,1.2867024456759513
0.6102251302395967,2.632696041676836,2.632696041676836,1.04212148751612
0.6765065225468423,2.655395239590563,2.655395239590563,0.7636176770142435
0.7432658248964269,2.670696023361632,2.670696023361632,0.45201997362959523
0.8103074166433639,2.677791881631579,2.677791881631579,0.10925137796219109
0.8774162212743152,2.6759379094829994,2.6759379094829994,-0.2615737978847734
0.9443593709768944,2.6644818927270553,2.6644818927270553,-0.6561013890440432
1.0108895455234992,2.6428986245936383,2.6428986245936383,-1.0687628760343073
1.076747730307512,2.610814091553718,2.610814091553718,-1.492874095864495
1.1416679981582438,2.5680355054799127,2.5680355054799127,-1.9208249113993188
1.2053819887010637,2.5145690655606465,2.5145690655606465,-2.3443453315757083
1.267624025230465,2.4506333001173033,2.4506333001173033,-2.754841496383188
1.3281368543328524,2.3766618345824675,2.3766618345824675,-3.1437817303271847
1.386676422974941,2.2932980748087943,2.2932980748087943,-3.503095861886738
1.4430175744076108,2.201376149509965,2.201376149509965,-3.8255663647452858
1.4969579495172416,2.1018987798392597,2.1018987798392597,-4.105168628843396
1.5483222240871235,1.9960001977451542,1.9960001977451542,-4.337336712762551
1.5969646758354612,1.884908980628085,1.884908980628085,-4.519131860359151
1.6427712236861394,1.769909214180306,1.769909214180306,-4.649311215327072
1.685660060539596,1.6522897750411203,1.6522897750411203,-4.728268801924297
1.725581451506667,1.5333150911622648,1.5333150911622648,-4.757913438752592
1.7625166836411408,1.4141834571197864,1.4141834571197864,-4.741444724654298
1.7964757747100601,1.29599889811918,1.29599889811918,-4.683086791482795
1.827495254994403,1.179750812976921,1.179750812976921,-4.587804132713307
1.8556345593184422,1.0662972064210052,1.0662972064210052,-4.461003419937375
1.8809731262611817,0.9563582431729868,0.9563582431729868,-4.308267634934829
1.9036065750220657,0.8505144077931794,0.8505144077931794,-4.135116529601649
1.9236433837288438,0.7492107583900559,0.7492107583900559,-3.9468150134555673
1.9412016255436344,0.6527648142460276,0.6527648142460276,-3.748226798757809
1.9564057263479184,0.5613790990705959,0.5613790990705959,-3.5437182462028556
1.96938406169511,0.4751523312255167,0.4751523312255167,-3.3370974947714394
1.9802661231948961,0.394096290907634,0.394096290907634,-3.1316002766016338
1.9891809280861306,0.31814810961598955,0.31814810961598955,-2.9298942277987154
1.9962550494651083,0.24718483963096538,0.24718483963096538,-2.7341102550504077
2.0016113812995058,0.18103665711242367,0.18103665711242367,-2.5458886990426373
2.0053680831993685,0.11949805525469816,0.11949805525469816,-2.3664315944684122
2.0076378439062204,0.06233834678613674,0.06233834678613674,-2.1965610431240403
2.0085273331118043,0.009310406617930676,0.009310406617930676,-2.0367768017301806
2.0081369077575175,-0.03984198950617462,-0.03984198950617462,-1.8873115389560877
2.006560451278091,-0.08537807025295621,-0.08537807025295621,-1.7481820912075292
2.003885364849623,-0.1275552711059871,-0.1275552711059871,-1.6192352308826765
2.000192659004691,-0.1666254740072991,-0.1666254740072991,-1.5001878232061603
1.9955571291658534,-0.20283220984632308,-0.20283220984632308,-1.3906611251387644
1.9900476003486023,-0.2364086250104339,-0.2364086250104339,-1.2902096414503708
-1.0,0.7,0.7,1.0
-0.9821412944633081,0.725157210761106,0.725157210761106,1.0078107558246356
-0.9636494563881979,0.7505301812343517,0.7505301812343517,1.0172220944810615
-0.9445185858743831,0.7761593269619087,0.7761593269619087,1.0282542561742363
-0.9247417520254076,0.8020854994396762,0.8020854994396762,1.04092599588232
-0.9043109861592535,0.8283499646580239,0.8283499646580239,1.0552542754713594
-0.8832172818083409,0.854994403101792,0.854994403101792,1.0712538352114023
-0.8614505944177341,0.8820608992390361,0.8820608992390361,1.0889366348252754
-0.8389998188970589,0.9095916463106668,0.9095916463106668,1.108311080361519
-0.8158527772456028,0.9376293337392053,0.9376293337392053,1.1293812549047983
-0.7919962357435679,0.9662165479098902,0.9662165479098902,1.1521456880771965
-0.767415903788375,0.9953954968473431,0.9953954968473431,1.176595948256519
-0.7420964338946623,1.0252080102155687,1.0252080102155687,1.202715096274913
-0.7160214216942866,1.055695539317955,1.055695539317955,1.2304759237480773
-0.6891734147953809,1.0868990414901323,1.0868990414901323,1.2598388922557127
-0.6615339855448978,1.118857838702086,1.118857838702086,1.2907491853991369
-0.633083669111959,1.1516103846265096,1.1516103846265096,1.3231344478307383
-0.6038021419812725,1.1851924477801228,1.1851924477801228,1.356900651128441
-0.5736682598278381,1.2196366709907416,1.2196366709907416,1.3919282684304704
-0.5426600575169472,1.2549725713972786,1.2549725713972786,1.4280683838669632
-0.510754775014776,1.2912263356113276,1.2912263356113276,1.4651383280568342
-0.47792913932910447,1.328418550633724,1.328418550633724,1.5029152899635514
-0.44415937715467935,1.3665641615461839,1.3665641615461839,1.5411311058304071
-0.40942157312482336,1.405669807000265,1.405669807000265,1.5794645385617176
-0.3736917423298601,1.4457332599553192,1.4457332599553192,1.617534831896095
-0.3369459043890374,1.4867429755332877,1.4867429755332877,1.654895169888991
-0.2991605945913055,1.5286749536296451,1.5286749536296451,1.6910236321022363
-0.2603131585271898,1.5714909514475566,1.5714909514475566,1.7253152621317427
-0.22038218223796288,1.6151358936038622,1.6151358936038622,1.7570736611291893
-0.17934768507647492,1.6595368746179955,1.6595368746179955,1.7855045734404165
-0.13719183225906656,1.704599594149768,1.704599594149768,1.8097081366673076
-0.09389953794821414,1.750205407223941,1.750205407223941,1.8286731684242958
-0.04945892037008719,1.7962092339359412,1.7962092339359412,1.8412742945728564
-0.003862110631022833,1.8424363603265155,1.8424363603265155,1.8462709893637466
0.04289392224926025,1.8886793551099914,1.8886793551099914,1.8423104733105649
0.09080664933756204,1.934695763608683,1.934695763608683,1.8279359079218516
0.13986693326161836,1.9802053145054268,1.9802053145054268,1.8016001018659957
0.19005815735426732,2.0248881191522443,2.0248881191522443,1.7616867442362818
0.24135518367772335,2.068383150074936,2.068383150074936,1.7065398395596367
0.2937232354559434,2.110287878196713,2.110287878196713,1.6345030611389477
0.34711703800226834,2.150158621889862,2.150158621889862,1.5439684596446643
0.40147961337005256,2.1875125825556316,2.1875125825556316,1.4334368286607875
0.45674144497237545,2.221832109597743,2.221832109597743,1.3015881636352529
0.5128197248083304,2.2525684735273424,2.2525684735273424,1.1473591232536062
0.56961746438448,2.279150229995232,2.279150229995232,0.9700304383644245
0.6270232534537902,2.3009956705395775,2.3009956705395775,0.7693171922330259
0.6849111269405515,2.3175194792214575,2.3175194792214575,0.5454524284521103
0.7431403969181057,2.328149869719436,2.328149869719436,0.2992708979927744
0.8015565888885846,2.332346224043875,2.332346224043875,0.03227359381800032
0.8599921050055809,2.3296123292101965,2.3296123292101965,-0.2533294199091516
0.9182675875064419,2.319516701759539,2.319516701759539,-0.5546030017005606
0.9761941612471573,2.301711849417824,2.301711849417824,-0.8679102204025394
1.033575115663163,2.2759476873025846,2.2759476873025846,-1.1889711787603763
1.0902090695880322,2.2420895806449623,2.2420895806449623,-1.5129680986932985
1.1458928510077913,2.200128620932921,2.200128620932921,-1.8346880555977334
1.2004245083333853,2.1501897008395847,2.1501897008395847,-2.1486990204540146
1.2536072557047209,2.0925343183760714,2.0925343183760714,-2.4495558043556453
1.3052522812626957,2.027558726669853,2.027558726669853,-2.732011938473156
1.355182435120206,1.9557857094430786,1.9557857094430786,-2.991235186793645
1.4032351622988224,1.8778514470995606,1.8778514470995606,-3.2230026373966902
1.449264968180661,1.7944901982824426,1.7944901982824426,-3.4238662598532943
1.4931459121291437,1.7065091010666151,1.7065091010666151,-3.5912727677418914
1.5347728539520618,1.6147688296480471,1.6147688296480471,-3.7236367529969856
1.5740627341172457,1.5201589201418098,1.5201589201418098,-3.8203612724216955
1.6109547548628762,1.4235676079727173,1.4235676079727173,-3.8817945302492722
1.6454102326815145,1.325867064035782,1.325867064035782,-3.909162290797785
1.6774119566934869,1.2278879144628236,1.2278879144628236,-3.904445617314823
1.7069626453022169,1.1304021286483579,1.1304021286483579,-3.8702374714078394
1.734083710493477,1.0341118607596427,1.0341118607596427,-3.8095941099276955
1.7588130476604675,0.939637906930228,0.939637906930228,-3.725872970001638
1.7812030073051173,0.8475148303346445,0.8475148303346445,-3.6225850488029794
1.801318389769919,0.7581886075547531,0.7581886075547531,-3.5032607057132257
1.8192338550890077,0.672017991775604,0.672017991775604,-3.371334551811949
1.8350321627409736,0.5892775539310076,0.5892775539310076,-3.230054277662352
1.8488019074511817,0.5101635130078953,0.5101635130078953,-3.082412224531283
1.8606356242074018,0.43480131828447727,0.43480131828447727,-2.931101219632639
1.8706283307272475,0.3632520235829464,0.3632520235829464,-2.7784860784297134
1.8788757007553993,0.2955224204111954,0.2955224204111954,-2.6265988154163353
1.8854730569163594,0.23157251997128625,0.23157251997128625,-2.4771428481649407
1.8905142529074848,0.1713229385041784,0.1713229385041784,-2.3315070588882145
1.8940906756098297,0.11466379526716301,0.11466379526716301,-2.190792360194255
1.8962906849294514,0.06146061510483124,0.06146061510483124,-2.055837424204545
1.8971990110367236,0.011561039702707374,0.011561039702707374,-1.9272503624538568
1.8968964057550908,-0.03520005832297041,-0.03520005832297041,-1.8054390519287538
1.8954593712653043,-0.0789957973339153,-0.0789957973339153,-1.6906417357747172
1.892960010367314,-0.12000344346250158,-0.12000344346250158,-1.5829554027769166
1.889465963622781,-0.15840121195558604,-0.15840121195558604,-1.4823619189720638
1.885040428242985,-0.19436566061954835,-0.19436566061954835,-1.3887515399496329
1.8797422066809064,-0.22806966094527661,-0.22806966094527661,-1.301943511403429
1.8736258473561733,-0.25968087296065206,-0.25968087296065206,-1.2217038153033
1.8667417558738704,-0.2893605555453384,-0.2893605555453384,-1.147760412252111
1.859136406087852,-0.31726284331409743,-0.31726284331409743,-1.0798157089469687
1.8508524797227814,-0.3435341629496293,-0.3435341629496293,-1.0175571534639913
1.8419291147159669,-0.3683130513927298,-0.3683130513927298,-0.9606654219332051
1.8324020492776363,-0.3917299888590995,-0.3917299888590995,-0.9088213238902829
1.822303876274904,-0.4139075457516396,-0.4139075457516396,-0.861710796461581
1.8116641993583642,-0.4349605129882584,-0.4349605129882584,-0.8190289942527701
1.8005098385558598,-0.4549961756819774,-0.4549961756819774,-0.7804831782233657
1.788865034988947,-0.47411470177313125,-0.47411470177313125,-0.7457946209619359
1.7767515732662085,-0.4924093915867807,-0.4924093915867807,-0.7147002712700055
1.7641890087165288,-0.5099672242789475,-0.5099672242789475,-0.6869531851094735
1.751194788348825,-0.5268691838194467,-0.5268691838194467,-0.6623231045377029
1.737784375237536,-0.5431906312937218,-0.5431906312937218,-0.6405965877220774
1.7239714421974002,-0.5590018778459314,-0.5590018778459314,-0.6215763977063167
1.7097679500631864,-0.5743684543304352,-0.5743684543304352,-0.6050814011571686
1.6951842489979365,-0.5893514847237298,-0.5893514847237298,-0.5909460529606787
1.6802292393428275,-0.6040082368892181,-0.6040082368892181,-0.5790193628585509
1.6649104268005437,-0.6183923350396695,-0.6183923350396695,-0.5691645191685781
1.6492339932456745,-0.6325540802839434,-0.6325540802839434,-0.5612582030984476
1.6332049099171122,-0.6465409005773797,-0.6465409005773797,-0.5551895874177875
1.6168270073487074,-0.6603976385014771,-0.6603976385014771,-0.5508596499677927
1.6001030101838876,-0.67416674336666,-0.67416674336666,-0.5481806560495921
1.5830345892352733,-0.6878885301427629,-0.6878885301427629,-0.5470754873021422
1.5656224464895423,-0.7016016091903139,-0.7016016091903139,-0.5474766819767163
1.5478663445532423,-0.7153430454167908,-0.7153430454167908,-0.549325983081281
1.52976512148388,-0.7291484806337405,-0.7291484806337405,-0.5525739431947713
1.5113167330739277,-0.7430523856345014,-0.7430523856345014,-0.557179312940874
1.4925182837230626,-0.7570882940842665,-0.7570882940842665,-0.5631084967227743
1.4733660584774626,-0.7712891214447469,-0.7712891214447469,-0.570334937816518
1.4538555235729906,-0.7856871701551614,-0.7856871701551614,-0.5788389565123755
1.4339813257535297,-0.8003142699856824,-0.8003142699856824,-0.5886074075121338
1.4137373266532995,-0.8152020158841576,-0.8152020158841576,-0.5996332013884752
1.3931166171427183,-0.8303816897757784,-0.8303816897757784,-0.6119151889242375
1.372111487122382,-0.8458848300631895,-0.8458848300631895,-0.6254574630693569
1.3507134244986585,-0.8617432585011582,-0.8617432585011582,-0.6402692261452435
1.328913115183686,-0.8779890801965766,-0.8779890801965766,-0.6563646404161165
1.3067004430953726,-0.8946546836084603,-0.8946546836084603,-0.6737626297710494
1.2840644756480903,-0.911772853358333,-0.911772853358333,-0.6924865744997666
1.2609934445035729,-0.9293772186463384,-0.9293772186463384,-0.7125637961770669
1.237474775932323,-0.9475019803504336,-0.9475019803504336,-0.734025453222713
1.2134949890868834,-0.966182267965835,-0.966182267965835,-0.7569061491694808
1.189039688504145,-0.9854541786438245,-0.9854541786438245,-0.7812435922702188
1.1640935641053496,-1.0053547771917495,-1.0053547771917495,-0.8070781826979598
1.138640391196087,-1.0259220960730238,-1.0259220960730238,-0.8344524989463846
1.1126629759393116,-1.047195224143828,-1.047195224143828,-0.8634107226703767
1.0861431386236473,-1.0692144592708355,-1.0692144592708355,-0.8939979039169448
1.0590616829372204,-1.0920211884627071,-1.0920211884627071,-0.9262591862670737
1.0313983280819645,-1.1156578926775473,-1.1156578926775473,-0.9602388660800572
1.0031317087508138,-1.1401681468412135,-1.1401681468412135,-0.9959791773123154
0.974239374900235,-1.1655966177656365,-1.1655966177656365,-1.0335188685310217
0.9446977487030345,-1.19198880663044,-1.19198880663044,-1.0728915719048193
0.9144821025538055,-1.2193911456685298,-1.2193911456685298,-1.1141238500228976
0.8835665442039411,-1.247850464765322,-1.247850464765322,-1.1572328317378588
0.8519239944735931,-1.2774136882988933,-1.2774136882988933,-1.2022234116138428
0.8195261872516686,-1.3081278351399848,-1.3081278351399848,-1.249085056908132
0.786343688161698,-1.3400395431025025,-1.3400395431025025,-1.2977880098029821
0.7523458912260685,-1.3731945413407547,-1.3731945413407547,-1.348278898551373
0.7175010748169686,-1.4076369786439824,-1.4076369786439824,-1.400475568036008
0.6817765030563919,-1.4434077038741562,-1.4434077038741562,-1.4542605925690022
0.6451384277423649,-1.4805442284736303,-1.4805442284736303,-1.5094748317651352
0.6075521319302652,-1.5190802962459442,-1.5190802962459442,-1.5659101274718232
0.5689821717236753,-1.5590433416478495,-1.5590433416478495,-1.623299712313893
0.5293924316955696,-1.6004540860328884,-1.6004540860328884,-1.6813091024572993
0.48874660531338787,-1.6433222216486185,-1.6433222216486185,-1.7395231166020406
0.44700824978173415,-1.687645896783784,-1.687645896783784,-1.797434860557186
0.40414088687274186,-1.733411000667412,-1.733411000667412,-1.8544341176456653
0.36010872017061835,-1.7805860315610744,-1.7805860315610744,-1.9097913993503666
0.3148770402407552,-1.8291193191474406,-1.8291193191474406,-1.9626436593759495
0.26841281801774275,-1.878934964898489,-1.878934964898489,-2.011979084992364
0.22068502047822566,-1.9299310066542144,-1.9299310066542144,-2.056624762189461
0.17166565078669815,-1.9819735757396173,-1.9819735757396173,-2.0952322576272113
0.12133063236667468,-2.034892063783835,-2.034892063783835,-2.126266801109492
0.06966050152358443,-2.0884756527045516,-2.0884756527045516,-2.1480016476161157
0.01664170356528666,-2.1424676493490287,-2.1424676493490287,-2.1585160044311973
-0.03773221620143994,-2.196560643290627,-2.196560643290627,-2.155701139463762
-0.09345942413680773,-2.2503924719342647,-2.2503924719342647,-2.137276625777034
-0.1505281630734696,-2.303541689551756,-2.303541689551756,-2.100818202178476
-0.20891544317977456,-2.355524897070892,-2.355524897070892,-2.0438010094611188
-0.2685852942618066,-2.405794660332046,-2.405794660332046,-1.963660005808942
-0.329487240332649,-2.453739763080446,-2.453739763080446,-1.8578700154028922
-0.3915547528764313,-2.49868665023552,-2.49868665023552,-1.7240454424914338
-0.4547035715442772,-2.539905928644246,-2.539905928644246,-1.5600632483981127
-0.5188307059265729,-2.5766194969486884,-2.5766194969486884,-1.3642006951112617
-0.5838129983169038,-2.608010338429829,-2.608010338429829,-1.1352893112412985
-0.6495065958741753,-2.6332455055527655,-2.6332455055527655,-0.8728810729809395
-0.7157468163420533,-2.6514877751850223,-2.6514877751850223,-0.5774009927535975
-0.7823480101450204,-2.6619232545488494,-2.6619232545488494,-0.25029611317091316
-0.8491049479106593,-2.663790828916168,-2.663790828916168,0.10585193326797071
-0.9157940578941681,-2.6564063009560046,-2.6564063009560046,0.4872592901143527
-0.98217600177393,-2.639196996247187,-2.639196996247187,0.8889323760746989
-1.0479989121409512,-2.611730012254033,-2.611730012254033,1.3047364641257726
-1.1130017936503647,-2.573737989712199,-2.573737989712199,1.7275409157996595
-1.1769196856621638,-2.525143675482621,-2.525143675482621,2.1494533857401477
-1.2394878475869369,-2.466073273546332,-2.466073273546332,2.5621172329596607
-1.3004476037744765,-2.396864766139206,-2.396864766139206,2.957074171482528
-1.3595512823646192,-2.31806529085949,-2.31806529085949,3.326150793784885
-1.4165673918197066,-2.2304196067973088,-2.2304196067973088,3.6618486760449307
-1.4712854991842959,-2.1348469619114896,-2.1348469619114896,3.957701236562066
-1.5235199298931497,-2.032414932640112,-2.032414932640112,4.2085696716087595
-1.5731133920316775,-1.9242976028557703,-1.9242976028557703,4.4108476345409375
-1.6199388504755732,-1.8117418267529382,-1.8117418267529382,4.562573330258095
-1.663901106672854,-1.6960231339343883,-1.6960231339343883,4.663431470750316
-1.7049366612503618,-1.578401357641834,-1.578401357641834,4.714646605407194
-1.743013247789662,-1.4600928091168126,-1.4600928091168126,4.718821367280069
-1.7781280457747817,-1.3422311352369252,-1.3422311352369252,4.679681903814233
-1.8103053566635448,-1.2258460011301924,-1.2258460011301924,4.601808593423784
-1.8395939264206067,-1.111844707015036,-1.111844707015036,4.490349356817687
-1.8660633468368633,-1.0010010850362994,-1.0010010850362994,4.350740646928138
-1.889801153649124,-0.8939517655383868,-0.8939517655383868,4.188462595941616
-1.910908896991011,-0.791197973525372,-0.791197973525372,4.008827932974629
-1.9294992140351892,-0.693111314420227,-0.693111314420227,3.8168186009071947
-1.9456924556487492,-0.5999440606893134,-0.5999440606893134,3.616968103621816
-1.9596139300963467,-0.5118415803881818,-0.5118415803881818,3.4132884232292415
-1.9713914499715657,-0.42885483596036866,-0.42885483596036866,3.2092312936040552
-1.9811529485899866,-0.3509565706536279,-0.3509565706536279,3.0076893381878547
-1.9890249812524985,-0.2780527696735233,-0.2780527696735233,2.811010244577533
-1.9951309495422358,-0.20999762742919406,-0.20999762742919406,2.6210388542047114
-1.9995901309501913,-0.1466046331248815,-0.1466046331248815,2.4391637001466293
-2.0025167033084963,-0.0876577886025686,-0.0876577886025686,2.266373058909079
-2.0040191742820594,-0.03292063199054768,-0.03292063199054768,2.103310857075536
-2.0041999512632738,0.01785564193831131,0.01785564193831131,1.9503327391784644
-2.0031551177207305,0.06492570207509328,0.06492570207509328,1.8075579722425683
-2.0009743600102228,0.10854475018994306,0.10854475018994306,1.6749169597348388
-1.9977410047728985,0.1489643208673252,0.1489643208673252,1.5521933207565306
-1.9935321598381646,0.1864290747809666,0.1864290747809666,1.4390603104447242
-1.9884189055468728,0.2211744149657383,0.2211744149657383,1.3351117635116814
-1.9824665618053947,0.2534248651232583,0.2534248651232583,1.239887695033329
-1.9757349698635325,0.2833929521698641,0.2833929521698641,1.152895408038857
-1.968278794157498,0.31127862882206814,0.31127862882206814,1.0736262221082633
-1.9601478614591905,0.337269050858309,0.337269050858309,1.001568632318024
-1.9513874503165196,0.3615386020936098,0.3615386020936098,0.9362185162738794
-1.9420386459122179,0.38424924007965755,0.38424924007965755,0.8770864582654501
-1.9321386053339757,0.4055508589308263,0.4055508589308263,0.8237033859244505
-1.9217208922833287,0.4255819294784232,0.4255819294784232,0.7756239948561532
-1.9108157248280693,0.44447005885416374,0.44447005885416374,0.7324292669207304
-1.8994502533968851,0.4623326983587668,0.4623326983587668,0.6937276011093423
-1.887648817649874,0.4792778672690883,0.4792778672690883,0.6591551330945951
-1.8754331342403436,0.4954047378105533,0.4954047378105533,0.6283758349147275
-1.8628225705596269,0.5108044971279435,0.5108044971279435,0.6010803318376734
-1.8498342757207265,0.5255608195059494,0.5255608195059494,0.5769854393289797
-1.8364833970263748,0.5397506336310499,0.5397506336310499,0.555832576966169
-1.822783247161888,0.5534447157399633,0.5534447157399633,0.5373864399437909
-1.808745407084756,0.5667081321380923,0.5667081321380923,0.5214339121122085
-1.794379913560774,0.5796009517623683,0.5796009517623683,0.5077821415186208
-1.779695361013173,0.5921786473762225,0.5921786473762225,0.4962573535887247
-1.7646989813325977,0.6044924820381943,0.6044924820381943,0.4867036474694757
-1.7493967856191286,0.6165900930923474,0.6165900930923474,0.478981270298408
-1.7337936425973002,0.6285158218222413,0.6285158218222413,0.4729655150556127
-1.7178933301652817,0.6403109955372593,0.6403109955372593,0.4685457328433402
-1.7016986189667893,0.6520143236449546,0.6520143236449546,0.4656240847677384
-1.6852113620288187,0.6636623139867314,0.6636623139867314,0.4641142928839199
-1.6684325140561294,0.6752893856227442,0.6752893856227442,0.463941085032183
-1.651362178865281,0.6869281576461965,0.6869281576461965,0.46503927994260685
-1.6339996643035435,0.6986097500404892,0.6986097500404892,0.4673528869788812
-1.6163435303926865,0.7103640817227673,0.7103640817227673,0.47083427458466853
-1.598391593040126,0.722219905902508,0.722219905902508,0.475443866743136
-1.5801409551821761,0.7342050757494392,0.7342050757494392,0.4811494368110085
-1.5615880289680044,0.7463466364303848,0.7463466364303848,0.48792572217165486
-1.5427285624693003,0.7586712092098958,0.7586712092098958,0.4957536316625264
-1.5235576442153977,0.7712050558198118,0.7712050558198118,0.5046200115106096
-1.5040697029765184,0.7839740817234649,0.7839740817234649,0.5145174913036119
-1.4842585025815183,0.7970041390583731,0.7970041390583731,0.525443951116877
-1.4641171964676958,0.8103209207600691,0.8103209207600691,0.5374024552737571
-1.443638289662649,0.8239502867782619,0.8239502867782619,0.5504007779671377
-1.4228136155714786,0.8379185098134125,0.8379185098134125,0.5644510800619034
-1.4016343359767935,0.8522522753167315,0.8522522753167315,0.5795698489072177
-1.3800909410387052,0.8669786814901819,0.8669786814901819,0.595777805049384
-1.3581732492920362,0.8821252392996259,0.8821252392996259,0.6130997726178378
-1.3358703596218935,0.8977201889139576,0.8977201889139576,0.6315643285932191
-1.3131706979648272,0.9137925509837673,0.9137925509837673,0.6512035818753225
-1.29006196324057,0.9303721185408433,0.9303721185408433,0.672053101657271
-1.2665310489298032,0.9474897386174121,0.9474897386174121,0.6941516470769302
-1.2425640430741616,0.9651773122461342,0.9651773122461342,0.7175409792461874
-1.2181462282762316,0.9834677944601055,0.9834677944601055,0.7422656022889352
-1.1932620816995494,1.00239519429286,1.00239519429286,0.7683724245443241
-1.167895201340827,1.0219947103920324,1.0219947103920324,0.7959103829042509
-1.142028303069773,1.0423028765641742,1.0423028765641742,0.8249299112401011
-1.1156431910849745,1.0633574501736827,1.0633574501736827,0.8554824446294957
-1.088720657380481,1.085197483927151,1.085197483927151,0.8876198143661159
-1.0612404816774523,1.1078633259573767,1.1078633259573767,0.9213933874020246
-1.0331814314241559,1.1313966198233647,1.1313966198233647,0.9568530366747937
-1.0045212536196644,1.1558402731462845,1.1558402731462845,0.9940459322024823
-0.9752365807730581,1.1812382452635644,1.1812382452635644,1.033015209416897
-0.9453029470671805,1.2076356620124868,1.2076356620124868,1.0737982052788426
-0.9146947351300078,1.2350782857561604,1.2350782857561604,1.1164244456037369
-0.8833851602658824,1.263612423611224,1.263612423611224,1.160913189106584
-0.8513462705383558,1.2932849243309206,1.2932849243309206,1.2072706036679612
-0.818548953414652,1.3241424703759652,1.3241424703759652,1.2554863222325738
-0.7849629046631332,1.3562316836793213,1.3562316836793213,1.3055297036986486
-0.7505567017296594,1.3895977518372868,1.3895977518372868,1.3573449002907938
-0.7152978363009057,1.424283569579796,1.424283569579796,1.4108453008888935
-0.6791527143043705,1.460329738770412,1.460329738770412,1.4659076839448186
-0.642086727873839,1.4977737548856445,1.4977737548856445,1.5223652596114587
-0.6040643972161488,1.5366481907109586,1.5366481907109586,1.5799991965264724
-0.56504949799359,1.5769796398470635,1.5769796398470635,1.6385296036660353
-0.5250053918972826,1.6187854111300957,1.6187854111300957,1.6976039092966912
-0.4838950383112499,1.6620734056923887,1.6620734056923887,1.7567866294712533
-0.44168117455379957,1.7068407430522368,1.7068407430522368,1.8155475680677522
-0.3983268957149641,1.7530693120593988,1.7530693120593988,1.8732466647389687
-0.35379603778274327,1.8007230536471561,1.8007230536471561,1.9291196401903323
-0.3080536620644232,1.8497444034562531,1.8497444034562531,1.9822627622649862
-0.26106632569516947,1.9000526733675223,1.9000526733675223,2.031619718893578
-0.2128030639111479,1.9515381999012977,1.9515381999012977,2.075965575388954
-0.1632361930863421,2.004057678477847,2.004057678477847,2.113893640974735
-0.11234192842551652,2.057430787413239,2.057430787413239,2.1438064808252006
-0.06010154121687729,2.1114347548462646,2.1114347548462646,2.163909381456973
-0.006502572943751025,2.1657989073516184,2.1657989073516184,2.172209902834972
0.04846012897186208,2.220200646856864,2.220200646856864,2.166526633987181
0.10478284781047456,2.2742603168204814,2.2742603168204814,2.144507352501692
0.16245161190419183,2.327537497284558,2.327537497284558,2.1036609460528917
0.22144066817748898,2.379528119103489,2.379528119103489,2.041404982598775
0.28171071710309875,2.4296629474357156,2.4296629474357156,1.9551319237792437
0.34320750140296236,2.477307768276888,2.477307768276888,1.8422947438203772
0.40585995539570396,2.521766607936078,2.521766607936078,1.7005154482595666
0.46957895229766283,2.5622877828066306,2.5622877828066306,1.52771311970227
0.5342558802421433,2.598070663483801,2.598070663483801,1.3222491740102678
0.5997615332710333,2.6282836628195407,2.6282836628195407,1.083091971321936
0.6659457816904737,2.652077409987732,2.652077409987732,0.8099783026536247
0.7326370334849173,2.6686056823043054,2.6686056823043054,0.5035758076689554
0.7996429507541335,2.677055121709419,2.677055121709419,0.16562589659888238
0.8667514537831825,2.676668636348715,2.676668636348715,-0.20095176502774026
0.9337323464760869,2.666777385466695,2.666777385466695,-0.592001078151983
1.0003404816955586,2.646834437510236,2.646834437510236,-1.0021431858915044
1.0663183963312088,2.61643947590568,2.61643947590568,-1.4248619767568287
1.1314010665727676,2.5753698727864522,2.5753698727864522,-1.85268071785559
1.1953201818781893,2.523598970034681,2.523598970034681,-2.2774150352103275
1.2578093236324885,2.461311061373078,2.461311061373078,-2.690499836624409
1.3186095942641787,2.3889056770307096,2.3889056770307096,-3.0833689000603908
1.3774744882312278,2.306993658990022,2.306993658990022,-3.44785357051504
1.4341756125936107,2.216379916946584,2.216379916946584,-3.7765781995714525
1.4885066759578232,2.118042647857493,2.118042647857493,-4.06330972033418
1.5402879086280008,2.0130969120067452,2.0130969120067452,-4.303236930952333
1.5893687198760869,1.9027591250192228,1.9027591250192228,-4.493155963723666
1.6356299314718605,1.7883072258761112,1.7883072258761112,-4.631554690092749
1.6789845893276045,1.6710311569549112,1.6710311569549112,-4.7185723022481945
1.7193779304552756,1.5522024237846548,1.5522024237846548,-4.7558901700302325
1.7567863949926064,1.4330311193255123,1.4330311193255123,-4.746516980318194
1.7912155801771568,1.3146379589345945,1.3146379589345945,-4.694532059298183
1.8226980107435429,1.1980316978540546,1.1980316978540546,-4.60480081035441
1.8512896228670623,1.0840916476047389,1.0840916476047389,-4.4826762988731295
1.8770669509207853,0.9735601669957737,0.9735601669957737,-4.333729534410651
1.9001231941527101,0.8670397911652586,0.8670397911652586,-4.16350295633619
1.920565021320002,0.7649965955128327,0.7649965955128327,-3.9773119189731285
1.9385091502698069,0.6677677588219644,0.6677677588219644,-3.7800909121864725
1.954079170846169,0.575573283431698,0.575573283431698,-3.5762895358474074
1.9674029937894448,0.48852732389701314,0.48852732389701314,-3.369805944581094
1.9786100131166573,0.4066549818151378,0.4066549818151378,-3.1639676371334025
1.9878294824457954,0.3299039780472251,0.3299039780472251,-2.96152987383464
1.995188399265631,0.2581603221408144,0.2581603221408144,-2.7647066849048016
2.0008103265946113,0.19126082380815132,0.19126082380815132,-2.575212858534661
2.0048142100308253,0.12900503841287866,0.12900503841287866,-2.3943165445698025
2.007313642860586,0.07116569704319327,0.07116569704319327,-2.2228964625669954
2.008416265685967,0.01749783690785397,0.01749783690785397,-2.061500081620436
2.0082234453136967,-0.03225370659688045,-0.03225370659688045,-1.910399197994989
2.006830091077019,-0.0783479831726142,-0.0783479831726142,-1.7696419911713912
2.0043246255096796,-0.12104294387001355,-0.12104294387001355,-1.6390996684964965
2.000789060339122,-0.16059152323658696,-0.16059152323658696,-1.5185075250353335
1.9962991605416052,-0.1972386998263152,-0.1972386998263152,-1.4075001546916335
1.9909246824928362,-0.23121935296344276,-0.23121935296344276,-1.3056411362234757
1.9847296265137861,-0.2627567728955735,-0.2627567728955735,-1.2124476133038147
1.9777725626940676,-0.29206180877759286,-0.29206180877759286,-1.1274099827813493
1.9701069306851475,-0.3193323422072125,-0.3193323422072125,-1.050007845450089
1.9617813775802395,-0.34475322988841817,-0.34475322988841817,-0.9797220936779902
1.9528400793698175,-0.36849641978733555,-0.36849641978733555,-0.9160443101941684
1.9433230601846438,-0.3907213357575181,-0.3907213357575181,-0.8584835068604562
1.9332664984856225,-0.41157535279929863,-0.41157535279929863,-0.8065710044994894
1.9227030317308569,-0.43119443965821447,-0.43119443965821447,-0.7598634947125171
1.911662009629352,-0.4497037486295505,-0.4497037486295505,-0.7179451569881559
1.9001697981061534,-0.4672184319709059,-0.4672184319709059,-0.6804282125328762
1.8882499638946229,-0.48384419013185215,-0.48384419013185215,-0.6469535359744774
1.875923566411666,-0.49967816843078083,-0.49967816843078083,-0.6171896753412682
1.8632093106526875,-0.5148094789882384,-0.5148094789882384,-0.5908324909754854
1.8501237618548576,-0.529319952764589,-0.529319952764589,-0.5676037825841298
1.8366815392023534,-0.5432848118470998,-0.5432848118470998,-0.5472498685169134
1.8228954234435186,-0.5567731201298479,-0.5567731201298479,-0.5295405708017857
1.8087765548335797,-0.5698485273227054,-0.5698485273227054,-0.5142672547381619
1.7943345474246235,-0.5825697111780856,-0.5825697111780856,-0.5012415712940212
1.7795775756968681,-0.5949907865127345,-0.5949907865127345,-0.4902942133545054
1.7645125288464318,-0.6071619285622476,-0.6071619285622476,-0.4812730821823885
1.7491450912603497,-0.6191297080072782,-0.6191297080072782,-0.4740421638868908
1.7334798013826855,-0.6309374048605487,-0.6309374048605487,-0.46848044968969504
1.7175201518139378,-0.6426254627011947,-0.6426254627011947,-0.46448052448286226
1.7012686734332687,-0.6542318667760515,-0.6542318667760515,-0.4619473698180627
1.6847269629210933,-0.6657923065565255,-0.6657923065565255,-0.4607976770349953
1.6678957333320776,-0.6773404630427485,-0.6773404630427485,-0.460958898336969
1.6507748883862008,-0.6889084013380911,-0.6889084013380911,-0.4623681239310389
1.6333635561285886,-0.7005267632256805,-0.7005267632256805,-0.46497142557767335
1.6156601015292458,-0.7122248760768476,-0.7122248760768476,-0.46872338530247815
1.597662164117591,-0.7240309953335808,-0.7240309953335808,-0.4735863842735075
1.5793666877946713,-0.735972535374661,-0.735972535374661,-0.4795299679035918
1.5607699475028545,-0.7480763410989684,-0.7480763410989684,-0.4865302053557734
1.5418675496354657,-0.7603686919781918,-0.7603686919781918,-0.4945695188261765
1.522654432656383,-0.7728754747551363,-0.7728754747551363,-0.5036362653123179
1.503124904075102,-0.7856223065109181,-0.7856223065109181,-0.5137243662732938
1.483272640197811,-0.7986346299167141,-0.7986346299167141,-0.5248330376012554
1.463090665706901,-0.8119381114260641,-0.8119381114260641,-0.5369662095209937
1.4425713535012454,-0.8255586459014452,-0.8255586459014452,-0.5501324598141211
1.4217064246962028,-0.8395223566142687,-0.8395223566142687,-0.5643449248628498
1.4004869486172453,-0.8538555952805464,-0.8538555952805464,-0.5796211800385163
1.3789033030862854,-0.8685852749557956,-0.8685852749557956,-0.595982842151775
1.3569452359983991,-0.8837388777560161,-0.8837388777560161,-0.6134553880668957
1.3346018099395758,-0.8993444933261828,-0.8993444933261828,-0.6320680748534778
1.3118613280638645,-0.9154311362815788,-0.9154311362815788,-0.6518536555418782
1.2887113340933711,-0.932028746207797,-0.932028746207797,-0.6728482660207132
1.2651386123182662,-0.9491681876607361,-0.9491681876607361,-0.6950912556434987
1.2411291875967734,-0.9668812501666074,-0.9668812501666074,-0.7186249546893256
1.2166683050936853,-0.9852007207938401,-0.9852007207938401,-0.7434943644063761
1.191740337671196,-1.0041607040320388,-1.0041607040320388,-0.7697467900376529
1.1663287922015928,-1.0237964825292545,-1.0237964825292545,-0.7974315242421172
1.1404162699416809,-1.0441445952864623,-1.0441445952864623,-0.8265993753614749
-0.6,1.1,1.1,1.304
-0.5720183984326616,1.1330592919160076,1.1330592919160076,1.334334970185623
-0.5431986143412036,1.16689283738775,1.16689283738775,1.365782526332587
-0.5135208138749631,1.2015275627800117,1.2015275627800117,1.3982012012711458
-0.4829646790166569,1.2369854788420365,1.2369854788420365,1.4314172569729002
-0.45150944591261094,1.2732833505365897,1.2732833505365897,1.465220259768267
-0.4191339048727597,1.3104326970399582,1.3104326970399582,1.499358657045812
-0.38581652370672653,1.3484389705742639,1.3484389705742639,1.533534433910933
-0.35153585418233485,1.3872988286290173,1.3872988286290173,1.5673958217814652
-0.3162706547579853,1.4269993960143454,1.4269993960143454,1.6005314008711697
-0.2800002250764334,1.4675161045953518,1.4675161045953518,1.6324628821015925
-0.24270448007958104,1.5088122835427502,1.5088122835427502,1.662639474989562
-0.2043644620970072,1.5508364246669688,1.5508364246669688,1.6904304619064265
-0.164962775310333,1.59351987433868,1.59351987433868,1.7151186438953618
-0.12448400342482012,1.6367746590008017,1.6367746590008017,1.735894765113042
-0.08291508480542983,1.6804918371462814,1.6804918371462814,1.7518536896506323
-0.04024605588044666,1.7245382957877395,1.7245382957877395,1.7619910393622493
0.0035293585382287253,1.768754363980799,1.768754363980799,1.765202973180782
0.04841315946422674,1.8129517676565137,1.8129517676565137,1.7602893501820174
0.09440216215628394,1.8569108074941068,1.8569108074941068,1.7459602866166284
0.14148729051239814,1.9003785039834695,1.9003785039834695,1.7208481949155991
0.18965273279359213,1.943066858786892,1.943066858786892,1.6835255881598596
0.2388749197388664,1.9846515298676153,1.9846515298676153,1.6325299581108772
0.28912177543990375,2.024771499838519,2.024771499838519,1.5663962379543674
0.34035169405691024,2.0630291913363887,2.0630291913363887,1.483697690115612
0.3925126034402497,2.098992719048582,2.098992719048582,1.3830964013954705
0.4455413186113375,2.1321980412278396,2.1321980412278396,1.2634003440635704
0.4993625767252674,2.1621530675672984,2.1621530675672984,1.1236295521379875
0.5538884901796476,2.188346455321773,2.188346455321773,0.9630897737587981
0.6090183042699309,2.21025226882265,2.21025226882265,0.781444115407022
0.6646378363534978,2.227340818510816,2.227340818510816,0.5787897568386376
0.7206198556752837,2.239093325787348,2.239093325787348,0.3557280325412059
0.7768243764597729,2.245011362590249,2.245011362590249,0.1134211581754958
0.8330991264475842,2.2446322971026325,2.2446322971026325,-0.14636320044636575
0.8892811924766552,2.2375482961193063,2.2375482961193063,-0.42123316536203265
0.9451980807217292,2.2234171065674784,2.2234171065674784,-0.7081805093477839
1.0006695885563044,2.2019793818965496,2.2019793818965496,-1.0036194162018666
1.0555105313002318,2.1730733102325517,2.1730733102325517,-1.3034635888827195
1.1095327179967562,2.1366435268767843,2.1366435268767843,-1.6032316656764964
1.1625480579707188,2.0927509911279,2.0927509911279,-1.8981876738557184
1.2143716569422043,2.041576719297953,2.041576719297953,-2.183505106477757
1.264824390875324,1.9834223572877507,1.9834223572877507,-2.4544429195722772
1.3137364318326774,1.918704684574623,1.918704684574623,-2.7065307096083133
1.3609496094617408,1.8479477134862516,1.8479477134862516,-2.9357407871247325
1.4063200703337266,1.7717698587498223,1.7717698587498223,-3.1386434933920393
1.449720602089972,1.6908648098839325,1.6908648098839325,-3.31252915710865
1.491042007744398,1.6059864850554986,1.6059864850554986,-3.455494743966224
1.530194572385435,1.5179248315661629,1.5179248315661629,-3.5664837960402185
1.5671085795922102,1.4274845161731207,1.4274845161731207,-3.6452823638638465
1.6017345151705773,1.3354678199744863,1.3354678199744863,-3.692480777562376
1.6340426678409874,1.242651203361118,1.242651203361118,-3.70938877648863
1.6640222556246578,1.1497705782087517,1.1497705782087517,-3.6979319926394725
1.6916804598651143,1.0575079893940798,1.0575079893940798,-3.6605306224225087
1.7170405323905096,0.9664790449952829,0.9664790449952829,-3.5999622527707773
1.7401403665499824,0.8772271856466934,0.8772271856466934,-3.51923472952155
1.7610305968871038,0.7902186896165068,0.7902186896165068,-3.421460836705829
1.7797723527983405,0.7058418208253797,0.7058418208253797,-3.3097477624765523
1.7964357256749985,0.6244078498377763,0.6244078498377763,-3.187105222698054
1.811097599605381,0.5461546585545233,0.5461546585545233,-3.0563709179859417
1.823839901234712,0.47125207784253076,0.47125207784253076,-2.9201569582004385
1.8347481584899057,0.3998069820830245,0.3998069820830245,-2.7808117420704113
1.8439097073019781,0.331871681774205,0.331871681774205,-2.64040274205658
1.8514126821338575,0.26744996169457186,0.26744996169457186,-2.500708688676611
1.8573447695223664,0.20650434006555335,0.20650434006555335,-2.3632245624374746
1.8617922322914573,0.14896377559727558,0.14896377559727558,-2.2291771702391956
1.8648392459364176,0.09472922605132449,0.09472922605132449,-2.099542783772498
1.8665671829586583,0.043680331797840755,0.043680331797840755,-1.9750723179271343
1.8670542079330237,-0.004319669814359106,-0.004319669814359106,-1.8563159778243168
1.866374893618746,-0.0494190120447467,-0.0494190120447467,-1.743649930927333
1.8645999963959956,-0.09177347992878077,-0.09177347992878077,-1.6373015766812302
1.8617963153914998,-0.1315429380538468,-0.1315429380538468,-1.5373738720103347
1.8580266157032428,-0.16888849521886065,-0.16888849521886065,-1.443867623853905
1.8533496382872936,-0.2039702414108103,-0.2039702414108103,-1.3567015017464983
1.847820142106314,-0.23694534916697188,-0.23694534916697188,-1.275729984439139
1.8414889990229477,-0.26796674398800785,-0.26796674398800785,-1.2007586122817118
1.8344033121612846,-0.2971819642467878,-0.2971819642467878,-1.1315574132902948
1.8266065662805329,-0.3247324979070355,-0.3247324979070355,-1.0678718295665846
1.818138771383731,-0.3507532018973402,-0.3507532018973402,-1.0094321603506082
1.8090366623729155,-0.3753721103316634,-0.3753721103316634,-0.955960882176929
1.7993338252343185,-0.39871021839417115,-0.39871021839417115,-0.9071789575589672
1.7890609317494448,-0.42088160721946877,-0.42088160721946877,-0.862810356988319
1.7782458550914553,-0.4419934825015561,-0.4419934825015561,-0.8225859690066748
1.76691387553647,-0.46214643084124957,-0.46214643084124957,-0.7862462462137461
1.7550878446953102,-0.4814347061120109,-0.4814347061120109,-0.7535431732869959
1.742788297895585,-0.49994643848728204,-0.49994643848728204,-0.7242418937164734
1.7300336636276523,-0.517764113493244,-0.517764113493244,-0.6981212540887993
1.7168403666937,-0.5349648393399205,-0.5349648393399205,-0.6749744915960392
1.703222936500044,-0.5516206602991034,-0.5516206602991034,-0.6546095082497245
1.6891941882261858,-0.5677990790512878,-0.5677990790512878,-0.6368484313473739
1.674765293507875,-0.5835632886543081,-0.5835632886543081,-0.6215276346941925
1.6599458650666967,-0.5989724884392191,-0.5989724884392191,-0.6084974147220246
1.6447441018396072,-0.6140823795525385,-0.6140823795525385,-0.5976211690446338
1.6291668530935512,-0.6289453968949845,-0.6289453968949845,-0.5887750411583128
1.6132196743399159,-0.6436109697147727,-0.6436109697147727,-0.581847436519259
1.5969069091721655,-0.658125859459416,-0.658125859459416,-0.5767383297768554
1.5802317863724413,-0.6725345700506357,-0.6725345700506357,-0.573358425076069
1.5631964367202724,-0.6868794350170644,-0.6868794350170644,-0.5716288927466677
1.5458019440281876,-0.7012009042917245,-0.7012009042917245,-0.5714807280184153
1.5280483932462732,-0.7155377828265483,-0.7155377828265483,-0.5728541869467889
1.5099349352747415,-0.7299276203912488,-0.7299276203912488,-0.5756980127928545
1.4914597920424024,-0.7444067430824719,-0.7444067430824719,-0.5799692349432731
1.47262027743292,-0.7590104715865064,-0.7590104715865064,-0.5856326847636535
1.453412830713286,-0.7737732468777934,-0.7737732468777934,-0.59266061797759
1.4338330377796098,-0.7887289463365071,-0.7887289463365071,-0.6010321419573773
1.4138756464866857,-0.8039111438426777,-0.8039111438426777,-0.6107327653706366
1.3935345666479946,-0.8193531097761899,-0.8193531097761899,-0.6217542549891802
1.3728028673803583,-0.8350878526164629,-0.8350878526164629,-0.6340944139410503
1.3516727788522371,-0.8511485268916569,-0.8511485268916569,-0.6477565190184064
1.3301357487323193,-0.8675681694470692,-0.8675681694470692,-0.662749295654486
1.3081823725056467,-0.8843802326724786,-0.8843802326724786,-0.6790863475253458
1.2858023800484681,-0.9016187180749462,-0.9016187180749462,-0.6967859068578688
1.2629846356282421,-0.9193181762788151,-0.9193181762788151,-0.7158706348625004
1.2397171379036338,-0.9375137070257117,-0.9375137070257117,-0.7363673579847368
1.2159870186234851,-0.9562409644962531,-0.9562409644962531,-0.7583067325643904
1.1917804828676708,-0.9755365031143879,-0.9755365031143879,-0.7817227674019476
1.1670828487982605,-0.9954377832971049,-0.9954377832971049,-0.8066523711026214
1.1418784715304968,-1.0159831994661466,-1.0159831994661466,-0.8331349501402417
1.1161506980753382,-1.0372122070961236,-1.0372122070961236,-0.8612118402837712
1.0898818673394588,-1.0591653227145141,-1.0591653227145141,-0.8909256213540668
1.0630533101252506,-1.0818841239016617,-1.0818841239016617,-0.9223192914972431
1.0356453164510724,-1.1054112175380466,-1.1054112175380466,-0.9554353282610335
1.007637083888449,-1.1297903277060597,-1.1297903277060597,-0.9903145817926365
0.9790067194284725,-1.1550661678426493,-1.1550661678426493,-1.0269949174548503
0.9497311739628109,-1.1812842182854795,-1.1812842182854795,-1.0655096637921326
0.919786240931196,-1.2084907232930258,-1.2084907232930258,-1.1058856803765829
0.8891465562684043,-1.2367326642787717,-1.2367326642787717,-1.1481411338748653
0.8577855804487959,-1.266057159912407,-1.266057159912407,-1.1922828171557005
0.8256755764030215,-1.2965118073045876,-1.2965118073045876,-1.2383032200360597
0.7927876491034066,-1.3281433662290603,-1.3281433662290603,-1.2861766311741607
0.7590917518989102,-1.3609973120172079,-1.3609973120172079,-1.3358548010892342
0.7245566865151236,-1.3951178355580494,-1.3951178355580494,-1.3872622236766323
0.6891501429760718,-1.4305473289162023,-1.4305473289162023,-1.4402906051323505
0.652838808475577,-1.467324720214661,-1.467324720214661,-1.494791919466024
0.61558841298353,-1.505485174469966,-1.505485174469966,-1.5505713442572042
0.577364010842291,-1.54505702137896,-1.54505702137896,-1.6073775086205728
0.5381299989753917,-1.5860615418232005,-1.5860615418232005,-1.6648936605432287
0.4978501811660121,-1.6285124470287147,-1.6285124470287147,-1.722727996637348
0.45648823000891775,-1.6724120834621465,-1.6724120834621465,-1.7804005679828725
0.4140079144388276,-1.717749732572304,-1.717749732572304,-1.8373309570587233
0.3703736497872674,-1.7644973735309901,-1.7644973735309901,-1.8928232015225324
0.32555058721828917,-1.8126090248182107,-1.8126090248182107,-1.946053534719851
0.27950526339115034,-1.8620166866049976,-1.8620166866049976,-1.996055262390928
0.23220633426085316,-1.912625762349187,-1.912625762349187,-2.041703733086104
0.1836252961571101,-1.9643106802554653,-1.9643106802554653,-2.081702859018665
0.1337370126878867,-2.016912132082859,-2.016912132082859,-2.114575484209234
0.08252092311680467,-2.0702310719410453,-2.0702310719410453,-2.138654336829874
0.029962058383207438,-2.12402392727336,-2.12402392727336,-2.152079196398463
-0.023947968065635566,-2.177998612506767,-2.177998612506767,-2.1528015509668648
-0.07920945160861229,-2.2318091305243977,-2.2318091305243977,-2.1385970021727934
-0.13581337093906815,-2.2850519348361136,-2.2850519348361136,-2.1070901600513534
-0.193739789247994,-2.337262370800544,-2.337262370800544,-2.0557931908599847
-0.25295635809072203,-2.387912647372835,-2.387912647372835,-1.9821611159003307
-0.31341671105941593,-2.4364110546859843,-2.4364110546859843,-1.8836656010075807
-0.37505880192110447,-2.48210412311147,-2.48210412311147,-1.757889955927413
-0.43780358862904,-2.5242796094754483,-2.5242796094754483,-1.6026423444296434
-0.5015533805161569,-2.5621751814103337,-2.5621751814103337,-1.4160917900300847
-0.5661909725761658,-2.5949891934735585,-2.5949891934735585,-1.1969167809471348
-0.6315786561597659,-2.6218928432361204,-2.6218928432361204,-0.9444631586499713
-0.6975578230711822,-2.6420534868676,-2.6420534868676,-0.6589070043199724
-0.7639492496361557,-2.6546538284756123,-2.6546538284756123,-0.34139961019787934
-0.8305535047580282,-2.658917719363072,-2.658917719363072,0.005808078060925759
-0.8971527831736095,-2.6541427354585223,-2.6541427354585223,0.3792847238849886
-0.963512670437441,-2.639725130438423,-2.639725130438423,0.7743939614960325
-1.0293852683047362,-2.6151932803898217,-2.6151932803898217,1.185339784419776
-1.0945129098262956,-2.5802341524062764,-2.5802341524062764,1.6052922175108784
-1.1586320333138986,-2.5347161239892873,-2.5347161239892873,2.0265902843202435
-1.221478639558458,-2.4787078161167213,-2.4787078161167213,2.4410278379856045
-1.2827926703246721,-2.4124865585494644,-2.4124865585494644,2.8401903401325885
-1.3423239479961795,-2.33653900421985,-2.33653900421985,3.2158393857465732
-1.3998368715011202,-2.251552296115511,-2.251552296115511,3.560298717118459
-1.4551154033469895,-2.158395253744047,-2.158395253744047,3.866821730771745
-1.507967354806477,-2.0580896434266163,-2.0580896434266163,4.129902645270642
-1.5582276087152003,-1.9517797535181356,-1.9517797535181356,4.345512124256904
-1.6057609369065424,-1.8406870676770932,-1.8406870676770932,4.51122691452756
-1.650463226348234,-1.7260763749472083,-1.7260763749472083,4.626268713958539
-1.692262242468878,-1.609211237279406,-1.609211237279406,4.6914320953974995
-1.7311168346176262,-1.491315475186486,-1.491315475186486,4.708924117773517
-1.7670159651590451,-1.373544804613364,-1.373544804613364,4.682152491942932
-1.7999761340223128,-1.2569550926665973,-1.2569550926665973,4.6154475478475305
-1.8300389687140917,-1.142486120753515,-1.142486120753515,4.513787567133834
-1.8572681402490048,-1.030947467850561,-1.030947467850561,4.382517203713424
-1.8817456885024106,-0.9230129068237392,-0.9230129068237392,4.227090874123704
-1.903569088454823,-0.8192202415476487,-0.8192202415476487,4.052855058566131
-1.9228474152734727,-0.7199769794297729,-0.7199769794297729,3.8648716922635256
-1.93969857060379,-0.6255682967929377,-0.6255682967929377,3.6677875415246053
-1.9542461118471817,-0.5361691529860572,-0.5361691529860572,3.465748703285115
-1.9666167417392106,-0.4518577366519234,-0.4518577366519234,3.262355586824905
-1.9769380997265664,-0.37262831505309646,-0.37262831505309646,3.0606471595556006
-1.9853367073651182,-0.2984067226825981,-0.2984067226825981,2.8631185360885545
-1.9919365774004982,-0.22906204535357155,-0.22906204535357155,2.6717495105040983
-1.9968578128273218,-0.16442020900308874,-0.16442020900308874,2.4880535069266174
-2.0002157533998624,-0.10427422707004279,-0.10427422707004279,2.3131284295399404
-2.0021202352982543,-0.04839437308629363,-0.04839437308629363,2.1477140019413072
-2.0026751366329045,0.0034637744784699782,0.0034637744784699782,1.9922467241295094
-2.0019781038527573,0.051552330614080044,0.051552330614080044,1.8469130068364428
-2.0001204279307827,0.09612544686843812,0.09612544686843812,1.7116977811767242
-1.9971870509438605,0.1374348365271195,0.1374348365271195,1.5864278426590495
-1.9932566730956194,0.17572629527021183,0.17572629527021183,1.4708097159972595
-1.9884019430454574,0.21123710179347366,0.21123710179347366,1.3644619828721587
-1.9826896793786093,0.2441941436640242,0.2441941436640242,1.2669423919778884
-1.976181167128088,0.2748127260194705,0.2748127260194705,1.1777699512657969
-1.9689324435316142,0.3032957791011,0.3032957791011,1.0964430022210934
-1.9609946184848353,0.3298335698652218,0.3298335698652218,1.0224532304859197
-1.952414197117064,0.35460365216671824,0.35460365216671824,0.9552966710188795
-1.9432333850453969,0.3777710913134394,0.3777710913134394,0.8944819075170833
-1.9334904096580894,0.39948886107920717,0.39948886107920717,0.8395360391997315
-1.923219808265886,0.41989836298049227,0.41989836298049227,0.7900088426747331
-1.912452708080426,0.43913001057611,0.43913001057611,0.7454755248550065
-1.9012171140387297,0.4573039494641988,0.4573039494641988,0.705538082486316
-1.8895381154256046,0.4745306226855069,0.4745306226855069,0.6698262938374555
-1.8774381797507464,0.4909116316538815,0.4909116316538815,0.6379971975401204
-1.8649373022250917,0.5065402310387725,0.5065402310387725,0.6097350970341104
-1.8520532551350017,0.5215021536426628,0.5215021536426628,0.5847502145502683
-1.8388017558015017,0.5358761897751823,0.5358761897751823,0.562777714839285
-1.8251965996977815,0.5497347119789198,0.5497347119789198,0.5435766318183146
-1.811249873303092,0.5631444403809918,0.5631444403809918,0.526927962506514
-1.7969720475624609,0.5761668234085402,0.5761668234085402,0.5126336611986644
-1.7823720931264193,0.588858535668615,0.588858535668615,0.5005152258439747
-1.767457644691515,0.6012721154836905,0.6012721154836905,0.49041187484707427
-1.752235060562234,0.6134562342932611,0.6134562342932611,0.4821796213886529
-1.7367095011574125,0.6254560830030652,0.6254560830030652,0.4756900327679605
-1.7208850569992054,0.6373139174828315,0.6373139174828315,0.47082861832318
-1.704764795532924,0.6490692723613749,0.6490692723613749,0.46749401471446705
-1.6883508094395854,0.6607592406536268,0.6607592406536268,0.46559703221999804
-1.67164428431649,0.6724188111185085,0.6724188111185085,0.4650595917719238
-1.6546455733791152,0.6840812513907011,0.6840812513907011,0.46581362061331455
-1.637354208563849,0.6957781797381257,0.6957781797381257,0.46780062483739426
-1.6197689399956468,0.7075398351596487,0.7075398351596487,0.4709708826576138
-1.601887770120687,0.7193952723340548,0.7193952723340548,0.47528281230763203
-1.583707999432398,0.7313727219360221,0.7313727219360221,0.4807021048382969
-1.5652262308030882,0.7434996258870308,0.7434996258870308,0.48720147354471477
-1.5464383753823074,0.7558027675585792,0.7558027675585792,0.49476025219834585
-1.5273396853796826,0.7683084664012549,0.7683084664012549,0.5033638885258072
-1.5079247608160344,0.7810426928514453,0.7810426928514453,0.5130036142543138
-1.4881875493430374,0.794031421287754,0.794031421287754,0.5236758493126504
-1.4681213463358371,0.8073006370802803,0.8073006370802803,0.5353821041130399
-1.4477187948930537,0.8208763365906177,0.8208763365906177,0.5481288651906913
-1.42697187471307,0.8347846579516259,0.8347846579516259,0.5619273320669949
-1.4058719180574093,0.8490521678663349,0.8490521678663349,0.5767929807607146
-1.3844096190712805,0.8637057260360576,0.8637057260360576,0.5927455933641377
-1.3625749582113427,0.8787728858625025,0.8787728858625025,0.6098088623514839
-1.3403571993543424,0.8942819149175382,0.8942819149175382,0.6280103027906955
-1.3177448897971114,0.910261794943195,0.910261794943195,0.6473811394201157
-1.2947258602565648,0.9267422218516669,0.9267422218516669,0.6679561451664197
-1.2712871789256608,0.9437537850294927,0.9437537850294927,0.6897733792848108
-1.2474151518250918,0.9613281476313842,0.9613281476313842,0.7128738639957476
-1.2230953077320832,0.9794979444773466,0.9794979444773466,0.7373014190990639
-1.1983122917108389,0.9982970277138687,0.9982970277138687,0.7631023580130665
-1.1730498642135667,1.0177604694672844,1.0177604694672844,0.7903251270661896
-1.1472909010804837,1.0379245618437671,1.0379245618437671,0.8190198450430957
-1.1210173922912476,1.0588268169556587,1.0588268169556587,0.849237731459181
-1.0942103544934807,1.0805060243147822,1.0805060243147822,0.881030513897316
-1.0668498345988255,1.1030023483030666,1.1030023483030666,0.9144495778865036
-1.038914848130949,1.1263571699919703,1.1263571699919703,0.9495450953760917
-1.0103833297939513,1.1506130544580269,1.1506130544580269,0.9863648885108033
-0.9812321334723744,1.1758137507828408,1.1758137507828408,1.0249530043582762
-0.9514370267965301,1.2020041296338928,1.2020041296338928,1.065348054168733
-0.9209726310473705,1.2292298388347846,1.2292298388347846,1.1075812911529417
-0.8898124263495057,1.2575375227907895,1.2575375227907895,1.151674301101403
-0.8579287233288305,1.2869738255870373,1.2869738255870373,1.1976361537947686
-0.8252926549542712,1.317585235282151,1.317585235282151,1.2454600901782011
-0.7918741765377778,1.3494180839082532,1.3494180839082532,1.2951197990112324
-0.7576420909369791,1.3825180331341231,1.3825180331341231,1.3465649964349065
-0.7225640738904567,1.4169290059070532,1.4169290059070532,1.3997160882081918
-0.6866067237678057,1.4526928021896959,1.4526928021896959,1.454458311442512
-0.6497357180816884,1.4898468508289133,1.4898468508289133,1.5106340318359792
-0.6119158193141427,1.5284241136450267,1.5284241136450267,1.5680353253862656
-0.5731109309920439,1.5684525667687466,1.5684525667687466,1.626395623126202
-0.5332843975405096,1.6099522810118996,1.6099522810118996,1.6853787291199067
-0.49239909957922373,1.6529347070049631,1.6529347070049631,1.7445684258102006
-0.4504180184152082,1.6973978646005603,1.6973978646005603,1.8034539296230743
-0.40730429553555975,1.743325816155872,1.743325816155872,1.86141795632844
-0.3630213962618611,1.7906875572671443,1.7906875572671443,1.9177240279972565
-0.3175339776811469,1.8394310789673916,1.8394310789673916,1.9714992180730802
-0.27080836943308423,1.8894802163333515,1.8894802163333515,2.021719448346135
-0.22281315493774967,1.9407308538207462,1.9407308538207462,2.0671950631016673
-0.1735197465777374,1.9930478099126732,1.9930478099126732,2.106558675789214
-0.12290350874634728,2.0462588229348078,2.0462588229348078,2.1382530346326187
-0.07094468906583408,2.1001497821382165,2.1001497821382165,2.160524104624285
-0.017629331821617078,2.1544607471911643,2.1544607471911643,2.171420486960236
0.037049253515224694,2.2088800410400284,2.2088800410400284,2.168798774552181
0.09308932097305216,2.2630401935349282,2.2630401935349282,2.1503402223998247
0.15047913438489197,2.316513648762207,2.316513648762207,2.113579449076028
0.2091954691281651,2.3688097010807576,2.3688097010807576,2.055948618699946
0.2692020110283332,2.419372553977785,2.419372553977785,1.974839284753806
0.3304476259842399,2.467581595251879,2.467581595251879,1.8676848337152232
0.3928649540598394,2.5127529686712657,2.5127529686712657,1.7320625044774398
0.4563686148068411,2.5541457083267938,2.5541457083267938,1.5658192601786232
0.5208541583509011,2.5909703217598525,2.5909703217598525,1.36721427517339
0.5861967593227917,2.622397571743898,2.622397571743898,1.1350751444188332
0.6522504896180188,2.647581224091228,2.647581224091228,0.8689683978057356
0.7188483339242683,2.6656747905589318,2.6656747905589318,0.569357862436123
0.7858021283829396,2.675853211396865,2.675853211396865,0.23775190298950755
0.8529037184600563,2.677346644953406,2.677346644953406,-0.12317884224107334
0.919926658182298,2.669466345239766,2.669466345239766,-0.5095364002467292
0.9866283706564372,2.6516359711119226,2.6516359711119226,-0.9161890976982583
1.0527539574736229,2.62342464186284,2.62342464186284,-1.3368469598440247
1.1180393947990948,2.5845699807533826,2.5845699807533826,-1.764213133103476
1.182216767172309,2.5350040114582644,2.5350040114582644,-2.190226850693252
1.245018909916293,2.474866571699238,2.474866571699238,-2.6063739277042117
1.3061848135162955,2.4045130636104126,2.4045130636104126,-3.0040566133739848
1.3654652232259745,2.324510757976345,2.324510757976345,-3.374993792134761
1.4226273951715924,2.235627505649803,2.235627505649803,-3.711616435345153
1.4774603748157062,2.138806040742516,2.138806040742516,-4.007430853935775
1.5297785011022944,2.0351378044273516,2.0351378044273516,-4.257315493718476
1.579425070624446,1.9258208113216528,1.9258208113216528,-4.457725182631788
1.6262742380679192,1.8121217113627692,1.8121217113627692,-4.606793855105096
1.6702324547272862,1.6953349710864232,1.6953349710864232,-4.704333532130285
1.7112383170246057,1.5767354104105833,1.5767354104105833,-4.751714882200372
1.7492619258236186,1.4575497171173253,1.4575497171173253,-4.7516937820589105
1.784303130636857,1.3389191414991666,1.3389191414991666,-4.708151286301949
1.8163889549540229,1.221876452684872,1.221876452684872,-4.625811403662315
1.8455709655574861,1.1073289869809437,1.1073289869809437,-4.509950884844099
1.8719215057413345,0.9960475390754739,0.9960475390754739,-4.3661143110329945
1.8955307503571415,0.8886632783896338,0.8886632783896338,-4.199867356735016
1.916502765607512,0.7856700568934927,0.7856700568934927,-4.016585353899007
1.9349524487420733,0.6874309689360836,0.6874309689360836,-3.82129119766277
1.951002243674106,0.5941887405276015,0.5941887405276015,-3.618539321295806
1.9647792501932848,0.5060791781927341,0.5060791781927341,-3.4123466241378493
1.9764128742606668,0.4231435902935222,0.4231435902935222,-3.2061560978556396
1.986032397774628,0.34534532288766556,0.34534532288766556,-3.002841156805682
1.9937654790022268,0.2725817269444679,0.2725817269444679,-2.804723588882507
1.9997364294987543,0.20469896354877123,0.20469896354877123,-2.613617523931676
2.004065239997554,0.14150332376756053,0.14150332376756053,-2.430878529695369
2.0068666337434315,0.08277243910292567,0.08277243910292567,-2.2574613259207377
2.008249512868254,0.02826431775397175,0.02826431775397175,-2.093977057055219
2.0083165518611117,-0.022274579165348238,-0.022274579165348238,-1.9407502829717704
2.0071639919546382,-0.06910290088878385,-0.06910290088878385,-1.7978715322312193
2.004881586101792,-0.11247914229198766,-0.11247914229198766,-1.6652451723900268
2.001552652772041,-0.15265751472509254,-0.15265751472509254,-1.5426316441269736
1.9972542318885285,-0.18988481163376608,-0.18988481163376608,-1.4296838840421313
1.992057288621059,-0.22439809327197643,-0.22439809327197643,-1.325978169433382
1.9860269902837555,-0.2564231325696633,-0.2564231325696633,-1.231039538931574
1.9792230006059914,-0.28617336385791453,-0.28617336385791453,-1.1443626678844325
1.9716997853414324,-0.31384935218446425,-0.31384935218446425,-1.0654283823162776
1.9635069623958932,-0.33963863332420896,-0.33963863332420896,-0.9937165331313871
1.9546895924894958,-0.36371576827135355,-0.36371576827135355,-0.9287160059035751
1.9452885426311304,-0.3862427419313488,-0.3862427419313488,-0.8699317728469083
1.9353407502695608,-0.40736934243192235,-0.40736934243192235,-0.8168903698391041
1.9248795664840013,-0.4272338470157945,-0.4272338470157945,-0.7691430780614403
1.9139349985187804,-0.44596358284404564,-0.44596358284404564,-0.726268341129344
1.9025339984814735,-0.46367568004688825,-0.46367568004688825,-0.6878726730460756
1.8907007116706107,-0.48047778386258383,-0.48047778386258383,-0.6535909311280328
1.8784566735214412,-0.49646867632968894,-0.49646867632968894,-0.6230862395491441
1.865821079157857,-0.5117391343092524,-0.5117391343092524,-0.596048752835979
1.8528109135353672,-0.5263724075164218,-0.5263724075164218,-0.5721951242325496
1.8394411752565685,-0.5404450136587088,-0.5404450136587088,-0.5512667935890667
1.8257250344258142,-0.5540273067805541,-0.5540273067805541,-0.5330286869456877
1.811673940413587,-0.5671839415655703,-0.5671839415655703,-0.5172680374427523
1.7972978118842102,-0.5799745949972356,-0.5799745949972356,-0.5037924058689711
1.7826051310233788,-0.5924543457664536,-0.5924543457664536,-0.49242852739087395
1.7676030274916263,-0.6046740788206484,-0.6046740788206484,-0.48302104112177435
1.7522974233645032,-0.6166810805166496,-0.6166810805166496,-0.47543071853123897
1.7366931030974262,-0.6285193377115161,-0.6285193377115161,-0.46953342204392867
1.7207937681293008,-0.640229837073482,-0.640229837073482,-0.4652190643184293
1.7046021254718084,-0.6518509797052457,-0.6518509797052457,-0.462390307921118
1.6881199698423144,-0.6634189639767065,-0.6634189639767065,-0.4609613830308994
1.6713482040852403,-0.6749679097644644,-0.6749679097644644,-0.46085750184150553
1.654286887022057,-0.686530145087207,-0.686530145087207,-0.46201394081157776
1.6369352923900147,-0.6981365324145216,-0.6981365324145216,-0.46437508666935323
1.6192919503426173,-0.7098167254577922,-0.7098167254577922,-0.46789368263871434
1.6013546519447779,-0.7215992161387008,-0.7215992161387008,-0.4725305000739741
1.5831204829278969,-0.7335116024440036,-0.7335116024440036,-0.4782536215569837
1.5645858448996397,-0.7455806993584805,-0.7455806993584805,-0.48503802832105514
1.5457464816486206,-0.757832908273156,-0.757832908273156,-0.4928648309316108
1.5265974819839863,-0.7702942554572204,-0.7702942554572204,-0.501721073695937
1.5071332787077802,-0.7829904100094855,-0.7829904100094855,-0.5115995583137556
1.48734764940075,-0.7959470153492532,-0.7959470153492532,-0.522498265533301
1.4672337689391923,-0.8091895113080709,-0.8091895113080709,-0.5344203844869369
1.4467841616979582,-0.8227435746692586,-0.8227435746692586,-0.5473737119975198
1.4259906874244959,-0.8366352783206983,-0.8366352783206983,-0.5613704270398525
1.4048445412388544,-0.850891091254831,-0.850891091254831,-0.5764270280300346
1.3833362536336762,-0.8655378785686628,-0.8655378785686628,-0.592564237567199
1.3614556890089247,-0.8806029088839423,-0.8806029088839423,-0.6098068671828378
1.3391919911508068,-0.8961142572946493,-0.8961142572946493,-0.6281834059030471
1.3165336549373008,-0.9121006773768521,-0.9121006773768521,-0.6477259236576045
1.2934684314902392,-0.9285917664712675,-0.9285917664712675,-0.6684699155369646
1.2699832759806584,-0.9456181633348757,-0.9456181633348757,-0.6904540723308221
1.2460643476287903,-0.9632115481409271,-0.9632115481409271,-0.7137200968030349
1.221697009704069,-0.9814046424789379,-0.9814046424789379,-0.738312450214462
1.1968658285012233,-1.0002312108271754,-1.0002312108271754,-0.764278021202679
1.1715544796889492,-1.0197262535702283,-1.0197262535702283,-0.7916657642993855
1.14574578905289,-1.0399260640336616,-1.0399260640336616,-0.8205261616422697
1.1194216518792002,-1.0608681761072423,-1.0608681761072423,-0.850910787531375
1.0925629610384027,-1.0825914287915608,-1.0825914287915608,-0.882871687546932
1.0651496069853774,-1.1051359661980404,-1.1051359661980404,-0.9164605413785023
1.0371604777593668,-1.1285432375489328,-1.1285432375489328,-0.9517276593941526
1.0085734433673759,-1.1528559472958682,-1.1528559472958682,-0.9887208135734055
0.9793652592169388,-1.1781179007881286,-1.1781179007881286,-1.027483940407936
0.9495115911668426,-1.2043740578570303,-1.2043740578570303,-1.068055405676413
0.9189869516859486,-1.2316700438541182,-1.2316700438541182,-1.110466050320725
0.8877646901029386,-1.2600521018298743,-1.2600521018298743,-1.154736786426593
0.8558169930317067,-1.2895670710518945,-1.2895670710518945,-1.2008758351089837
0.8231148840713024,-1.3202616323987553,-1.3202616323987553,-1.2488753474398937
0.7896281958337867,-1.3521825427288767,-1.3521825427288767,-1.2987077671446348
0.755325642466303,-1.3853750743105433,-1.3853750743105433,-1.3503209263301388
0.7201748395756294,-1.419882408231346,-1.419882408231346,-1.4036326816173483
0.6841423042281884,-1.4557456343981732,-1.4557456343981732,-1.4585251864375703
0.6471935157631893,-1.4930030425210516,-1.4930030425210516,-1.5148381297546014
0.6092931372596846,-1.5316874687477016,-1.5316874687477016,-1.572359818788954
0.5,-1.0,-1.0,-1.25
0.47454228926982484,-1.031625722243071,-1.031625722243071,-1.2738558186615951
0.44828440799648706,-1.0638574278606625,-1.0638574278606625,-1.298350206277194
0.42121089853072013,-1.0967100298208723,-1.0967100298208723,-1.3233441471788772
0.3933061054650211,-1.1301938080630016,-1.1301938080630016,-1.3486705807847839
0.3645542096946159,-1.1643141517643663,-1.1643141517643663,-1.3741312763789246
0.33493922841745927,-1.1990715593402959,-1.1990715593402959,-1.3994938001314783
0.30444516053429793,-1.2344607668841345,-1.2344607668841345,-1.4244876403611189
0.273056323363912,-1.2704687052405819,-1.2704687052405819,-1.4487991922803953
0.240757486512014,-1.307073780198547,-1.307073780198547,-1.4720678234265496
0.20753411246955086,-1.3442444845212143,-1.3442444845212143,-1.4938814388077497
0.17337246716811863,-1.3819388672158495,-1.3819388672158495,-1.5137729988159012
0.13826006556520304,-1.420102387281636,-1.420102387281636,-1.5312159946906247
0.10218602275419503,-1.4586662703193904,-1.4586662703193904,-1.5456209243169372
0.06514132686479941,-1.4975462679786622,-1.4975462679786622,-1.5563329182928738
0.027119253190880217,-1.5366410546573572,-1.5366410546573572,-1.5626301792014763
-0.011884085120465127,-1.5758301542093955,-1.5758301542093955,-1.5637235122653614
-0.051869335610755324,-1.6149725722295272,-1.6149725722295272,-1.5587582692288404
-0.09283335106595687,-1.6539051574816481,-1.6539051574816481,-1.5468184003814576
-0.13476854468221333,-1.692440976849216,-1.692440976849216,-1.526933370302531
-0.17766240125935834,-1.73036832146825,-1.73036832146825,-1.498088697675537
-0.2214967471926684,-1.7674495754399715,-1.7674495754399715,-1.4592403221795835
-0.2662470939803096,-1.8034208378505623,-1.8034208378505623,-1.4093337220802995
-0.3118820859597118,-1.8379918105960236,-1.8379918105960236,-1.3473274606959393
-0.3583626980305322,-1.870846540515304,-1.870846540515304,-1.2722225768699036
-0.40564167893548564,-1.9016452536145576,-1.9016452536145576,-1.1830970299303525
-0.45366306245350974,-1.9300260486687801,-1.9300260486687801,-1.079143988861245
-0.5023614887855409,-1.9556081304644009,-1.9556081304644009,-0.9597155566921866
-0.5516618668476165,-1.9779987389106173,-1.9779987389106173,-0.8243709031211097
-0.6014792638333673,-1.9967957496702815,-1.9967957496702815,-0.6729211012421146
-0.6517184914130878,-2.01159545870153,-2.01159545870153,-0.5054779629386152
-0.7022743970222478,-2.0220027345297007,-2.0220027345297007,-0.32249816620897676
-0.7530321582917221,-2.027638118486486,-2.027638118486486,-0.12481869687351588
-0.8038675781305842,-2.028146991713219,-2.028146991713219,0.08631542558345628
-0.854648126642156,-2.023212552103974,-2.023212552103974,0.30923740698744506
-0.9052339981829057,-2.012565199513135,-2.012565199513135,0.5418625166447191
-0.9554790894195118,-1.9959913054820027,-1.9959913054820027,0.7817086658363314
-1.0052328996253914,-1.9733449689789475,-1.9733449689789475,1.0259395684991748
-1.0543422875476192,-1.9445551715898708,-1.9445551715898708,1.2714278753052972
-1.1026530859816486,-1.9096316594802203,-1.9096316594802203,1.5148352934813119
-1.150012669224205,-1.8686697651814212,-1.8686697651814212,1.7527131203664585
-1.196271819930284,-1.821851319120356,-1.821851319120356,1.9816104673827675
-1.2412868177779324,-1.7694439399353354,-1.7694439399353354,2.198189650668407
-1.2849219138312284,-1.7117954284636787,-1.7117954284636787,2.39934237657498
-1.3270508528271603,-1.6493280678711486,-1.6493280678711486,2.5822950133786353
-1.3675587866793444,-1.5825289888621241,-1.5825289888621241,2.7447024712062813
-1.40634388904555,-1.5119362695969685,-1.5119362695969685,2.884719912252431
-1.443318216564126,-1.4381290379348988,-1.4381290379348988,3.0010528142524464
-1.478408749164564,-1.3617119056999203,-1.3617119056999203,3.0929802470577696
-1.511557764128968,-1.283298052711888,-1.283298052711888,3.1603479240271635
-1.5427228904589874,-1.2035000786295802,-1.2035000786295802,3.2035456777713005
-1.571877018274942,-1.1229140980596555,-1.1229140980596555,3.22345610986019
-1.5990074910269125,-1.0421072440418786,-1.0421072440418786,3.2213860557550396
-1.6241155405700172,-0.961610749653892,-0.961610749653892,3.1989947854483276
-1.6472152155746274,-0.8819103974381237,-0.8819103974381237,3.1582081442784666
-1.6683318966546823,-0.8034407666055177,-0.8034407666055177,3.101132977414478
-1.687501381655834,-0.7265827246482142,-0.7265827246482142,3.0299798821150263
-1.704768294534673,-0.6516609533483917,-0.6516609533483917,2.9469871715707767
-1.720184543342626,-0.5789445708523501,-0.5789445708523501,2.8543571414766196
-1.7338082826738668,-0.5086482840300932,-0.5086482840300932,2.754203109359298
-1.7457023145535935,-0.4409354605750035,-0.4409354605750035,2.648507339420663
-1.7559328724237468,-0.3759220887042802,-0.3759220887042802,2.5390914547260293
-1.7645686779528809,-0.31368014063678107,-0.31368014063678107,2.427595212811752
-1.7716796609912446,-0.2542431758736831,-0.2542431758736831,2.3154673779992017
-1.7773361384407855,-0.1976112875863465,-0.1976112875863465,2.2039638402829205
-1.7816081642824761,-0.14375472429060038,-0.14375472429060038,2.094149285330011
-1.7845646333554366,-0.09261983232488334,-0.09261983232488334,1.9869084886347879
-1.7862728842688536,-0.04413278925873688,-0.04413278925873688,1.8829577110529787
-1.7867981763637963,0.001796235426925849,0.001796235426925849,1.7828596648448731
-1.7862033669904571,0.045269386618224224,0.045269386618224224,1.6870397584794294
-1.784548622983123,0.08639794491343164,0.08639794491343164,1.5958024812884362
-1.7818912490365382,0.12529946748087928,0.12529946748087928,1.5093478134871317
-1.7782855390643741,0.1620953801928666,0.1620953801928666,1.4277867862568259
-1.7737827292684885,0.19690893398073891,0.19690893398073891,1.3511560661182191
-1.7684309470992474,0.22986350172466413,0.22986350172466413,1.279431283062869
-1.7622752592710964,0.2610812095104132,0.2610812095104132,1.2125389860381923
-1.7553576788923526,0.29068184695628574,0.29068184695628574,1.1503671956176849
-1.7477172740476523,0.31878198879766334,0.31878198879766334,1.0927746827476361
-1.7393902259042813,0.3454944231860769,0.3454944231860769,1.0395987489410887
-1.7304099412518528,0.37092762101568844,0.37092762101568844,0.9906621004693833
-1.7208071815104267,0.39518553090111125,0.39518553090111125,0.9457782669128865
-1.7106101332285966,0.4183673225882329,0.4183673225882329,0.904756423560065
-1.6998445839571328,0.4405673888687997,0.4405673888687997,0.8674050105702329
-1.6885340104188382,0.461875357809731,0.461875357809731,0.8335347792428336
-1.676699679869921,0.4823761234050848,0.4823761234050848,0.8029612837992222
-1.664360820939728,0.5021500878400428,0.5021500878400428,0.775506485888854
-1.6515346907151396,0.521273272534673,0.521273272534673,0.7510002733022992
-1.6382366719350547,0.5398174980110416,0.5398174980110416,0.7292814999560379
-1.6244804297097029,0.5578507384479732,0.5578507384479732,0.7101984000277397
-1.6102779646184462,0.5754372646375584,0.5754372646375584,0.6936092082651661
-1.5956396856554227,0.5926378624394988,0.5926378624394988,0.6793824324093163
-1.5805745397701283,0.6095102180465696,0.6095102180465696,0.6673966546489959
-1.5650900739954607,0.6261091131584835,0.6261091131584835,0.6575405694508571
-1.5491924826258694,0.6424866251061385,0.6424866251061385,0.6497129112075639
-1.5328866689121172,0.6586923597711855,0.6586923597711855,0.6438222290271668
-1.5161763484388304,0.674773867333263,0.674773867333263,0.6397863117411975
-1.4990640688605104,0.6907767266089524,0.6907767266089524,0.6375321138482395
-1.4815512482506117,0.7067447703200809,0.7067447703200809,0.6369954166691519
-1.463638211518442,0.7227202365144957,0.7227202365144957,0.6381205509920373
-1.4453242569477416,0.7387441821061851,0.7387441821061851,0.6408597614599459
-1.42660767823463,0.7548566279468665,0.7548566279468665,0.6451729503049315
-1.407485765756356,0.7710965829465166,0.7710965829465166,0.6510275409210246
-1.3879548380425377,0.7875023799560288,0.7875023799560288,0.6583979601559496
-1.3680102647571168,0.8041116016056499,0.8041116016056499,0.667265533382649
-1.3476464791599767,0.8209615886080569,0.8209615886080569,0.6776178307347188
-1.3268569823339462,0.8380895724831771,0.8380895724831771,0.6894484176167164
-1.3056343431848019,0.8555326755581875,0.8555326755581875,0.7027566892409002
-1.2839701978910911,0.8733279166023742,0.8733279166023742,0.7175476414149414
-1.2618552325950356,0.8915126016659863,0.8915126016659863,0.7338313720111036
-1.2392792444999625,0.9101242234327234,0.9101242234327234,0.7516228122420672
-1.2162310777556469,0.9292007168775198,0.9292007168775198,0.7709413365588538
-1.1926985900759646,0.9487806938770201,0.9487806938770201,0.7918103529720824
-1.168668652738888,0.968903443209581,0.968903443209581,0.8142569310237746
-1.1441271505864896,0.9896089305552698,0.9896089305552698,0.8383113342369669
-1.1190589812740177,1.0109377998728513,1.0109377998728513,0.8640064473216057
-1.093447997268904,1.032931557763942,1.032931557763942,0.8913771225409239
-1.0672770238055629,1.0556326887475447,1.0556326887475447,0.9204593702510626
-1.0405278042074886,1.0790845335356967,1.0790845335356967,0.9512895513199051
-1.0131809582092375,1.1033313159382652,1.1033313159382652,0.9839033400763084
-0.985215981956428,1.1284181428629465,1.1284181428629465,1.018334455143907
-0.9566112477549408,1.1543910011664384,1.1543910011664384,1.0546131802196674
-0.9273439690494294,1.1812964852374788,1.1812964852374788,1.0927646523979322
-0.897390183897462,1.2091819290117427,1.2091819290117427,1.1328068509468006
-0.8667247480375977,1.2380948335724256,1.2380948335724256,1.174748146902721
-0.8353213196867261,1.2680825619967775,1.2680825619967775,1.2185844284515044
-0.803152359540064,1.2991923393561065,1.2991923393561065,1.264295856967859
-0.770189153464027,1.331470803409296,1.331470803409296,1.3118430173285514
-0.7364018229913941,1.3649633827610352,1.3649633827610352,1.3611624275333192
-0.7017593747264456,1.399713780145259,1.399713780145259,1.41216140045863
-0.6662298293394178,1.4357620529627688,1.4357620529627688,1.4647113996138255
-0.6297802252467698,1.473144552602375,1.473144552602375,1.5186415713424484
-0.5923766483156024,1.5118936472236875,1.5118936472236875,1.5737315544758905
-0.5539845093931747,1.5520350020305222,1.5520350020305222,1.6297017748641798
-0.5145685634709894,1.5935874570457689,1.5935874570457689,1.6862046483918198
-0.47409343979641216,1.6365584851913295,1.6365584851913295,1.7428115286124037
-0.4325237355252414,1.6809433548354797,1.6809433548354797,1.7990016171622598
-0.3898240675047202,1.7267247753679982,1.7267247753679982,1.8541509049519869
-0.34595978257339144,1.7738679865190001,1.7738679865190001,1.9075167539098037
-0.3008974076503563,1.8223177042827428,1.8223177042827428,1.9582238338518958
-0.2546052693645404,1.8719940330027476,1.8719940330027476,2.00524945472269
-0.20705380155420394,1.9227906598756959,1.9227906598756959,2.0474119709410354
-0.15821655868590606,1.9745693287302877,1.9745693287302877,2.0833575212871382
-0.10807112928807755,2.0271549796284734,2.0271549796284734,2.1115502179184724
-0.056599844044865476,2.080332279016218,2.080332279016218,2.130267690511706
-0.0037910408072361207,2.133840266273439,2.133840266273439,2.1376006395488485
0.05035974221550883,2.187367675271269,2.187367675271269,2.1314605419412085
0.10584857770129072,2.240549074267209,2.240549074267209,2.10959756084188
0.16266155509241456,2.2929607066563253,2.2929607066563253,2.0696302052267512
0.22077348675566094,2.3441180710306004,2.3441180710306004,2.009090083710045
0.2801461822962974,2.3934742559014763,2.3934742559014763,1.925483706000521
0.34072700612335416,2.4404205553357436,2.4404205553357436,1.816373186693458
0.4024473409610584,2.484288261553288,2.484288261553288,1.679475998817102
0.46522100513575193,2.524355716406303,2.524355716406303,1.5127869303054653
0.5289433204442855,2.5598555710997073,2.5598555710997073,1.3147132063416864
0.5934897344147709,2.5899848235030127,2.5899848235030127,1.0842245667304573
0.65871541992394,2.613928345254879,2.613928345254879,0.8210137211343673
0.7244551970072023,2.630870011634209,2.630870011634209,0.5256412773836557
0.7905234896328653,2.6400202774794352,2.6400202774794352,0.19967581246842547
0.8567157864990106,2.640645128287042,2.640645128287042,-0.15420367634899657
0.922809953291878,2.6320896514705754,2.6320896514705754,-0.5321504955026063
0.9885688130392862,2.613811255868891,2.613811255868891,-0.9291524347843505
1.0537434403806676,2.5854071454881344,2.5854071454881344,-1.3391083697664434
1.1180765061576232,2.546638451827196,2.546638451827196,-1.754978237255039
1.18130739305004,2.497453362428347,2.497453362428347,-2.1690181227839407
1.2431763074063757,2.4379991937728063,2.4379991937728063,-2.5730739813206482
1.303429950846966,2.368629333641161,2.368629333641161,-2.958935190639527
1.3618263651659153,2.289899646725511,2.289899646725511,-3.318708308054589
1.418139873013521,2.2025565101207434,2.2025565101207434,-3.6451903520626816
1.4721658280982446,2.1075131564566147,2.1075131564566147,-3.9322074003376866
1.523724086791705,2.005824226262457,2.005824226262457,-4.17489235636887
1.5726624827744857,1.898644566113514,1.898644566113514,-4.3698734073530945
1.6188585473641133,1.787195866282162,1.787195866282162,-4.515372242954567
1.6622210080323867,1.6727259656707596,1.6727259656707596,-4.6112012222299255
1.702689514317715,1.5564631130673532,1.5564631130673532,-4.658648898084925
1.7402341358188917,1.4395918465192774,1.4395918465192774,-4.660323611594376
1.7748536742896355,1.3232148604166651,1.3232148604166651,-4.619905309546688
1.8065731983727449,1.2083319765945082,1.2083319765945082,-4.541882415084078
1.8354415783857934,1.0958238110780976,1.0958238110780976,-4.431279197283708
1.8615278717886898,0.9864407689295416,0.9864407689295416,-4.2933865064694965
1.8849185220629607,0.8807999029670335,0.8807999029670335,-4.133528303251717
1.905713609490625,0.7793866823884752,0.7793866823884752,-3.9568601162150223
1.9240238710927113,0.6825610738602451,0.6825610738602451,-3.7682136966774347
1.939967601944281,0.5905669421841493,0.5905669421841493,-3.5719841670879644
1.953667789996257,0.5035449639632136,0.5035449639632136,-3.37206222454198
1.9652499224533482,0.42154398737943444,0.42154398737943444,-3.1717961825717813
1.9748395587286347,0.3445368603313386,0.3445368603313386,-2.9739934502650653
1.9825608955667198,0.2724319053744773,0.2724319053744773,-2.780935590529957
1.988535069498717,0.20508683375254488,0.20508683375254488,-2.5944173031368147
1.9928791889775297,0.14231987251605152,0.14231987251605152,-2.415792291322254
1.9957053906841804,0.08392038405367304,0.08392038405367304,-2.2460264695924237
1.9971202850289524,0.029657729075683842,0.029657729075683842,-2.0857520949746773
1.9972245267393745,-0.020710900038059032,-0.020710900038059032,-1.9353215972809554
1.9961125991927324,-0.0674341846828348,-0.0674341846828348,-1.7948576009024755
1.9938727366064461,-0.11076148685726754,-0.11076148685726754,-1.664298776891979
1.990586958936145,-0.15093875444463897,-0.15093875444463897,-1.543440492397117
1.9863311993403256,-0.18820537827076167,-0.18820537827076167,-1.4319700681616525
1.981175492322049,-0.2227918787621178,-0.2227918787621178,-1.329496696769425
1.975184235654762,-0.2549182823654986,-0.2549182823654986,-1.2355763723208866
1.9684164417029255,-0.28479300921084083,-0.28479300921084083,-1.1497324334550427
1.9609260644387692,-0.3126123344642229,-0.3126123344642229,-1.0714717499993645
1.9527622829881668,-0.3385600703512847,-0.3385600703512847,-1.0002978275262335
1.9439698348759287,-0.36280768287698856,-0.36280768287698856,-0.9357204927973051
1.9345893026563474,-0.38551447809842115,-0.38551447809842115,-0.8772635051890971
1.9246574374851186,-0.4068280982646744,-0.4068280982646744,-0.8244696679942511
1.9142074123978683,-0.4268849543508655,-0.4268849543508655,-0.7769047783189613
1.9032691409453826,-0.44581095464910725,-0.44581095464910725,-0.7341595931897642
1.8918694756262755,-0.4637219970041168,-0.4637219970041168,-0.6958515603023405
1.880032514074118,-0.48072481764277436,-0.48072481764277436,-0.6616247657200245
1.867779762119289,-0.49691749352902065,-0.49691749352902065,-0.6311502716534114
1.8551303779361177,-0.5123902229395203,-0.5123902229395203,-0.6041251810264716
1.8421013635317047,-0.5272259566706624,-0.5272259566706624,-0.5802717455055859
1.8287076966428613,-0.5415009025114208,-0.5415009025114208,-0.5593365297705093
1.8149625520086525,-0.555285303639911,-0.555285303639911,-0.5410886088655356
1.8008774074395035,-0.5686438511458513,-0.5686438511458513,-0.5253185866623211
1.7864621603772313,-0.5816361785383274,-0.5816361785383274,-0.5118372724787712
1.771725301928648,-0.5943175235000429,-0.5943175235000429,-0.5004738517900837
1.7566739827133548,-0.6067390163624132,-0.6067390163624132,-0.49107495609562846
1.7413140959719628,-0.6189480788336884,-0.6189480788336884,-0.4835034195225576
1.7256504131797932,-0.6309889888622919,-0.6309889888622919,-0.4776366328632684
1.7096866334374883,-0.6429031022655453,-0.6429031022655453,-0.4733657192624994
1.6934254361150216,-0.6547291485175343,-0.6547291485175343,-0.470594544109848
1.6768685581335387,-0.6665036029534732,-0.6665036029534732,-0.46923857050710227
1.6600168680554837,-0.6782610524335929,-0.6782610524335929,-0.46922378027246614
1.642870379906714,-0.690034285299827,-0.690034285299827,-0.47048619962019256
1.6254282969834513,-0.7018545708320185,-0.7018545708320185,-0.47297105582975374
1.607689054499643,-0.7137519088552173,-0.7137519088552173,-0.4766320311153247
1.5896503641707092,-0.7257553479316154,-0.7257553479316154,-0.4814304535082281
1.5713092162744342,-0.7378930021824496,-0.7378930021824496,-0.48733505939833055
1.552661897618246,-0.7501922853512061,-0.7501922853512061,-0.4943214030979368
1.5337040194019345,-0.7626799735859671,-0.7626799735859671,-0.5023715358904572
1.5144305277388301,-0.7753825423322743,-0.7753825423322743,-0.5114733462054442
1.4948357088122444,-0.7883263436397834,-0.7883263436397834,-0.5216201950436294
1.4749131888754663,-0.8015376061622657,-0.8015376061622657,-0.5328108026142216
1.4546559314522944,-0.8150424663748143,-0.8150424663748143,-0.545049076652837
1.4340562311735556,-0.8288673300504837,-0.8288673300504837,-0.5583435789819573
1.4131057677978465,-0.8430386808245125,-0.8430386808245125,-0.5727075591659944
1.391795531344545,-0.8575834963226167,-0.8575834963226167,-0.588158495456635
1.3701158063648997,-0.8725293646084403,-0.8725293646084403,-0.6047179330342525
1.3480561719420265,-0.8879044841835576,-0.8879044841835576,-0.6224113996355194
1.3256055016909152,-0.9037376639874688,-0.9037376639874688,-0.6412682790891941
1.3027519560636953,-0.9200583541369796,-0.9200583541369796,-0.6613216274328317
1.279482916567801,-0.936897034592722,-0.936897034592722,-0.6826078012524207
1.255785059385465,-0.9542850165891448,-0.9542850165891448,-0.7051663118522398
1.231644228275902,-0.9722546879939762,-0.9722546879939762,-0.7290395930487785
1.2070454037101175,-0.9908396063320255,-0.9908396063320255,-0.7542727178189844
1.1819727028709002,-1.0100744987851875,-1.0100744987851875,-0.7809130573874525
1.1564093796528279,-1.0299952621924378,-1.0299952621924378,-0.8090098446836242
1.1303378070588186,-1.0506389765883217,-1.0506389765883217,-0.8386136505759181
1.1037393791219698,-1.072044063209283,-1.072044063209283,-0.8697758212896687
1.0765945496209837,-1.0942502464149642,-1.0942502464149642,-0.9025476747158522
1.048882726580831,-1.1172984782612907,-1.1172984782612907,-0.9369797264066603
1.0205822573629535,-1.1412309400723128,-1.1412309400723128,-0.9731205806396861
0.9916704286652691,-1.1660910424402022,-1.1660910424402022,-1.011015600259626
0.962123446058363,-1.1919232784264342,-1.1919232784264342,-1.050705365885429
0.93191637324346,-1.2187731213643394,-1.2187731213643394,-1.0922238850007457
0.9010231447075057,-1.2466869321731346,-1.2466869321731346,-1.1355963827114133
0.8694165190858788,-1.27571119555006,-1.27571119555006,-1.1808366508623407
0.8370680767260863,-1.305892492335109,-1.305892492335109,-1.227943945464074
0.8039482196877601,-1.337277499511032,-1.337277499511032,-1.2768994888808929
0.7700262024768391,-1.3699121626808168,-1.3699121626808168,-1.3276621645224194
0.735270117184443,-1.403841273210103,-1.403841273210103,-1.3801637097171127
0.6996469895490016,-1.4391073876619194,-1.4391073876619194,-1.4343028058473646
0.6631228730760144,-1.475749260889861,-1.475749260889861,-1.4899380414426497
0.6256628492782454,-1.5138018412632317,-1.5138018412632317,-1.5468809031078155
0.5872311158760525,-1.5532954120207385,-1.5532954120207385,-1.6048875423997213
0.547791222352686,-1.594253134144586,-1.594253134144586,-1.663648491293394
0.5073062229910343,-1.6366898649592037,-1.6366898649592037,-1.7227782326210408
0.46573913943169687,-1.6806080374062395,-1.6806080374062395,-1.7818015363752613
0.4230529828064513,-1.725997454913873,-1.725997454913873,-1.8401420690968888
0.3792109906435767,-1.7728336346715534,-1.7728336346715534,-1.8971094193833204
0.3341774078865174,-1.8210723063344771,-1.8210723063344771,-1.9518823022104268
0.2879179507321449,-1.870646327433246,-1.870646327433246,-2.003493784042494
0.24040030937083798,-1.9214622934276564,-1.9214622934276564,-2.050816860693705
0.19159473199558014,-1.9733973123239186,-1.9733973123239186,-2.092551507522588
0.1414750905684672,-2.0262931298871285,-2.0262931298871285,-2.1272115556666646
0.09001977195629549,-2.079951413276185,-2.079951413276185,-2.1531161755243087
0.037212529220719756,-2.1341299087678496,-2.1341299087678496,-2.168387153940142
-0.01695608076026671,-2.18853640410805,-2.18853640410805,-2.170951100146599
-0.07248756529188441,-2.2428245421518516,-2.2428245421518516,-2.158552173899429
-0.1293740143971372,-2.2965893754915006,-2.2965893754915006,-2.128775885001729
-0.18759656552380236,-2.3493637867100716,-2.3493637867100716,-2.07908730332291
-0.2471239198264984,-2.400616190191633,-2.400616190191633,-2.0068860832863367
-0.3079105237477995,-2.4497498623859677,-2.4497498623859677,-1.9095812718529825
-0.36989519179065833,-2.4961040600474935,-2.4961040600474935,-1.7846857880429068
-0.43299931170565226,-2.5389581654639324,-2.5389581654639324,-1.6299336396511903
-0.49712558506737825,-2.577539919321272,-2.577539919321272,-1.4434169773490217
-0.562156825516341,-2.611033006130196,-2.611033006130196,-1.2237367559115984
-0.6279548996420794,-2.63859589156192,-2.63859589156192,-0.9701704504886801
-0.6943606155804551,-2.65938058510027,-2.65938058510027,-0.6828350846652387
-0.7611935525327851,-2.672550519009226,-2.672550519009226,-0.36283943871744495
-0.8282527791635292,-2.677313304904926,-2.677313304904926,-0.012416460345008207
-0.8953184579118714,-2.6729473472054006,-2.6729473472054006,0.3649927165828247
-0.9621535944362891,-2.6588311591590563,-2.6588311591590563,0.7647075675981831
-1.028507610829692,-2.634478339150006,-2.634478339150006,1.1808539753590115
-1.0941193621100809,-2.599561182121363,-2.599561182121363,1.6064855365591493
-1.158721918677976,-2.553938535368869,-2.553938535368869,2.033794440895287
-1.2220473727839043,-2.4976725053284348,-2.4976725053284348,2.454398440742019
-1.2838318509806488,-2.431039044842142,-2.431039044842142,2.859690243484175
-1.3438213859296406,-2.354528063925663,-2.354528063925663,3.241231758650338
-1.401776556567924,-2.2688357849625342,-2.2688357849625342,3.5911520732482547
-1.4574780762747481,-2.1748428361402916,-2.1748428361402916,3.9025284816457537
-1.5107305626285372,-2.073589748215283,-2.073589748215283,4.169708865313311
-1.5613664396218594,-1.9662393154345468,-1.9662393154345468,4.388553445103602
-1.6092483446748251,-1.8540364213608902,-1.8540364213608902,4.556573398383243
-1.654270836777931,-1.7382713359754978,-1.7382713359754978,4.6729737005468515
-1.6963607433147365,-1.6202278856236063,-1.6202278856236063,4.738565060189071
-1.7354766767307943,-1.5011547320432188,-1.5011547320432188,4.7556188014352125
-1.7716078511457856,-1.3822274963616634,-1.3822274963616634,4.727631804315507
-1.8047714938020758,-1.26452018148913,-1.26452018148913,4.6590466306131715
-1.8350105225744842,-1.1489878630066621,-1.1489878630066621,4.554967688146709
-1.8623899601534568,-1.0364518526469646,-1.0364518526469646,4.420867589542297
-1.8869937573052833,-0.9275946584741354,-0.9275946584741354,4.262327549262492
-1.908921252802348,-0.822959779906853,-0.822959779906853,4.084810739223016
-1.9282836083402146,-0.7229575677010891,-0.7229575677010891,3.8934830240113634
-1.9452008531836649,-0.6278733614160523,-0.6278733614160523,3.6930787094825632
-1.9597985376485412,-0.5378811991479522,-0.5378811991479522,3.4878169927585403
-1.9722054953306338,-0.4530554001807312,-0.4530554001807312,3.281351895052045
-1.982551188945388,-0.37338650595982215,-0.37338650595982215,3.076763786085202
-1.9909640334295438,-0.29879477508225005,-0.29879477508225005,2.876573156482534
-1.997569656816335,-0.2291438492317513,-0.2291438492317513,2.682774965197077
-2.00248972057903,-0.16425361846322584,-0.16425361846322584,2.4968873765852906
-2.0058409203057685,-0.10391125164481133,-0.10391125164481133,2.3200059696717545
-2.0077343321058527,-0.047881155761357666,-0.047881155761357666,2.1528619786766274
-2.0082749185344415,0.004086594411316986,0.004086594411316986,1.995879590530546
-2.007561278216392,0.05224930851885242,0.05224930851885242,1.8492300791805665
-2.00568552893511,0.0968659320982937,0.0968659320982937,1.7128816651867116
-2.0027333268806364,0.13819254026212766,0.13819254026212766,1.5866437721072977
-1.998783982964316,0.17647884395428937,0.17647884395428937,1.4702055952653796
-1.9939106538162206,0.2119656123537879,0.2119656123537879,1.363168885011639
-1.9881806036193626,0.24488283802178004,0.24488283802178004,1.2650753491968645
-1.9816554674220903,0.27544848852235565,0.27544848852235565,1.175429202497999
-1.9743915883190206,0.3038678622561679,0.3038678622561679,1.0937150210706852
-1.9664403169074007,0.33033321280270794,0.33033321280270794,1.0194121516953967
-1.957848355525474,0.35502382434401714,0.35502382434401714,0.9520054420563695
-1.948658068274163,0.37810620270394857,0.37810620270394857,0.8909935858756355
-1.9389078082816193,0.3997345520633632,0.3997345520633632,0.8358948800200363
-1.9286322020715985,0.420051260809851,0.420051260809851,0.7862514802722631
-1.9178624663647836,0.43918761872337003,0.43918761872337003,0.7416317494557312
-1.9066266343015104,0.4572643737904103,0.4572643737904103,0.701632068806304
-1.8949498680677086,0.47439259960450375,0.47439259960450375,0.6658769160902189
-1.882854628605259,0.4906742201593802,0.4906742201593802,0.6340192821565926
-1.8703609532907217,0.506202887417283,0.506202887417283,0.6057395414102433
-1.8574866239511159,0.5210645524256097,0.5210645524256097,0.5807447871469602
-1.8442473400911388,0.5353381020629445,0.5353381020629445,0.5587676585869037
-1.8306569364551681,0.5490961200716162,0.5490961200716162,0.5395645832412845
-1.8167274781130855,0.5624052862392621,0.5624052862392621,0.5229148315255896
-1.802469427398616,0.5753270356230519,0.5753270356230519,0.5086187371757234
-1.787891788983788,0.5879181090283991,0.5879181090283991,0.49649612229471485
-1.7730021778529073,0.6002308817713576,0.6002308817713576,0.48638524069471534
-1.757806943921173,0.61231389971757,0.61231389971757,0.47814115524711975
-1.7423112867940391,0.6242123495369337,0.6242123495369337,0.4716342788161054
-1.7265193002063801,0.6359682924786644,0.6359682924786644,0.4667494920745574
-1.7104340416238863,0.6476210161921112,0.6476210161921112,0.46338497924878586
-1.6940576387936686,0.6592075239833327,0.6592075239833327,0.46145078809468165
-1.6773913174959434,0.6707626749386636,0.6707626749386636,0.4608682050282715
-1.660435442935947,0.6823194450002524,0.6823194450002524,0.4615688867930212
-1.6431895671357384,0.6939091819901916,0.6939091819901916,0.463494028527738
-1.6256524924557216,0.705561988298764,0.705561988298764,0.46659333992075314
-1.6078222792233454,0.71730677058063,0.71730677058063,0.47082471019891736
-1.5896962680133042,0.7291714535187891,0.7291714535187891,0.4761535857905179
-1.5712711073325711,0.7411831005878711,0.7411831005878711,0.4825525186614412
-1.5525427800115168,0.753368252752159,0.753368252752159,0.4900004202740904
-1.5335066140642444,0.7657530823606556,0.7657530823606556,0.49848217634816927
-1.5141572826885836,0.7783633931470878,0.7783633931470878,0.5079885031545086
-1.4944887987402535,0.7912248006340825,0.7912248006340825,0.5185155631622896
-1.474494553991814,0.8043628587931388,0.8043628587931388,0.5300646205165168
-1.454167315549555,0.8178031017732641,0.8178031017732641,0.542641867062284
-1.4334991855905677,0.8315714595208408,0.8315714595208408,0.5562578921225556
-1.4124816009416155,0.8456942634188132,0.8456942634188132,0.5709276257631601
-1.3911053330791254,0.8601982462866934,0.8601982462866934,0.586670257256534
-1.3693604881291923,0.8751105423805586,0.8751105423805586,0.6035091190265001
-1.347236479729348,0.8904588546498694,0.8904588546498694,0.62147143426264
-1.3247220244988729,0.9062717725440668,0.9062717725440668,0.6405879379201442
-1.3018051609523176,0.9225785305534412,0.9225785305534412,0.660892921429565
-1.2784731341353188,0.9394093909523931,0.9394093909523931,0.6824239303459386
-1.254712391765807,0.9567956607765107,0.9567956607765107,0.7052215953823991
-1.2305085842340089,0.9747696918225682,0.9747696918225682,0.729329406023565
-1.205846564602455,0.9933648806485209,0.9933648806485209,0.7547934089267606
-1.1807103502210636,1.012615737032904,1.012615737032904,0.7816618481681838
-1.155083054736485,1.0325581237533803,1.0325581237533803,0.8099847174000456
-1.128946931706199,1.0532291151752013,1.0532291151752013,0.8398132378760721
-1.1022832376299787,1.0746670819024882,1.0746670819024882,0.8711993632974675
-1.0750722250955669,1.0969116987979197,1.0969116987979197,0.9041950034607503
-1.0472931427786838,1.1200039449827288,1.1200039449827288,0.9388510826733064
-1.0189242345164493,1.143986100232492,1.143986100232492,0.9752164201156841
-0.9899426617254041,1.1689015478134648,1.1689015478134648,1.01333650382381
-0.9603244861767605,1.194794894048606,1.194794894048606,1.0532519067684978
-0.9300446408157091,1.2217115526548117,1.2217115526548117,1.094996428092239
-0.8990768947897678,1.2496975440179252,1.2496975440179252,1.138594847422242
-0.8673938534487876,1.2787994951927313,1.2787994951927313,1.18406029079988
-0.8349669619246499,1.309064268702793,1.309064268702793,1.2313911202220678
-0.8017664798862261,1.3405385581519564,1.3405385581519564,1.280567322696296
-0.7677615163448441,1.3732683962166303,1.3732683962166303,1.3315462191018654
-0.7329200828122662,1.4072977274673744,1.4072977274673744,1.3842570896259718
-0.6972090942307733,1.4426683737991273,1.4426683737991273,1.4385956197832563
-0.6605943885035879,1.4794198079090892,1.4794198079090892,1.4944176632458146
-0.6230409038964067,1.517586982456126,1.517586982456126,1.5515310201746852
-0.5845127475983529,1.5571996703149236,1.5571996703149236,1.6096871276940132
-0.5449734770838388,1.598279605960135,1.598279605960135,1.668570288188561
-0.5043861424581786,1.6408400251870985,1.6408400251870985,1.7277876363634517
1.0,0.9,0.9,-1.0
1.0222358024782348,0.8741592038956392,0.8741592038956392,-1.0615432765952286
1.0438049987557474,0.8468186667976821,0.8468186667976821,-1.1196197216851467
1.0646710823663796,0.8180696845011427,0.8180696845011427,-1.1739034391025502
1.0848000195521652,0.7880106020755199,0.7880106020755199,-1.2241132668518302
1.10416028903946,0.7567465342154768,0.7567465342154768,-1.2700163844837074
1.122723050663018,0.7243878931296728,0.7243878931296728,-1.311431202664172
1.140462282123259,0.6910492426063654,0.6910492426063654,-1.3482291510300586
1.157354883397839,0.6568469760413099,0.6568469760413099,-1.3803349405686882
1.1733806983025687,0.6218989248551181,0.6218989248551181,-1.407726058616419
1.1885224968659087,0.5863230376088618,0.5863230376088618,-1.430431012748178
1.2027660568211356,0.5502363501203604,0.5502363501203604,-1.4485270247938806
1.2161000010812995,0.5137529556759158,0.5137529556759158,-1.462135887040798
1.228515721007857,0.47698286557216035,0.47698286557216035,-1.4714196635016248
1.2400073764106743,0.44003200911605755,0.44003200911605755,-1.4765766342602962
1.2505717311381002,0.40300130582590904,0.40300130582590904,-1.4778361183849174
1.260208036092949,0.36598531158738223,0.36598531158738223,-1.4754528891700134
1.2689177849554207,0.32907196390269317,0.32907196390269317,-1.469701815396563
1.2767044805971464,0.29234191290218825,0.29234191290218825,-1.4608723815357205
1.2835736350112767,0.2558685210620129,0.2558685210620129,-1.4492641811253535
1.289532600609785,0.21971774454570683,0.21971774454570683,-1.4351822472378726
1.2945902201500297,0.18394767749926386,0.18394767749926386,-1.4189321982435035
1.2987566846133762,0.1486088569887954,0.1486088569887954,-1.4008166296960876
1.3020432847036272,0.1137443860155116,0.1137443860155116,-1.3811316575651293
1.3044623972663913,0.07938995002735963,0.07938995002735963,-1.3601641443660506
1.3060272101757597,0.04557418337838096,0.04557418337838096,-1.3381892337648718
1.3067515101893346,0.012319005857157353,0.012319005857157353,-1.3154684326899344
1.3066495264205933,-0.020359935499406345,-0.020359935499406345,-1.2922482724715252
1.3057358473299032,-0.052453071857035447,-0.052453071857035447,-1.2687592587337844
1.3040252271193464,-0.08395642659961354,-0.08395642659961354,-1.245215278884027
1.3015324336260554,-0.1148711022386163,-0.1148711022386163,-1.221813419240229
1.298272147007283,-0.14520290902193403,-0.14520290902193403,-1.1987340184127062
1.2942588690261738,-0.17496204765803045,-0.17496204765803045,-1.1761409373714533
1.2895067906383628,-0.20416265171477055,-0.20416265171477055,-1.1541821168931967
1.2840296798346917,-0.23282223807442767,-0.23282223807442767,-1.1329903927668112
1.2778408452469214,-0.2609615373487821,-0.2609615373487821,-1.1126842314539838
1.270953045358404,-0.28860411796073504,-0.28860411796073504,-1.0933686851722624
1.263378412040971,-0.31577605139746734,-0.31577605139746734,-1.0751364096088174
1.2551283772141413,-0.34250545211567685,-0.34250545211567685,-1.0580688095282067
1.2462136598449596,-0.36882240415594564,-0.36882240415594564,-1.0422369876294726
1.2366442115871505,-0.39475869949440306,-0.39475869949440306,-1.0277028113772457
1.226429161948629,-0.4203476044555114,-0.4203476044555114,-1.0145199591428389
1.2155767808260132,-0.4456235596234094,-0.4456235596234094,-1.002734976982748
1.2040944595877454,-0.47062205593497597,-0.47062205593497597,-0.9923882020122534
1.1919887070945916,-0.4953796158676568,-0.4953796158676568,-0.983514597130832
1.1792650980457298,-0.5199335600984607,-0.5199335600984607,-0.9761446447039185
1.165928262646659,-0.5443219495274123,-0.5443219495274123,-0.9703050974009342
1.151981860854511,-0.5685834270751134,-0.5685834270751134,-0.9660197099121876
1.1374285755768483,-0.5927571825402772,-0.5927571825402772,-0.9633098493200676
1.1222701126716637,-0.6168829525997284,-0.6168829525997284,-0.9621950283494737
1.1065071763725187,-0.64100097484153,-0.64100097484153,-0.9626933954546448
1.0901394538481026,-0.6651518903399231,-0.6651518903399231,-0.9648221579200206
1.0731656157709075,-0.6893767667234397,-0.6893767667234397,-0.9685978877384133
1.0555832833870373,-0.713717076590626,-0.713717076590626,-0.9740367764327474
1.037389028384136,-0.7382146973543868,-0.7382146973543868,-0.9811547883949866
1.0185783728913884,-0.7629119112419852,-0.7629119112419852,-0.9899677253733962
0.999145789479519,-0.7878514052950432,-0.7878514052950432,-1.000491196521519
0.9790846709422768,-0.8130762225516615,-0.8130762225516615,-1.0127405034314643
0.9583873166336523,-0.8386298357282633,-0.8386298357282633,-1.0267304079124575
0.9370449529056204,-0.864556106179683,-0.864556106179683,-1.04247476563662
0.9150476899509985,-0.8908991340786061,-0.8908991340786061,-1.0599860433814743
0.892384521470002,-0.9177032575725513,-0.9177032575725513,-1.0792746667562765
0.8690433246702439,-0.9450130527838706,-0.9450130527838706,-1.1003482158724716
0.8450108602667357,-0.9728733338097482,-0.9728733338097482,-1.1232104558162328
0.8202727735167487,-1.0013290502740981,-1.0013290502740981,-1.1478601527660592
0.794813580388221,-1.0304248119434904,-1.0304248119434904,-1.1742895400690458
0.7686166644186425,-1.060205351740031,-1.060205351740031,-1.2024828287560498
0.7416643268643135,-1.0907145111411733,-1.0907145111411733,-1.2324138983588933
0.7139377911415266,-1.1219950891802735,-1.1219950891802735,-1.2640439390881362
0.6854172028265658,-1.1540888424465903,-1.1540888424465903,-1.2973188671932978
0.656081636101091,-1.1870364178957182,-1.1870364178957182,-1.3321664027614757
0.6259092192697778,-1.2208759589753178,-1.2208759589753178,-1.3684919425621285
0.5948770793998841,-1.2556436478476207,-1.2556436478476207,-1.4061751357662988
0.5629615729629208,-1.2913715951623215,-1.2913715951623215,-1.4450642792271249
0.5301383603900515,-1.3280871032542092,-1.3280871032542092,-1.484970990987182
0.4963824060720921,-1.3658126661431669,-1.3658126661431669,-1.525664986916162
0.46166807540718513,-1.4045652517674183,-1.4045652517674183,-1.5668679246382073
0.42596949507813653,-1.4443536207551815,-1.4443536207551815,-1.6082451358390883
0.38926067829157196,-1.4851775008749737,-1.4851775008749737,-1.649398328184974
0.35151590908877794,-1.5270248297333213,-1.5270248297333213,-1.6898563065339633
0.3127097765919497,-1.569871524017612,-1.569871524017612,-1.7290676390717905
0.2728176228892355,-1.6136788583248989,-1.6136788583248989,-1.7663912426647874
0.23181602674075236,-1.6583906191090725,-1.6583906191090725,-1.8010869392174123
0.18968333709037516,-1.7039300313258214,-1.7039300313258214,-1.8323063605708483
0.14639993708848448,-1.7501983696809085,-1.7501983696809085,-1.8590864073594644
0.10194903178617834,-1.7970712035151137,-1.7970712035151137,-1.8803421869074715
0.056317395238813225,-1.8443949285751833,-1.8443949285751833,-1.8948625504712155
0.009495942278630098,-1.8919843340989733,-1.8919843340989733,-1.901309670626059
-0.03851930599662412,-1.9396190559854565,-1.9396190559854565,-1.8982218655566814
-0.08772629901385531,-1.9870405037780619,-1.9870405037780619,-1.8840221327197035
-0.13811606428315928,-2.0339494312027067,-2.0339494312027067,-1.857033651540928
-0.1896715213082597,-2.080003434735426,-2.080003434735426,-1.8155031949911664
-0.24236652477202827,-2.1248156090312467,-2.1248156090312467,-1.7576341594658718
-0.29616460704509867,-2.1679538691009554,-2.1679538691009554,-1.6816304957146189
-0.3510179279998498,-2.2089419160157395,-2.2089419160157395,-1.5857523337697939
-0.40686623320078724,-2.2472606125162664,-2.2472606125162664,-1.4683825615126216
-0.46363564375660604,-2.2823534416735956,-2.2823534416735956,-1.3281076436093482
-0.5212380479943683,-2.3136319516529094,-2.3136319516529094,-1.1638053147891734
-0.5795701965601945,-2.3404826423026144,-2.3404826423026144,-0.9747405516010701
-0.6385132632228399,-2.362281508578979,-2.362281508578979,-0.7606679941075534
-0.6979328758073253,-2.378405258142901,-2.378405258142901,-0.5219266855828402
-0.7576790713268488,-2.3882455722583713,-2.3882455722583713,-0.2595282740023207
-0.8175871293072194,-2.3912307683610265,-2.3912307683610265,0.024771492955443675
-0.8774786732369796,-2.386842217237739,-2.386842217237739,0.3284305462715904
-0.9371629779217608,-2.3746339613962486,-2.3746339613962486,0.6481093462427125
-0.9964396195392224,-2.3542555496661555,-2.3542555496661555,0.9797053718926779
-1.0551005113527112,-2.325466400820377,-2.325466400820377,1.3184295572808944
-1.1129330875579935,-2.2881538507304313,-2.2881538507304313,1.658932490716688
-1.1697239217560176,-2.242344824122022,-2.242344824122022,1.9954764917501675
-1.2252617534686336,-2.188212587783336,-2.188212587783336,2.322139122128438
-1.2793418438500899,-2.1260785733255747,-2.1260785733255747,2.6330491392917077
-1.331769137304603,-2.0564084221586123,-2.0564084221586123,2.922625272495039
-1.3823619657435566,-1.9798018139148263,-1.9798018139148263,3.1858121497444274
-1.4309553300751696,-1.896975171454608,-1.896975171454608,3.418289417071795
-1.477403280233209,-1.8087443450907639,-1.8087443450907639,3.6166422104142057
-1.5215814309035365,-1.715995532074489,-1.715995532074489,3.7784760019366965
-1.5633881207021576,-1.6196625138692125,-1.6196625138692125,3.902476243009697
-1.6027455669378754,-1.5207010944039543,-1.5207010944039543,3.9884113347334584
-1.6395997002193026,-1.420054709918577,-1.420054709918577,4.03705985755539
-1.6739198288934711,-1.3186393439508788,-1.3186393439508788,4.050117939863554
-1.7056977231935624,-1.217318118067532,-1.217318118067532,4.0300506871128245
-1.7349457270611879,-1.1168831839673772,-1.1168831839673772,3.9799218894733643
-1.7616951874184927,-1.0180452343304103,-1.0180452343304103,3.903224533170101
-1.7859941214205108,-0.9214235306012237,-0.9214235306012237,3.803704334754028
-1.8079047469308411,-0.8275420080334591,-0.8275420080334591,3.685199990441377
-1.8275014167011023,-0.7368285626874508,-0.7368285626874508,3.5515044667586952
-1.8448678186303322,-0.6496181931521228,-0.6496181931521228,3.4062493559837947
-1.860095064212181,-0.5661575703690389,-0.5661575703690389,3.252816444731389
-1.8732793893306343,-0.4866122614615162,-0.4866122614615162,3.094275036752454
-1.884520168567894,-0.41107590158439855,-0.41107590158439855,2.9333459103237205
-1.8939184445264448,-0.33957761554925836,-0.33957761554925836,2.772380972090905
-1.901575152207705,-0.272092964664734,-0.272092964664734,2.6133670988429056
-1.9075901341864199,-0.20855176560205985,-0.20855176560205985,2.4579374134693683
-1.9120609342118693,-0.14884716282381544,-0.14884716282381544,2.3073955775894475
-1.9150820683245513,-0.09284353097358337,-0.09284353097358337,2.1627458385858023
-1.9167443517975191,-0.04038340430327412,-0.04038340430327412,2.0247258963861405
-1.9171344588374086,0.008706162899013749,0.008706162899013749,1.8938419511500715
-1.9163345836491814,0.05460825876552061,0.05460825876552061,1.770402845721947
-1.9144222552414614,0.09751159394183505,0.09751159394183505,1.6545526315327486
-1.911470244368975,0.13760673844634524,0.13760673844634524,1.5463006975024212
-1.907546552712704,0.17508308276011225,0.17508308276011225,1.4455488955371096
-1.9027144733438588,0.21012648466352293,0.21012648466352293,1.3521153456657764
-1.8970327136441802,0.2429173966088165,0.2429173966088165,1.265755230469798
-1.8905555268800154,0.2736295388174368,0.2736295388174368,1.186178313271001
-1.8833329248452917,0.3024289506924557,0.3024289506924557,1.113063654368692
-1.8754108404034686,0.3294733578629883,0.3294733578629883,1.046071765290347
-1.8668313830251235,0.35491186803575064,0.35491186803575064,0.9848543047025756
-1.857633013944477,0.37888481213351966,0.37888481213351966,0.9290619593212407
-1.8478508027999767,0.4015238311436973,0.4015238311436973,0.8783503966027337
-1.8375166211477798,0.42295205135404157,0.42295205135404157,0.83238488768195
-1.826659350383221,0.44328433972219844,0.44328433972219844,0.7908437568173747
-1.815305115172341,0.4626277438480245,0.4626277438480245,0.7534205447541811
-1.8034774194659808,0.48108176445443757,0.48108176445443757,0.7198259264999218
-1.791197391514556,0.4987389444620059,0.4987389444620059,0.6897882438679859
-1.778483915090859,0.515685222571953,0.515685222571953,0.6630541815547728
-1.765353778842835,0.5320003731271509,0.5320003731271509,0.6393888400284065
-1.751821876372616,0.5477585974072253,0.5477585974072253,0.6185751315187207
-1.7379012889029934,0.5630288164424103,0.5630288164424103,0.60041366996525
-1.7236034196113688,0.5778751438269703,0.5778751438269703,0.5847220308499392
-1.7089381500240812,0.5923574140049939,0.5923574140049939,0.5713337437328834
-1.6939138992509335,0.6065314294002473,0.6065314294002473,0.5600978300979975
-1.6785377134393866,0.6204493348497643,0.6204493348497643,0.5508779619858188
-1.6628154030454307,0.6341601455809492,0.6341601455809492,0.5435512423316027
-1.6467515829697774,0.6477099196799244,0.6477099196799244,0.5380077169292588
-1.6303497306814416,0.6611420584050268,0.6611420584050268,0.534149590624716
-1.6136122661398722,0.6744976675920002,0.6744976675920002,0.5318903108291868
-1.5965406266938391,0.6878159138522959,0.6878159138522959,0.5311536882480457
-1.5791352797538456,0.7011341054230386,0.7011341054230386,0.5318735402777033
-1.5613957699661836,0.7144879812509125,0.7144879812509125,0.533992954197972
-1.5433207600534793,0.7279119392919517,0.7279119392919517,0.5374636767674748
-1.5249080815875202,0.7414393999249295,0.7414393999249295,0.5422453341920208
-1.5061547379378046,0.7551028274574112,0.7551028274574112,0.5483052196602598
-1.4870569166448881,0.768933921172799,0.768933921172799,0.555617828257796
-1.4676100244860522,0.7829637588526327,0.7829637588526327,0.5641644413415654
-1.4478086952548415,0.7972230211708438,0.7972230211708438,0.5739326662041396
-1.4276467965452642,0.8117423126190149,0.8117423126190149,0.5849159161818324
-1.4071174297820928,0.8265521623752553,0.8265521623752553,0.5971132870467363
-1.386212930220869,0.8416830243041971,0.8416830243041971,0.6105293962542159
-1.3649248504051503,0.8571655359692553,0.8571655359692553,0.6251739804819804
-1.3432440053751304,0.8730306208080569,0.8730306208080569,0.6410615851094603
-1.3211604425277201,0.8893095397467528,0.8893095397467528,0.6582113821606121
-1.298663385717338,0.9060342550123491,0.9060342550123491,0.6766467787415856
-1.2757412351475486,0.9232374310706868,0.9232374310706868,0.6963952531947522
-1.252381567371061,0.940952434626443,0.940952434626443,0.7174881319001868
-1.2285711352897253,0.9592133346231327,0.9592133346231327,0.7399602993447645
-1.2042958107798256,0.9780551144232925,0.9780551144232925,0.7638498161248979
-1.1795406038804421,0.9975138260694655,0.9975138260694655,0.7891974474056112
-1.1542896304872539,1.0176264940772435,1.0176264940772435,0.8160463051163956
-1.1285260142582316,1.0384313062465085,1.0384313062465085,0.8444413598700671
-1.1022318864781824,1.0599676140215566,1.0599676140215566,0.8744288072515926
-1.0753883860587465,1.082275932491102,1.082275932491102,0.9060552979099022
-1.0479756593441305,1.1053979399586864,1.1053979399586864,0.9393670148078722
-1.0199727883656164,1.129376396147311,1.129376396147311,0.9744086747672419
-0.9913577670665285,1.1542552699126605,1.1542552699126605,1.0112222436440772
-0.9621074797852669,1.1800794543948745,1.1800794543948745,1.049845440018417
-0.9321976541890192,1.206894599565019,1.206894599565019,1.090309938902059
-0.9016028612737679,1.2347471122250797,1.2347471122250797,1.1326392093360305
-0.8702965147271507,1.2636839960700461,1.2636839960700461,1.1768460034748183
-0.8382508430320872,1.2937523221630922,1.2937523221630922,1.2229293678704862
-0.8054368936685524,1.3249993052165363,1.3249993052165363,1.270871268281743
-0.7718245732329817,1.3574708278013938,1.3574708278013938,1.3206321485160195
-0.7373826494980259,1.3912113017478482,1.3912113017478482,1.3721462175293204
-0.7020787516085392,1.426263665814455,1.426263665814455,1.4253162709462739
-0.6658794874916794,1.462667861034933,1.462667861034933,1.480007012852023
-0.6287504554225316,1.5004604334731506,1.5004604334731506,1.5360381642587329
-0.5906564868670032,1.5396721530865314,1.5396721530865314,1.5931753859372664
-0.551561804298245,1.5803262649136274,1.5803262649136274,1.6511205429035631
-0.5114300211966605,1.6224384890741081,1.6224384890741081,1.709502417581523
-0.47022441579251356,1.6660148135796984,1.6660148135796984,1.767865025915227
-0.42790830749221803,1.7110484518265618,1.7110484518265618,1.8256543434506185
-0.3844455002252385,1.7575165570549727,1.7575165570549727,1.8822040229790922
-0.3398006113564126,1.8053776738571976,1.8053776738571976,1.9367213351692043
-0.29393932191703853,1.8545701951060145,1.8545701951060145,1.988274049487982
-0.24682928053688685,1.9050067442700898,1.9050067442700898,2.035774072358057
-0.19844081099351613,1.9565698861173477,1.9565698861173477,2.077963410009857
-0.14874746675582506,2.009108894678367,2.009108894678367,2.113403202039005
-0.09772701353639678,2.0624349069124577,2.0624349069124577,2.140464493201982
-0.04536261879672274,2.116315212040962,2.116315212040962,2.157322946843142
0.00835623959219109,2.1704693253566116,2.1704693253566116,2.161961528966896
0.06343235776604912,2.224563800333539,2.224563800333539,2.152180545262224
0.11985944877385438,2.2782079043549093,2.2782079043549093,2.1256190659325997
0.17762072848580873,2.3309501735636986,2.3309501735636986,2.0797900109074363
0.2366872343671752,2.3822757002994375,2.3822757002994375,2.0121313636226996
0.2970163923711899,2.4316050375646294,2.4316050375646294,1.9200755190767214
0.3585501769965964,2.4782954394761147,2.4782954394761147,1.801139988790175
0.4212138151679604,2.5216442456612347,2.5216442456612347,1.6530375898727772
0.48491417713912033,2.5608941422084612,2.5608941422084612,1.4738068113697709
0.5495385295784453,2.5952464137235465,2.5952464137235465,1.2619626837253954
0.6149538682593231,2.6238710715970432,2.6238710715970432,1.0166524454989792
0.6810060014757016,2.6459258782251425,2.6459258782251425,0.7378210176182325
0.7475198998167706,2.6605815656494576,2.6605815656494576,0.4263659334346087
0.8143000055006516,2.6670415452956413,2.6670415452956413,0.08426763303149565
0.8811315815033707,2.6645754175744942,2.6645754175744942,-0.28531350351737894
0.9477827918067645,2.652546969738726,2.652546969738726,-0.6779981293493603
1.0140071010637413,2.6304437057748435,2.6304437057748435,-1.0882129728318102
1.0795473911753233,2.5979087096546998,2.5979087096546998,-1.5093001260151802
1.1441393951220746,2.554761829820476,2.554761829820476,-1.9337011986744814
1.2075170482419522,2.5010219232898323,2.5010219232898323,-2.353228743153689
1.2694172726255648,2.4369170868472603,2.4369170868472603,-2.7593976345899263
1.3295853062857537,2.3628882209074296,2.3628882209074296,-3.143803998474914
1.387780222648548,2.279581004665663,2.279581004665663,-3.498521658378867
1.4437794389459393,2.187831244510038,2.187831244510038,-3.8164803852651374
1.4973836836732368,2.088635332604627,2.088635332604627,-4.091798554205921
1.548420150222611,1.98312205894946,1.98312205894946,-4.320041379299349
1.5967456736920713,1.8725095521550728,1.8725095521550728,-4.498380383416258
1.6422482531048868,1.7580660732463893,1.7580660732463893,-4.625650031082133
1.6848479846112203,1.64107073574247,1.64107073574247,-4.702305639300228
1.724496550014534,1.522768954787131,1.522768954787131,-4.730272451151617
1.7611762301383629,1.4043443801824542,1.4043443801824542,-4.712745394233709
1.794897881147746,1.2868864294550153,1.2868864294550153,-4.653919931816599
1.8256980662031232,1.1713693810209103,1.1713693810209103,-4.558705981472457
1.8536364600793307,1.0586391851876253,1.0586391851876253,-4.432447772274371
1.8787919511423865,0.9494048979279647,0.9494048979279647,-4.280652662586626
1.9012596842153269,0.8442379354580308,0.8442379354580308,-4.108763233566044
1.9211473237795955,0.7435762472609809,0.7435762472609809,-3.9219675244374987
1.9385719489319004,0.6477325354625022,0.6477325354625022,-3.725057923736621
1.9536570694086557,0.5569049013395825,0.5569049013395825,-3.5223333990712864
1.9665297392368675,0.4711914681665864,0.4711914681665864,-3.3175483946803097
1.9773185114436909,0.39060223407224104,0.39060223407224104,-3.1138883985409933
1.9861511096863116,0.31507526678008707,0.31507526678008707,-2.913983567626667
1.9931530380961604,0.24448885727317793,0.24448885727317793,-2.7199350482036104
1.998446072323061,0.17867510170021816,0.17867510170021816,-2.5333612161260683
2.002147361692496,0.11743087061583535,0.11743087061583535,-2.3554491812451057
2.004368607321616,0.06052822433073951,0.06052822433073951,-2.187012131654552
2.0052155878106697,0.007722844697075512,0.007722844697075512,-2.0285454486801315
2.0047878311787843,-0.041238550705769296,-0.041238550705769296,-1.8802814608613294
2.0031784646888817,-0.08661229807738531,-0.08661229807738531,-1.7422395189198037
2.0004742056657965,-0.12865304055942453,-0.12865304055942453,-1.6142710230541624
1.9967554504392555,-0.16761000709440466,-0.16761000709440466,-1.4960989406080034
1.9920964489097683,-0.20372422735062212,-0.20372422735062212,-1.3873516203526373
1.9865655266580584,-0.23722653019819603,-0.23722653019819603,-1.2875911741994144
1.980225379776482,-0.2683362087410476,-0.2683362087410476,-1.1963368110219066
1.9731333473682917,-0.29726013752822444,-0.29726013752822444,-1.1130839067808016
1.9653417569232055,-0.32419244242769274,-0.32419244242769274,-1.0373187735772813
1.9568982207208347,-0.3493143503826482,-0.3493143503826482,-0.9685305062826299
1.947845978564882,-0.3727944463838511,-0.3727944463838511,-0.9062195410701313
1.9382241890795389,-0.3947889713051971,-0.3947889713051971,-0.8499042968098312
1.928068259146075,-0.4154424133503008,-0.4154424133503008,-0.7991254312712519
1.917410095091639,-0.4348880034766998,-0.4348880034766998,-0.7534491088210271
1.9062784247659321,-0.4532485092328155,-0.4532485092328155,-0.7124683399097882
1.8946989920428827,-0.470636758881841,-0.470636758881841,-0.6758042531200261
1.8826948608392127,-0.4871565256556905,-0.4871565256556905,-0.6431056247490292
1.8702865790909347,-0.5029030561330476,-0.5029030561330476,-0.61404888251767
1.8574924112305955,-0.5179638456769667,-0.5179638456769667,-0.5883369654453654
1.8443285357579031,-0.5324193051082114,-0.5324193051082114,-0.5656981526842384
1.8308091678349128,-0.5463432490279982,-0.5463432490279982,-0.5458851272881902
1.8169467743027443,-0.5598036741779179,-0.5598036741779179,-0.5286730528859467
1.8027521848007975,-0.5728631908161393,-0.5728631908161393,-0.5138584468881529
1.7882346959689557,-0.5855794855923939,-0.5855794855923939,-0.5012578653929507
1.7734022429026481,-0.5980059885132175,-0.5980059885132175,-0.4907059997591732
1.7582614682652602,-0.6101921685512542,-0.6101921685512542,-0.48205468255243233
1.7428177974850803,-0.6221839114666183,-0.6221839114666183,-0.4751716633176539
1.7270755641724707,-0.6340240549548412,-0.6340240549548412,-0.46993900548316514
1.7110380711173498,-0.6457526591133891,-0.6457526591133891,-0.4662521306890368
1.6947076347130918,-0.6574072635975718,-0.6574072635975718,-0.4640189070041201
1.678085649398598,-0.6690232131081052,-0.6690232131081052,-0.46315859720307206
1.6611726704517447,-0.6806340753176332,-0.6806340753176332,-0.46360066241041253
1.643968427502866,-0.6922717206782741,-0.6922717206782741,-0.46528431121581537
1.6264718621269028,-0.7039665826424124,-0.7039665826424124,-0.46815770172870397
1.6086811621330983,-0.7157478474249852,-0.7157478474249852,-0.47217730559686677
1.590593811040249,-0.7276438295489441,-0.7276438295489441,-0.47730699478373784
1.5722065946322696,-0.7396820238733636,-0.7396820238733636,-0.48351775618003834
1.5535156062666475,-0.7518892147738746,-0.7518892147738746,-0.49078731563161604
1.5345162790811258,-0.7642916967107538,-0.7642916967107538,-0.49909958479327243
1.5152033952679098,-0.7769153655646528,-0.7769153655646528,-0.5084443554096927
1.4955710880846298,-0.7897860843947399,-0.7897860843947399,-0.5188166697305281
1.4756128420663228,-0.8029296952311553,-0.8029296952311553,-0.5302167137236203
1.4553214930254295,-0.8163720190750132,-0.8163720190750132,-0.5426497015208359
1.4346892167610357,-0.830138998133319,-0.830138998133319,-0.556125597015911
1.4137075499671592,-0.8442569554765358,-0.8442569554765358,-0.5706586950964246
1.3923673944969601,-0.8587524859708794,-0.8587524859708794,-0.5862676329679845
1.3706589462826824,-0.8736528539676914,-0.8736528539676914,-0.6029749878661237
1.3485716931883016,-0.8889860092264799,-0.8889860092264799,-0.6208071979001177
1.3260944150095282,-0.9047805869149165,-0.9047805869149165,-0.6397944558714115
1.3032151834738064,-0.9210659076088378,-0.9210659076088378,-0.6599705564930822
1.2799213165555186,-0.9378721651502431,-0.9378721651502431,-0.6813726357489971
1.2561993818330552,-0.9552306034628693,-0.9552306034628693,-0.7040408575188145
1.2320351792931479,-0.9731734162688399,-0.9731734162688399,-0.7280182705804371
1.2074136368598096,-0.9917340011155285,-0.9917340011155285,-0.753350514883502
1.1823188096032617,-1.0109469618324383,-1.0109469618324383,-0.7800854893263335
1.1567338797399263,-1.0308481085312082,-1.0308481085312082,-0.8082729242467193
1.1306411555154448,-1.05147445786607,-1.05147445786607,-0.8379638473472917
1.1040219843891703,-1.0728643063531873,-1.0728643063531873,-0.8692100293353671
1.0768567570686578,-1.0950573249736364,-1.0950573249736364,-0.9020631864364758
1.0491248453377313,-1.1180944191014843,-1.1180944191014843,-0.9365741726779804
1.020804550566377,-1.1420177071246953,-1.1420177071246953,-0.9727919215427517
0.9918731037107511,-1.1668705204451262,-1.1668705204451262,-1.0107621074683673
0.9623066605112189,-1.1926973557969374,-1.1926973557969374,-1.0505255832879867
0.9320802388212949,-1.219543546366526,-1.219543546366526,-1.0921165826878267
0.9011677235909927,-1.2474555043315534,-1.2474555043315534,-1.1355605386126069
0.8695418325725384,-1.2764797864755517,-1.2764797864755517,-1.1808714248497965
0.8371741053922274,-1.3066629221877089,-1.3066629221877089,-1.2280486211579453
0.8040349035504313,-1.3380514134628647,-1.3380514134628647,-1.2770733748842502
0.7700934282663743,-1.3706913425033385,-1.3706913425033385,-1.3279046474085057
0.7353177455153215,-1.4046272320813193,-1.4046272320813193,-1.3804740077458093
0.6996748145634654,-1.4399019051259718,-1.4399019051259718,-1.4346801630958856
0.6631306421872208,-1.4765541972440774,-1.4765541972440774,-1.490381576544145
0.6256502914434059,-1.5146188050385656,-1.5146188050385656,-1.547389305702182
0.5871979163209141,-1.5541259602352802,-1.5541259602352802,-1.6054590806758733
0.5477370513806791,-1.5950985637167836,-1.5950985637167836,-1.6642807198764418
0.5072306679731512,-1.6375517426670743,-1.6375517426670743,-1.7234682666372212
0.4656417262439893,-1.6814880956025113,-1.6814880956025113,-1.7825458447297995
0.4229332613843839,-1.726896917141341,-1.726896917141341,-1.8409357344471584
0.37906848887302264,-1.7737534749564954,-1.7737534749564954,-1.897946148971699
0.33401160662976614,-1.8220134455524448,-1.8220134455524448,-1.9527543935178038
0.28772826802789564,-1.8716097433241268,-1.8716097433241268,-2.004392014500311
0.24018619660006046,-1.9224484479535202,-1.9224484479535202,-2.051729729686654
0.19135562398589773,-1.9744063567872947,-1.9744063567872947,-2.093465192900482
0.14121040236671084,-2.0273249261130286,-2.0273249261130286,-2.128109703658285
0.08972894302278767,-2.0810053415392074,-2.0810053415392074,-2.153979521183282
0.036895025209645244,-2.135204790509998,-2.135204790509998,-2.169193283390073
-0.017300773387828455,-2.189630519975581,-2.189630519975581,-2.171674353475317
-0.07285989282583186,-2.243935441081,-2.243935441081,-2.159163473393385
-0.12977436447648874,-2.297713860152596,-2.297713860152596,-2.129242810385849
-0.18802522554956483,-2.3504977955015387,-2.3504977955015387,-2.0793742803549895
-0.24758106988809614,-2.401754739024955,-2.401754739024955,-2.0069547831753205
-0.3083962059619251,-2.450886958596802,-2.450886958596802,-1.9093912569449634
-0.3704092784619364,-2.4972327629335695,-2.4972327629335695,-1.784195573865026
-0.4335415041454216,-2.540070344190214,-2.540070344190214,-1.6291016993005465
-0.4976953459590955,-2.578626484496644,-2.578626484496644,-1.4422036631661572
-0.5627534003483191,-2.61208423279585,-2.61208423279585,-1.2221062470017712
-0.6285772638160569,-2.63960049839706,-2.63960049839706,-0.9680923272219766
-0.6950074464536842,-2.6603272436545833,-2.6603272436545833,-0.6802876942821192
-0.7618632705523394,-2.673427470198608,-2.673427470198608,-0.35981160692301106
-0.8289434671483925,-2.678108235970617,-2.678108235970617,-0.008910001082733432
-0.8960279189926621,-2.673648592088192,-2.673648592088192,0.3689609619655325
-0.9628793453273458,-2.6594275294069387,-2.6594275294069387,0.7691045029922159
-1.0292468732026379,-2.634959593272695,-2.634959593272695,1.1856294221018548
-1.0948691678255444,-2.599918728310293,-2.599918728310293,1.6115731021152744
-1.1594790491585438,-2.5541654717501068,-2.5541654717501068,2.0391123497777786
-1.2228085109216982,-2.497764244538667,-2.497764244538667,2.4598528651652316
-1.2845935641498039,-2.4309934528730404,-2.4309934528730404,2.8651784068436443
-1.3445802363954398,-2.354345624853925,-2.354345624853925,3.2466466778322904
-1.4025291560318702,-2.2685196314661837,-2.2685196314661837,3.596387345426815
-1.4582211285020004,-2.1743988739346856,-2.1743988739346856,3.907483284427271
-1.5114609737647222,-2.0730259316392816,-2.0730259316392816,4.1742923758437716
-1.562081321040489,-1.9655662295277334,-1.9655662295277334,4.392689422294409
-1.6099451107231566,-1.8532658926748546,-1.8532658926748546,4.560202191387008
-1.6549471990564038,-1.7374164500432938,-1.7374164500432938,4.676054195712135
-1.6970147862578047,-1.6193032435077914,-1.6193032435077914,4.741076861506121
-1.7361068125532875,-1.5001741682138579,-1.5001741682138579,4.757557895872588
-1.7722128575528984,-1.381205355733546,-1.381205355733546,4.729012218089015
-1.8053505167874162,-1.2634701893613565,-1.2634701893613565,4.659896698070084
-1.8355629989891964,-1.1479227918765307,-1.1479227918765307,4.555326739137162
-1.8629156877757385,-1.0353834469147294,-1.0353834469147294,4.420783755922278
-1.8874927696560233,-0.9265333669001736,-0.9265333669001736,4.261854003914802
-1.9093938601628744,-0.8219146326228082,-0.8219146326228082,4.084003195117374
-1.9287303022986648,-0.7219362667342422,-0.7219362667342422,3.8923973658205835
-1.9456223147367155,-0.6268822072021397,-0.6268822072021397,3.69176897137063
-1.9601955925475691,-0.5369251006626526,-0.5369251006626526,3.4863336518407144
-1.9725790617629937,-0.4521382221275806,-0.4521382221275806,3.279741477371754
-1.982902290960865,-0.37251080680519955,-0.37251080680519955,3.075067282522139
-1.991293723779329,-0.29796231038574506,-0.29796231038574506,2.874826671544647
-1.9978790363567562,-0.22835544725081103,-0.22835544725081103,2.6810090709577263
-2.0027798941913515,-0.16350945341072523,-0.16350945341072523,2.495127673912867
-2.006112993651138,-0.10321088668278589,-0.10321088668278589,2.318273220535348
-2.007989392701289,-0.047223704557571446,-0.047223704557571446,2.1511726755638336
-2.00851402651989,0.004702386861713304,0.004702386861713304,1.9942463800792967
-2.007785459012469,0.05282497203841406,0.05282497203841406,1.8476622743789843
-2.005895767089658,0.09740319228298239,0.09740319228298239,1.711385738357012
1.3,-0.4,-0.4,-1.024
1.2896551016566082,-0.4254539142835613,-0.4254539142835613,-1.0074896915146643
1.2786772806396651,-0.45051418969661533,-0.45051418969661533,-0.992593747556291
1.2670758917483318,-0.4752216872041181,-0.4752216872041181,-0.9793380394496947
1.254859252797599,-0.49961774592195346,-0.49961774592195346,-0.9677430512495336
1.2420346435531755,-0.5237441487093866,-0.5237441487093866,-0.9578248520382977
1.2286083042382936,-0.5476431139332733,-0.5476431139332733,-0.9495959858148217
1.2145854053002527,-0.5713571255663644,-0.5713571255663644,-0.9430663823428322
1.1999700438820897,-0.5949288753815425,-0.5949288753815425,-0.9382441104032343
1.1847652449173183,-0.6184012361628235,-0.6184012361628235,-0.9351360307643228
1.168972957899614,-0.6418172419009136,-0.6418172419009136,-0.9337483659515624
1.152594056882815,-0.665220087793209,-0.665220087793209,-0.9340871790974649
1.1356283306036603,-0.6886531530507655,-0.6886531530507655,-0.9361587704831804
1.1180744736592563,-0.7121599543405837,-0.7121599543405837,-0.9399700141959829
1.099930103554292,-0.7357841214235669,-0.7357841214235669,-0.9455285775894309
1.0811917287975068,-0.7595695405943351,-0.7595695405943351,-0.9528430445549269
1.061854747579239,-0.7835603593267878,-0.7835603593267878,-0.9619229814885462
1.0419134477714267,-0.8078009862741037,-0.8078009862741037,-0.9727789049103068
1.0213610069276071,-0.8323360912687411,-0.8323360912687411,-0.9854221440909527
1.0001894921638297,-0.8572106051364541,-0.8572106051364541,-0.9998645919988781
0.978389826207282,-0.8824697229645839,-0.8824697229645839,-1.0161183613497808
0.955951800707994,-0.9081590618054155,-0.9081590618054155,-1.0341952933501264
0.932864071266781,-0.9343244903574981,-0.9343244903574981,-1.0541063379561433
0.9091141310466981,-0.9610120433731341,-0.9610120433731341,-1.0758607690690862
0.8846883107730412,-0.9882679216583792,-0.9882679216583792,-1.0994652109423535
0.8595717787333466,-1.0161384920730425,-1.0161384920730425,-1.1249224829692763
0.8337485407883769,-1.0446702872040634,-1.0446702872040634,-1.1522302458502822
0.8072014495719141,-1.0739095329645005,-1.0739095329645005,-1.1813792589957712
0.7799121823475779,-1.1039023570719813,-1.1039023570719813,-1.212351566560799
0.75186128519801,-1.1346942336150385,-1.1346942336150385,-1.245118097017701
0.7230282010296585,-1.1663293548248228,-1.1663293548248228,-1.2796358162267778
0.693391269572778,-1.1988506310751021,-1.1988506310751021,-1.3158447641392943
0.6629277282249794,-1.2322996825343622,-1.2322996825343622,-1.3536647593744944
0.6316138473985999,-1.266715423839525,-1.266715423839525,-1.3929908207582287
0.59942485130154,-1.302134711175309,-1.302134711175309,-1.4336893410139733
0.5663351633718412,-1.3385901935368028,-1.3385901935368028,-1.4755919387701804
0.5323185715356542,-1.3761087421398548,-1.3761087421398548,-1.5184889274058135
0.49734822820723856,-1.4147114504210743,-1.4147114504210743,-1.5621233598417155
0.46139665459127993,-1.4544136029003705,-1.4544136029003705,-1.6061846937134732
0.4244361368585632,-1.4952217763222033,-1.4952217763222033,-1.650299639820052
0.38643895951460605,-1.5371321419950175,-1.5371321419950175,-1.6940233663605888
0.34737776301180917,-1.580128042111049,-1.580128042111049,-1.7368296839421125
0.30722575236909433,-1.6241785081511573,-1.6241785081511573,-1.7781018469729921
0.2659569415514981,-1.66923686264881,-1.66923686264881,-1.8171235150186413
0.2235468421152248,-1.7152367473229686,-1.7152367473229686,-1.8530677365063268
0.17997300653558707,-1.7620890440455423,-1.7620890440455423,-1.8849874876297579
0.13521542473689557,-1.8096797085188088,-1.8096797085188088,-1.911808377145394
0.08925726143347434,-1.8578663444950707,-1.8578663444950707,-1.9323222472439043
0.04208575541810938,-1.9064741119759436,-1.9064741119759436,-1.9451830998396273
-0.006307113287511594,-1.9552929426402463,-1.9552929426402463,-1.9489080484290389
-0.055923617074179935,-2.0040739699921053,-2.0040739699921053,-1.9418827098832978
-0.10675921371621516,-2.0525261659609706,-2.0525261659609706,-1.92237322428088
-0.1588015957623623,-2.100313933372706,-2.100313933372706,-1.8885467325402343
-0.21202937674105768,-2.1470546809440405,-2.1470546809440405,-1.8385013336187157
-0.26641104672235716,-2.192317790794611,-2.192317790794611,-1.770307326891586
-0.3219036731992922,-2.2356243206436397,-2.2356243206436397,-1.6820608403854287
-0.37845168938983825,-2.2764490240845,-2.2764490240845,-1.5719513724984797
-0.43598591540716125,-2.314222595298143,-2.314222595298143,-1.4383406436940702
-0.49442229191191833,-2.3483381429242223,-2.3483381429242223,-1.279856601191674
-0.5536612257145596,-2.3781595866293146,-2.3781595866293146,-1.0954955308087766
-0.6135869269755582,-2.4030297315553337,-2.4030297315553337,-0.8847287435351011
-0.6740669373349133,-2.422286206461764,-2.422286206461764,-0.6476142029625525
-0.7349524302107134,-2.435277520033078,-2.435277520033078,-0.3848975791403114
-0.7960784109847913,-2.4413780951540485,-2.4413780951540485,-0.09809868808963063
-0.8572648621878526,-2.4400128164018753,-2.4400128164018753,0.21042489181710522
-0.9183182273752535,-2.4306758892969547,-2.4306758892969547,0.537451652330399
-0.9790331404431658,-2.412952027003514,-2.412952027003514,0.8789098438174913
-1.0391955521873237,-2.3865398729079583,-2.3865398729079583,1.2299454689294556
-1.098585163359073,-2.351266744279217,-2.351266744279217,1.5850372379825448
-1.1569792202134748,-2.3071056702646375,-2.3071056702646375,1.9381673134872104
-1.214156343917826,-2.2541844218942177,-2.2541844218942177,2.2830356566159207
-1.269900082216684,-2.1927898797342547,-2.1927898797342547,2.6133045106893507
-1.3240034704925576,-2.1233648187270835,-2.1233648187270835,2.9228657316985043
-1.3762722423819789,-2.046500374411875,-2.046500374411875,3.206099973214871
-1.4265287821311758,-1.962919199650773,-1.962919199650773,3.45811946597905
-1.4746150146651056,-1.8734548039772836,-1.8734548039772836,3.674967901018483
-1.5203948222348866,-1.7790285876056682,-1.7790285876056682,3.853769456886882
-1.5637560526314649,-1.6806162656838095,-1.6806162656838095,3.9928061885539883
-1.604611335104505,-1.5792244087457474,-1.5792244087457474,4.091538459478073
-1.6428987001168214,-1.4758589270124218,-1.4758589270124218,4.150554421662891
-1.6785809025606588,-1.371495424206629,-1.371495424206629,4.171457405838073
-1.7116447344947,-1.2670608538155672,-1.2670608538155672,4.156727158043463
-1.7420993267523253,-1.1634096748320266,-1.1634096748320266,4.109533382938157
-1.7699740006063687,-1.061309936421811,-1.061309936421811,4.033544284029462
-1.7953164192882747,-0.9614342623427412,-0.9614342623427412,3.932739619008921
-1.818189592515233,-0.8643531296031204,-0.8643531296031204,3.811226616185775
-1.8386696552066695,-0.7705342554230588,-0.7705342554230588,3.6730852581047415
-1.8568432221822868,-0.6803446328142635,-0.6803446328142635,3.5222362285896116
-1.8728047640196266,-0.5940565831803674,-0.5940565831803674,3.3623408649309985
-1.8866546453102313,-0.5118539284137813,-0.5118539284137813,3.196727244431544
-1.8984966515540824,-0.4338425184888356,-0.4338425184888356,3.028348182709985
-1.9084364606339854,-0.3600587448097563,-0.3600587448097563,2.859758372781772
-1.9165798567905754,-0.29047984518953485,-0.29047984518953485,2.6931133373079503
-1.9230313971236552,-0.22503440423457596,-0.22503440423457596,2.530185416183056
-1.9278933775393765,-0.16361059631955066,-0.16361059631955066,2.3723862077091145
-1.9312648426369576,-0.10606578980080102,-0.10606578980080102,2.2208015271704573
-1.9332409758605682,-0.05223360898335064,-0.05223360898335064,2.076226336799273
-1.9339125593562256,-0.0019311296439303433,-0.0019311296439303433,1.939203888930053
-1.9333656442554779,0.045035481655751025,0.045035481655751025,1.8100628767864533
-1.9316813413082117,0.08886597593857055,0.08886597593857055,1.688953454077323
-1.9289357249888772,0.12976197491459446,0.12976197491459446,1.5758802479344973
-1.9251998242263435,0.16792369923802888,0.16792369923802888,1.470732071160658
-1.9205396978436666,0.20354742878098933,0.20354742878098933,1.373307986102147
-1.915016557530968,0.2368234980107961,0.2368234980107961,1.283339984740696
-1.9086869272129257,0.2679349051544644,0.2679349051544644,1.2005119877954868
-1.9016028596641423,0.2970562860846098,0.2970562860846098,1.1244758595504583
-1.8938121265487813,0.3243532864585057,0.3243532864585057,1.0548644464191486
-1.88535848213534,0.3499822332617747,0.3499822332617747,0.9913020564732925
-1.8762818637971033,0.3740900077527936,0.3740900077527936,0.9334128267069739
-1.8666186584092193,0.3968141454317519,0.3968141454317519,0.880827079727529
-1.8564019162250789,0.4182830513217495,0.4182830513217495,0.8331861729674603
-1.8456615728754917,0.43861629214378123,0.43861629214378123,0.790146097373924
-1.8344246948616165,0.4579250746459816,0.4579250746459816,0.7513797076703415
-1.8227156306811414,0.47631256014629697,0.47631256014629697,0.7165786539926118
-1.8105562697101838,0.4938745034405633,0.4938745034405633,0.6854538463212079
-1.797966174318278,0.5106996185855358,0.5106996185855358,0.6577361426045514
-1.784962756751321,0.5268701038989319,0.5268701038989319,0.6331762149289331
-1.7715614734083958,0.5424622255898589,0.5424622255898589,0.6115439470120938
-1.7577759130603827,0.5575466404907313,0.5575466404907313,0.5926282353763281
-1.743617961737918,0.5721889659820235,0.5721889659820235,0.576235975466586
-1.7290979409318123,0.5864502517985805,0.5864502517985805,0.5621911410978155
-1.7142246738584004,0.6003872693953995,0.6003872693953995,0.5503341870066483
-1.6990056045774282,0.614052983516625,0.614052983516625,0.5405209375602369
-1.6834469194620918,0.6274970152886971,0.6274970152886971,0.532621452922692
-1.667553588970221,0.6407658436228737,0.6407658436228737,0.5265194423118422
-1.6513294342648117,0.6539031283770487,0.6539031283770487,0.5221113798883064
-1.6347772351435044,0.6669501853027076,0.6669501853027076,0.5193053121573066
-1.6178987683734831,0.6799461649490537,0.6799461649490537,0.5180202829604028
-1.600694843523453,0.6929282758720511,0.6929282758720511,0.5181856730930066
-1.583165345792512,0.705932007218409,0.705932007218409,0.5197405374138977
-1.5653093061888224,0.7189915486239978,0.7189915486239978,0.5226326342313166
-1.5471249203606168,0.7321399105669824,0.7321399105669824,0.5268180215663629
-1.5286095569797857,0.7454090211393443,0.7454090211393443,0.5322606926492629
-1.5097597955382027,0.7588299868180688,0.7588299868180688,0.5389319541619905
-1.4905714436585404,0.7724332271920805,0.7724332271920805,0.5468100327584816
-1.4710395583071127,0.786248850574456,0.786248850574456,0.5558794045098868
-1.4511584467588645,0.8003066690479282,0.8003066690479282,0.5661306433889766
-1.430921665785885,0.8146362094677985,0.8146362094677985,0.5775602466642176
-1.4103220143120818,0.8292670814487927,0.8292670814487927,0.5901700839932414
-1.389351595479827,0.8442287903801523,0.8442287903801523,0.6039673619319137
-1.3680017599272765,0.8595511486237796,0.8595511486237796,0.6189641209090928
-1.3462630827633433,0.8752644924375864,0.8752644924375864,0.6351769506730248
-1.3241253635677,0.8913996819754939,0.8913996819754939,0.652626871153746
-1.3015776263907777,0.9079881012874313,0.9079881012874313,0.6713391650294304
-1.278608119744497,0.9250616583552849,0.9250616583552849,0.6913431570470956
-1.2552042582952,0.942653096193119,0.942653096193119,0.7126718350947691
-1.231352668790173,0.9607960640877736,0.9607960640877736,0.7353614979685965
-1.2070391357798056,0.9795250812218382,0.9795250812218382,0.7594515410188072
-1.1822485160784346,0.9988757879293406,0.9988757879293406,0.7849840744381624
-1.1569647387643425,1.0188849456957483,1.0188849456957483,0.8120035049295877
-1.1311708051797567,1.039590437157968,1.039590437157968,0.840556011292829
-1.104848788930853,1.0610312661043446,1.0610312661043446,0.8706889007553288
-1.0779797738711308,1.08324758676515,1.08324758676515,0.9024499093305347
-1.0505438115251964,1.1062808488115083,1.1062808488115083,0.9358863199815586
-1.0225199141996166,1.1301736290160311,1.1301736290160311,0.9710439242468611
-0.9938859828842934,1.154969548890526,1.154969548890526,1.0079658159105545
-0.9646188071121199,1.1807132746432203,1.1807132746432203,1.0466908444492367
-0.9346940636479074,1.207450490576346,1.207450490576346,1.0872518196933858
-0.9040862735305047,1.2352274553885143,1.2352274553885143,1.1296734056224267
-0.8727687910588349,1.2640913150881905,1.2640913150881905,1.173969690743435
-0.8407138013571678,1.2940890479408491,1.2940890479408491,1.220141103885123
-0.8078923125859416,1.3252671470289032,1.3252671470289032,1.2681708603490738
-0.7742741559417647,1.3576716202517032,1.3576716202517032,1.3180210037028641
-0.7398280068060639,1.3913476422578204,1.3913476422578204,1.3696278064459344
-0.7045214489419905,1.426338121134223,1.426338121134223,1.4228959703920894
-0.6683209909917751,1.462683674723478,1.462683674723478,1.4776926918708884
-0.6311922779818027,1.500419955791283,1.500419955791283,1.5338393841596667
-0.5931001091708171,1.5395773997168438,1.5395773997168438,1.591103847206388
-0.5540084731778206,1.580180917019407,1.580180917019407,1.649191748573331
-0.5138808962728287,1.6222467190573924,1.6222467190573924,1.7077351237977212
-0.4726805085069517,1.665781804306397,1.665781804306397,1.7662819096308147
-0.4303706877993244,1.7107787278306494,1.7107787278306494,1.8242808120474265
-0.3869151731087449,1.7572146474527635,1.7572146474527635,1.8810688990921371
-0.34227817233289304,1.8050506199972058,1.8050506199972058,1.9358592651811084
-0.29642528051513445,1.8542255452333056,1.8542255452333056,1.9877238339464554
-0.24932402036210283,1.9046526877996526,1.9046526877996526,2.0355787980632534
-0.20094447494233464,1.9562157129905675,1.9562157129905675,2.078170775715383
-0.15125987429641277,2.008765582599194,2.008765582599194,2.1140658051696666
-0.10024776680212923,2.062114512301284,2.062114512301284,2.1416388226868466
-0.04789098283829332,2.1160312458534065,2.1160312458534065,2.1590690131899377
0.005821382583213408,2.170236973200749,2.170236973200749,2.1643420445523294
0.060892483472632854,2.224399694143672,2.224399694143672,2.1552593711826384
0.11731652034419066,2.278130395277577,2.278130395277577,2.1294595882573084
0.17507713335069006,2.3309790890712425,2.3309790890712425,2.0844527785698252
0.23414593460732358,2.382432349562506,2.382432349562506,2.017671184557928
0.2944808388208352,2.4319120223492754,2.4319120223492754,1.926538291359066
0.35602444669760824,2.4787764853602554,2.4787764853602554,1.8085586748283982
0.4187025941158039,2.5223229462671983,2.5223229462671983,1.6614272190705792
0.48242266334489825,2.5617956499901253,2.5617956499901253,1.4831621192646132
0.5470726909248231,2.5963944808091246,2.5963944808091246,1.272250704614891
0.6125200964807643,2.6252871304868353,2.6252871304868353,1.0278095280845077
0.6786113128427631,2.6476321946433696,2.6476321946433696,0.7497510058089285
0.745171812096747,2.662595105334471,2.662595105334471,0.43893474188998294
0.8120063460669669,2.6693760311858172,2.6693760311858172,0.09730510448174301
0.878900610955857,2.667240820600164,2.667240820600164,-0.27201339541398717
0.945622745072813,2.655546132233055,2.655546132233055,-0.6646722738576224
1.0119264380938482,2.6337747819873147,2.6337747819873147,-1.0751241698039224
1.077554275962016,2.6015618887902336,2.6015618887902336,-1.4967262983839642
1.1422416793937715,2.5587206604532655,2.5587206604532655,-1.9219249427045968
1.2057221937272962,2.505263003007683,2.505263003007683,-2.3425253867109435
1.2677318766879966,2.441410424527235,2.441410424527235,-2.7500198388908803
1.3280153628488798,2.367597484186531,2.367597484186531,-3.1359715275732634
1.3863305541678035,2.2844656096087403,2.2844656096087403,-3.492407739419657
1.4424539508986292,2.19284593984251,2.19284593984251,-3.8122042293998604
1.496185017285608,2.093733478841577,2.093733478841577,-4.089419667138606
1.5473497953829494,1.9882564049473472,1.9882564049473472,-4.319558580465253
1.5958039447576544,1.8776320522994567,1.8776320522994567,-4.499731332574288
1.6414342972699036,1.7631331695734023,1.7631331695734023,-4.6287223789743805
1.6841599159870764,1.6460413011186104,1.6460413011186104,-4.706941309967764
1.7239314400896495,1.527605386433469,1.527605386433469,-4.7362770102451
1.7607303441114281,1.4090155008071226,1.4090155008071226,-4.719904323109087
1.7945666831237044,1.2913658902977145,1.2913658902977145,-4.662005359408761
1.8254765311998506,1.1756370227848971,1.1756370227848971,-4.567490665575746
1.8535190665004935,1.062680223016283,1.062680223016283,-4.441711743589788
1.8787728811920528,0.9532099278131025,0.9532099278131025,-4.290191478722612
1.9013329909898717,0.8478023322264174,0.8478023322264174,-4.118393013437285
1.9213069257573507,0.7468999213530263,0.7468999213530263,-3.931528538368475
1.9388118849183678,0.6508187678096311,0.6508187678096311,-3.7344153496816292
1.9539714209473824,0.559760455848484,0.559760455848484,-3.53137880026736
1.9669128709605996,0.47382511756589824,0.47382511756589824,-3.3261968963195088
1.97776497970945,0.39302471469317907,0.39302471469317907,-3.1220777836623115
1.9866557702300232,0.3172987520128578,0.3172987520128578,-2.9216720973609687
1.9937110641169518,0.2465261760610393,0.2465261760610393,-2.7270977933275224
1.999052966493982,0.18053962319656788,0.18053962319656788,-2.539988089715378
2.00279895874615,0.11913601401466273,0.11913601401466273,-2.3615417612755634
2.0050610826851383,0.06208725526392383,0.06208725526392383,-2.1925813537448433
2.005945440850324,0.0091486750266133,0.0091486750266133,-2.033609360944889
2.005551879267912,-0.03993353815870491,-0.03993353815870491,-1.8848632091754478
2.0039738294474083,-0.08541635259958297,-0.08541635259958297,-1.7463657027426598
2.0012982945189433,-0.12755509923420508,-0.12755509923420508,-1.6179703654686546
1.9976059365214633,-0.16659973871316064,-0.16659973871316064,-1.499401166908873
1.992971256195226,-0.2027920589944758,-0.2027920589944758,-1.390286554340404
1.987462813697046,-0.2363636258344282,-0.2363636258344282,-1.290188123562453
1.9811435075545898,-0.26753444618841427,-0.26753444618841427,-1.1986240875404495
1.9740708851960953,-0.29651211023335466,-0.29651211023335466,-1.1150883899601727
1.9662974363460999,-0.32349136613580953,-0.32349136613580953,-1.0390658495654939
1.9578709516599906,-0.3486540936134214,-0.3486540936134214,-0.9700437204159288
1.9488348000934637,-0.37216940273107546,-0.37216940273107546,-0.9075207854864262
1.9392282933528806,-0.39419410882502526,-0.39419410882502526,-0.8510135240396282
1.9290869364179422,-0.4148731224611798,-0.4148731224611798,-0.8000610085316053
1.9184427690855534,-0.4343401740879106,-0.4343401740879106,-0.7542275250691817
1.9073245945092954,-0.4527183636630787,-0.4527183636630787,-0.7131046590763535
1.895758264437053,-0.4701209281357187,-0.4701209281357187,-0.676311872343458
1.883766916690938,-0.48665193697329096,-0.48665193697329096,-0.6434965955363721
1.8713711644885092,-0.5024069039843984,-0.5024069039843984,-0.6143340007879723
1.8585893593074998,-0.5174736340756635,-0.5174736340756635,-0.5885256652502526
1.845437714836973,-0.5319326856654021,-0.5319326856654021,-0.5657989777467232
1.8319305189677562,-0.5458581354726495,-0.5458581354726495,-0.5459054406831663
1.8180802926968327,-0.5593181514977597,-0.5593181514977597,-0.5286193047219971
1.8038978882748145,-0.5723754249540183,-0.5723754249540183,-0.5137364403251117
1.7893926691378343,-0.5850878647086644,-0.5850878647086644,-0.501072414787346
1.7745726094271357,-0.5975089924472274,-0.5975089924472274,-0.4904612858752464
1.7594443680715104,-0.6096883098452934,-0.6096883098452934,-0.48175442437852434
1.744013421256486,-0.6216718557300919,-0.6216718557300919,-0.4748188449471338
1.728284143927657,-0.6335025511964488,-0.6335025511964488,-0.4695360617437079
1.7122598560421098,-0.6452204569015655,-0.6452204569015655,-0.46580115951939205
1.6959428951367939,-0.6568631304755893,-0.6568631304755893,-0.46352163934898605
1.6793347092942992,-0.6684660685019843,-0.6684660685019843,-0.46261612370719907
1.6624358751371222,-0.6800628073967389,-0.6800628073967389,-0.46301383568750776
1.6452461406292276,-0.6916851976515221,-0.6916851976515221,-0.46465373087992945
1.627764469510533,-0.7033636493013057,-0.7033636493013057,-0.4674837181346574
1.6099890955901897,-0.7151274871081078,-0.7151274871081078,-0.47145973297939725
1.5919175272720945,-0.7270049826024844,-0.7270049826024844,-0.47654545524287495
1.5735465671713635,-0.7390235717771688,-0.7390235717771688,-0.48271171157501946
1.554872339652058,-0.7512099529852736,-0.7512099529852736,-0.4899360819690872
1.5358903089556448,-0.7635904153255068,-0.7635904153255068,-0.49820221031824774
1.5165952876381192,-0.7761910088271639,-0.7761910088271639,-0.5074994216671145
1.496981436570003,-0.7890375444501307,-0.7890375444501307,-0.5178225961437927
1.4770422593005987,-0.8021556833692448,-0.8021556833692448,-0.5291719191707932
1.4567706185963019,-0.8155712303353737,-0.8155712303353737,-0.5415523772832602
1.4361587670481604,-0.8293099727549718,-0.8293099727549718,-0.554973793419784
1.4151982813325523,-0.8433981653173788,-0.8433981653173788,-0.5694502607215144
1.393880057425285,-0.8578625743979931,-0.8578625743979931,-0.5850000510166576
1.3721943106016008,-0.8727304780582686,-0.8727304780582686,-0.6016455378273707
1.3501305754361745,-0.8880296660457158,-0.8880296660457158,-0.6194130818480712
1.3276776933277399,-0.9037885001373551,-0.9037885001373551,-0.6383328463536053
1.3048237615440916,-0.9200363342712993,-0.9200363342712993,-0.6584383895601404
1.2815562000853682,-0.9368032464044052,-0.9368032464044052,-0.6797666344417875
1.2578616210507518,-0.954120360331959,-0.954120360331959,-0.7023576170991921
1.2337258093113197,-0.9720199148588206,-0.9720199148588206,-0.7262542620451556
1.2091337225100418,-0.9905352637994239,-0.9905352637994239,-0.7515021129796597
1.1840694910617862,-1.0097008759777741,-1.0097008759777741,-0.7781489798086596
1.158516394626248,-1.0295523626981111,-1.0295523626981111,-0.8062445145950468
1.1324567686728788,-1.050126691442861,-1.050126691442861,-0.8358397340604649
1.1058720677044394,-1.0714621075217685,-1.0714621075217685,-0.8669863441641723
1.078742726337785,-1.093598122345118,-1.093598122345118,-0.8997361666596232
1.0510481432925276,-1.1165755223105147,-1.1165755223105147,-0.9341402301779094
1.0227666813910448,-1.1404363688028796,-1.1404363688028796,-0.9702476654700191
0.9938756674542859,-1.1652239975513088,-1.1652239975513088,-1.0081044013769733
0.9643513312675079,-1.19098276190146,-1.19098276190146,-1.047751697413789
0.9341687694078213,-1.2177580965227475,-1.2177580965227475,-1.089224337250482
0.903301938765738,-1.2455960948341722,-1.2455960948341722,-1.1325484286420375
0.8717236212901386,-1.2745431870985608,-1.2745431870985608,-1.1777387997671096
0.8394054239882625,-1.304646140422574,-1.304646140422574,-1.224795981491492
0.8063177904438915,-1.335951640061324,-1.335951640061324,-1.2737026370480407
0.7724299889333188,-1.368505764834378,-1.368505764834378,-1.3244194060311618
0.7377101578297918,-1.4023534027940516,-1.4023534027940516,-1.3768800127657062
0.7021253880783402,-1.437536616046571,-1.437536616046571,-1.4309851160543245
0.6656417249440818,-1.4740945988279435,-1.4740945988279435,-1.4865961016026832
0.6282242068390289,-1.512063271549203,-1.512063271549203,-1.5435280383443897
0.5898370765412352,-1.5514728990324307,-1.5514728990324307,-1.6015404884085478
0.5504438351913248,-1.5923476753497223,-1.5923476753497223,-1.6603286111430429
0.5100076771240463,-1.6347016435590631,-1.6347016435590631,-1.7195106222936085
0.46849153870626137,-1.6785382140963478,-1.6785382140963478,-1.7786169312002211
0.4258582007429424,-1.7238494126515505,-1.7238494126515505,-1.8370785460848755
0.3820709461055476,-1.7706110080387163,-1.7706110080387163,-1.894211332377146
0.33709394104506524,-1.8187798357326637,-1.8187798357326637,-1.9492015952179025
0.29089281994155103,-1.8682896625231562,-1.8682896625231562,-2.0010903657465082
0.24343494340883395,-1.9190496344066512,-1.9190496344066512,-2.0487605994127174
0.19469040225577808,-1.970938468628373,-1.970938468628373,-2.090921723959117
0.14463288285625572,-2.023799560193279,-2.023799560193279,-2.126097246277965
0.09324033691495176,-2.077437430199918,-2.077437430199918,-2.1526170237925233
0.040496175972403764,-2.131612302006009,-2.131612302006009,-2.1686127611277626
-0.013609481561312912,-2.1860347327015095,-2.1860347327015095,-2.1720203581845037
-0.06907871393198374,-2.240361585031774,-2.240361585031774,-2.160592159734055
-0.12590417548199806,-2.2941910771751863,-2.2941910771751863,-2.1319197027039687
-0.18406774028657502,-2.347059537727916,-2.347059537727916,-2.0834712304632284
-0.24353885435032274,-2.3984387784655468,-2.3984387784655468,-2.012645705408805
-0.30427284968518925,-2.4477354463475187,-2.4477354463475187,-1.9168464342078917
-0.3662094904063702,-2.49429172971466,-2.49429172971466,-1.7935742947999085
-0.42927114073695727,-2.5373901308105684,-2.5373901308105684,-1.64054469119288
-0.4933616489184503,-2.5762602089337303,-2.5762602089337303,-1.4558220976510747
-0.55836489018674,-2.6100866295130043,-2.6100866295130043,-1.2379715056776106
-0.6241439057038529,-2.6380298592088494,-2.6380298592088494,-0.9862266092406167
-0.6905406892099557,-2.6592390647809774,-2.6592390647809774,-0.7006496852347808
-0.7573758181409121,-2.6728759274101086,-2.6728759274101086,-0.38229001832114384
-0.8244494917783843,-2.678145104871009,-2.678145104871009,-0.03331495193621148
-0.8915426951416504,-2.67431827776025,-2.67431827776025,0.3429019607370638
-0.9584192390301352,-2.6607674979236644,-2.6607674979236644,0.7417461241043393
-1.0248290829788718,-2.636997204957861,-2.636997204957861,1.1574031927141424
-1.0905112995783113,-2.602669325600003,-2.602669325600003,1.5829751014608646
-1.1551991424666395,-2.557631901896307,-2.557631901896307,2.010688799447774
-1.2186243098041247,-2.5019349217536537,-2.5019349217536537,2.4321758554434
-1.2805224953499355,-2.435842349416397,-2.435842349416397,2.8388230699356223
-1.3406387772635278,-2.359832756500984,-2.359832756500984,3.222162533361712
-1.3987326672163591,-2.274591673948388,-2.274591673948388,3.5742728666283448
-1.4545835018722248,-2.180990701618704,-2.180990701618704,3.888161637123016
-1.5079942820538048,-2.0800640121541676,-2.0800640121541676,4.158093086321582
-1.558795777905516,-1.9729682774635282,-1.9729682774635282,4.379833178565574
-1.6068487666579936,-1.8609473984286822,-1.8609473984286822,4.550798619452684
-1.6520459756789272,-1.7452905161320564,-1.7452905161320564,4.670099907961861
-1.6943123804614155,-1.6272836100627472,-1.6272836100627472,4.738462786315174
-1.7336049325060607,-1.5081805990556758,-1.5081805990556758,4.758089284845215
-1.7699111462498909,-1.3891616744077615,-1.3891616744077615,4.732417142487673
-1.8032468526792034,-1.2713085066938195,-1.2713085066938195,4.665851215025942
-1.8336537145020964,-1.1555837109407532,-1.1555837109407532,4.563472872790182
-1.8611956086746042,-1.0428166436295294,-1.0428166436295294,4.430747014356977
-1.8859557379849725,-0.9336979013163467,-0.9336979013163467,4.2732616519222635
-1.9080326486285522,-0.8287790245960214,-0.8287790245960214,4.096497083143259
-1.9275371442339353,-0.7284773327817649,-0.7284773327817649,3.905644087471682
-1.9445888580064543,-0.6330850947268022,-0.6330850947268022,3.705468090967538
-1.9593132665317645,-0.5427819352033318,-0.5427819352033318,3.500221503221301
-1.9718391925307437,-0.4576467198237467,-0.4576467198237467,3.2935914754096647
-1.982296120612344,-0.37767479522373637,-0.37767479522373637,3.088693643802439
-1.9908127397495101,-0.30278915527833805,-0.30278915527833805,2.8880785516482708
-1.9975149090449307,-0.23285613172044872,-0.23285613172044872,2.693770067583463
-2.0025246187325996,-0.16769737929441395,-0.16769737929441395,2.507311313249283
-2.005958917463026,-0.10710135301458809,-0.10710135301458809,2.329819612027488
-2.0079292648488276,-0.05083318462912985,-0.05083318462912985,2.162044293919422
-2.0085410199346234,0.00135671076642159,0.00135671076642159,2.0044244378898295
-2.0078931806650044,0.049725642166917716,0.049725642166917716,1.8571431822330977
-2.0060782610946006,0.09453281975006599,0.09453281975006599,1.7201779286631949
-2.0031823039593633,0.13603478253391788,0.13603478253391788,1.593344962617135
-1.9992849950527263,0.17448185490310553,0.17448185490310553,1.47633836270055
-1.9944598470986146,0.21011551299324654,0.21011551299324654,1.3687631472573671
-1.988774461444598,0.24316652805473163,0.24316652805473163,1.2701629361500435
-1.982290794621156,0.27385368073631766,0.27385368073631766,1.1800427918321947
-1.975065482041336,0.30238308242491846,0.30238308242491846,1.0978873396730338
-1.967150158291365,0.3289478127791151,0.3289478127791151,1.023175282709671
-1.9585917752164215,0.35372793178058,0.35372793178058,0.9553904462774059
-1.949432942883882,0.37689072534523466,0.37689072534523466,0.8940300663276703
-1.9397122241290274,0.39859109805584475,0.39859109805584475,0.8386108875461633
-1.9294644568015367,0.41897214341975303,0.41897214341975303,0.788673240884681
-1.9187210326374384,0.43816576100618854,0.43816576100618854,0.7437837504151179
-1.907510162493743,0.4562933109399781,0.4562933109399781,0.7035369045804913
-1.8958571600912104,0.47346639985334077,0.47346639985334077,0.6675554131999428
-1.8837846271069696,0.4897874489890169,0.4897874489890169,0.6354905286275869
-1.871312738142134,0.5053505852890828,0.5053505852890828,0.6070209010957084
-1.858459382624547,0.5202421410438225,0.5202421410438225,0.5818521357022504
-1.845240380744631,0.5345414185272874,0.5345414185272874,0.5597152752992363
-1.8316696646533954,0.5483213276519427,0.5483213276519427,0.5403653929059773
-1.8177593837323984,0.561648834381423,0.561648834381423,0.5235805192633267
-1.8035200975844798,0.5745856921058082,0.5745856921058082,0.5091596757814771
-1.7889608842414095,0.587188865094699,0.587188865094699,0.4969216354489183
-1.7740894234869098,0.599510927716723,0.599510927716723,0.4867036845058199
-1.7589121451397418,0.6116006702314712,0.6116006702314712,0.4783598267977318
-1.7434343081870616,0.6235034303703203,0.6235034303703203,0.471759664658173
-1.7276600560786184,0.6352613925392906,0.6352613925392906,0.4667873556940103
-1.7115925089848218,0.646914015375532,0.646914015375532,0.4633402713458432
-1.6952338504573479,0.6584984276361843,0.6584984276361843,0.46132777038621664
-1.6785853503027992,0.670049563653841,0.670049563653841,0.4606705795596646
-1.6616474141218538,0.6816004545249867,0.6816004545249867,0.4612998506410617
-1.6444196481288813,0.6931825772757478,0.6931825772757478,0.4631561417232959
-1.6269008999823091,0.7048260970615376,0.7048260970615376,0.4661886749323201
-1.6090892656847802,0.7165599328391208,0.7165599328391208,0.47035496048788916
-1.5909821261037584,0.7284120213562588,0.7284120213562588,0.4756200656393692
-1.572576170654074,0.7404094723114456,0.7404094723114456,0.48195611839729313
-1.5538674261343266,0.7525789079533107,0.7525789079533107,0.4893415670744816
-1.5348512585238365,0.7649464836470053,0.7649464836470053,0.49776099917231287
-1.5155223749592017,0.7775379187690993,0.7775379187690993,0.5072049279444284
