x1,x2,xdot1,xdot2
-1.2,-0.8,0.3999999999999999,0.8
-1.189852429400882,-0.7801990424607405,0.40965338694014164,0.7801990424607405
-1.179472065506299,-0.7608881757513639,0.418583889754935,0.7608881757513639
-1.168876610456149,-0.7420552804043374,0.42682133005181155,0.7420552804043374
-1.158083059955211,-0.7236885288509383,0.43439453110427273,0.7236885288509383
-1.147107728084793,-0.7057763784588106,0.4413313496259824,0.7057763784588106
-1.1359662473447623,-0.6883075715185922,0.44765867582617,0.6883075715185922
-1.1246735811043345,-0.6712711307263621,0.45340245037797233,0.6712711307263621
-1.1132440083762307,-0.6546563632653876,0.45858764511084316,0.6546563632653876
-1.101691205780238,-0.638452837483581,0.463238368296657,0.638452837483581
-1.0900282852401284,-0.6226503715210625,0.4673779137190659,0.6226503715210625
-1.0782677939836611,-0.6072390333101599,0.4710287606735012,0.6072390333101599
-1.0664217226958708,-0.5922091376776533,0.4742125850182175,0.5922091376776533
-1.0545014969042736,-0.5775512480394931,0.47695024886478055,0.5775512480394931
-1.0425180195121968,-0.563256164305751,0.4792618552064458,0.563256164305751
-1.0304817274032347,-0.5493149053251765,0.4811668220780583,0.5493149053251765
-1.0184025923256455,-0.5357187085999209,0.48268388372572457,0.5357187085999209
-1.0062901237443054,-0.5224590292635792,0.48383109448072614,0.5224590292635792
-0.9941533725304442,-0.5095275377834846,0.48462583474695964,0.5095275377834846
-0.9820009329177991,-0.4969161199611962,0.4850848129566029,0.4969161199611962
-0.9698410115013293,-0.4846168549857589,0.4852241565155704,0.4846168549857589
-0.9576814347112963,-0.4726220129546785,0.4850594217566178,0.4726220129546785
-0.9455296488168076,-0.4609240548726433,0.48460559394416425,0.4609240548726433
-0.93339272860252,-0.4495156290850722,0.4838770995174478,0.4495156290850722
-0.9212773632157965,-0.4383895755838216,0.4828877876319749,0.4383895755838216
-0.9091899056384126,-0.42753891023668245,0.4816509954017302,0.42753891023668245
-0.8971364007251112,-0.4169568151952516,0.4801795855298597,0.4169568151952516
-0.8851225852036011,-0.40663663889493185,0.47848594630866925,0.40663663889493185
-0.8731538899306601,-0.39657189514983976,0.47658199478082036,0.39657189514983976
-0.8612354416440111,-0.3867562614780656,0.47447918016594554,0.3867562614780656
-0.8493720636043057,-0.3771835795415571,0.4721884840627486,0.3771835795415571
-0.8375683263969695,-0.36784783742123955,0.46972048897573,0.36784783742123955
-0.8258285531586945,-0.3587431677016698,0.4670853854570247,0.3587431677016698
-0.8141568195774389,-0.3498638474710368,0.4642929721064021,0.3498638474710368
-0.8025569586855287,-0.3412042961415804,0.4613526625439483,0.3412042961415804
-0.7910325530399139,-0.3327590775814362,0.45827347545847774,0.3327590775814362
-0.7795869587352438,-0.3245228921707263,0.4550640665645175,0.3245228921707263
-0.7682233348841034,-0.31649056571331696,0.4517327691707865,0.31649056571331696
-0.7569446439208916,-0.3086570493161364,0.44828759460475515,0.3086570493161364
-0.7457536517584893,-0.3010174193210533,0.444736232437436,0.3010174193210533
-0.7346529330705843,-0.29356687448579155,0.4410860585847928,0.29356687448579155
-0.7236448605150569,-0.2863007401322457,0.43734412038281123,0.2863007401322457
-0.7127316395650288,-0.2792144551326889,0.43351718443233994,0.2792144551326889
-0.7019153212041255,-0.2723035667895644,0.42961175441456106,0.2723035667895644
-0.6911978019264763,-0.2655637308354856,0.42563407109099066,0.2655637308354856
-0.6805808244803673,-0.2589907110767223,0.421590113403645,0.2589907110767223
-0.6700659803839419,-0.2525803774432998,0.41748560294064213,0.2525803774432998
-0.659654704270884,-0.24632870873811763,0.4133259955327664,0.24632870873811763
-0.6493483055665786,-0.24023177980723207,0.40911652575934654,0.24023177980723207
-0.6391479740132392,-0.2342857591442834,0.4048622148689558,0.2342857591442834
-0.6290547796699071,-0.22848690889049575,0.40056787077941136,0.22848690889049575
-0.6190696739856429,-0.22283158426577732,0.3962380897198656,0.22283158426577732
-0.6091934900843413,-0.21731623252195942,0.3918772575623819,0.21731623252195942
-0.5994269415517558,-0.21193739410474838,0.3874895474470074,0.21193739410474838
-0.589770648031138,-0.20669169148427458,0.3830789565468634,0.20669169148427458
-0.5802251379818888,-0.20157582786418138,0.3786493101177074,0.20157582786418138
-0.5707908486795579,-0.1965865871816252,0.3742042614979327,0.1965865871816252
-0.5614681272755995,-0.19172083348678254,0.36974729378881693,0.19172083348678254
-0.5522572301467152,-0.18697551036158291,0.36528171978513235,0.18697551036158291
-0.5431583234101668,-0.18234764137054754,0.36081068203961925,0.18234764137054754
-0.5341715034070326,-0.17783432044177888,0.3563371829652537,0.17783432044177888
-0.525296798442591,-0.17343271098569946,0.35186408745689157,0.17343271098569946
-0.516534168786321,-0.16914004589505188,0.3473941228912691,0.16914004589505188
-0.5078835075012488,-0.1649536270108356,0.3429298804904132,0.1649536270108356
-0.4993446398179586,-0.16087082458314275,0.3384738152348159,0.16087082458314275
-0.4909173232907433,-0.15688907786233403,0.33402824542840925,0.15688907786233403
-0.4826012646044854,-0.15300588661182193,0.3295953779926635,0.15300588661182193
-0.4743961210473163,-0.14921881029974393,0.3251773107475724,0.14921881029974393
-0.4663015005106157,-0.1455254680989624,0.3207760324116533,0.1455254680989624
-0.4583169620069322,-0.14192353852244094,0.3163934234844913,0.14192353852244094
-0.45044201556779423,-0.13841075865367886,0.3120312569141154,0.13841075865367886
-0.44267612102864173,-0.1349849253839096,0.30769119564473213,0.1349849253839096
-0.43501870207506127,-0.13164388779730365,0.3033748142777576,0.13164388779730365
-0.42746914786207885,-0.12838554620573497,0.29908360165634384,0.12838554620573497
-0.42002681301415984,-0.12520785214878113,0.29481896086537873,0.12520785214878113
-0.4126910178537074,-0.12210880821884472,0.29058220963486264,0.12210880821884472
-0.4054610489166011,-0.1190864669911376,0.2863745819254635,0.1190864669911376
-0.39833615634786834,-0.11613893295391137,0.282197223393957,0.11613893295391137
-0.39131556539015644,-0.11326435585520422,0.2780512095349522,0.11326435585520422
-0.3843984784870671,-0.11046092933719498,0.2739375491498721,0.11046092933719498
-0.37758407528315624,-0.10772689093620313,0.2698571843469531,0.10772689093620313
-0.37087151266210827,-0.10506052205101407,0.2658109906110942,0.10506052205101407
-0.3642599255981378,-0.10246014676232497,0.26179977883581285,0.10246014676232497
-0.3577484240137881,-0.09992413394247944,0.25782429007130864,0.09992413394247944
-0.35133610123456616,-0.09745089211881044,0.25388520911575574,0.09745089211881044
-0.34502203693261296,-0.09503886738092698,0.24998316955168598,0.09503886738092698
-0.3388052971267042,-0.09268654338071426,0.24611875374598996,0.09268654338071426
-0.3326849341822505,-0.09039244133233382,0.24229249284991666,0.09039244133233382
-0.32665998740644486,-0.08815511919859308,0.23850486820785177,0.08815511919859308
-0.3207294808380999,-0.0859731728893637,0.2347563079487362,0.0859731728893637
-0.3148924277715195,-0.08384523364572719,0.2310471941257923,0.08384523364572719
-0.30914783486025943,-0.08176996482777649,0.22737787003248294,0.08176996482777649
-0.3034947021326787,-0.07974606190059154,0.22374864023208718,0.07974606190059154
-0.2979320229919386,-0.07777225243423899,0.2201597705576996,0.07777225243423899
-0.2924587844875026,-0.07584729571538781,0.2166114887721148,0.07584729571538781
-0.28707396632024795,-0.07396998284963345,0.2131039834706145,0.07396998284963345
-0.2817765419562773,-0.07213913656306543,0.2096374053932119,0.07213913656306543
-0.2765654833140312,-0.07035360721799772,0.20621187609603348,0.07035360721799772
-0.27143976099397366,-0.0686122725856816,0.20282748840829207,0.0686122725856816
-0.2663983442785926,-0.06691403784630573,0.19948430643228687,0.06691403784630573
-0.26144020119519185,-0.0652578354945543,0.19618236570063755,0.0652578354945543
-0.25656429841072637,-0.0636426247112054,0.19292167369952096,0.0636426247112054
-0.2517696002978133,-0.0620673926221384,0.18970220767567492,0.0620673926221384
-0.24705507308912744,-0.06053115054595786,0.18652392254316957,0.06053115054595786
-0.242419685618948,-0.05903293317490619,0.18338675244404182,0.05903293317490619
-0.23786240932315927,-0.057571798574863754,0.18029061074829553,0.057571798574863754
-0.23338221823925048,-0.05614682818534887,0.1772353900539016,0.05614682818534887
-0.2289780891311259,-0.05475712625396967,0.17422096287715624,0.05475712625396967
-0.22464900035204874,-0.05340182074888944,0.1712471796031593,0.05340182074888944
-0.22039393410038255,-0.05208006152713121,0.16831387257325134,0.05208006152713121
-0.21621187798371916,-0.05079101836011882,0.16542085962360034,0.05079101836011882
-0.21210182502131542,-0.04953388092971805,0.16256794409159736,0.04953388092971805
-0.2080627736440931,-0.04830785882823657,0.15975491481585652,0.04830785882823657
-0.20409372774191117,-0.04711218136999668,0.1569815463719145,0.04711218136999668
-0.20019369614328839,-0.04594609746518823,0.15424759867810015,0.04594609746518823
-0.1963616928958142,-0.044808875972464954,0.15155281692334927,0.044808875972464954
-0.19259673925079454,-0.043699802947335345,0.14889693630345918,0.043699802947335345
-0.18889786380218057,-0.042618181386823,0.14627968241535758,0.042618181386823
-0.18526410248656913,-0.04156333122946665,0.14370077125710248,0.04156333122946665
-0.18169449858415698,-0.04053458935150233,0.14115990923265465,0.04053458935150233
-0.178188102617433,-0.0395313090607785,0.1386567935566545,0.0395313090607785
-0.1747439717660272,-0.038552861049406195,0.13619111071662102,0.038552861049406195
-0.17136117131078654,-0.03759863148218093,0.13376253982860561,0.03759863148218093
-0.1680387751167382,-0.036668020922704964,0.13137075419403324,0.036668020922704964
-0.16477586563309007,-0.03576044433338738,0.1290154212997027,0.03576044433338738
-0.16157153389323034,-0.03487533107544398,0.12669620281778637,0.03487533107544398
-0.1584248794986632,-0.03401212474678714,0.12441275475187608,0.03401212474678714
-0.1553350101712176,-0.033170283155182174,0.12216472701603542,0.033170283155182174
-0.15230104211809078,-0.032349278498154985,0.1199517636199358,0.032349278498154985
-0.14932210080546454,-0.031548595352133044,0.1177735054533315,0.031548595352133044
-0.146397320990798,-0.030767730516589122,0.11562959047420887,0.030767730516589122
-0.14352584672282762,-0.03000619301404126,0.11351965370878636,0.03000619301404126
-0.14070683134155368,-0.029263504089847025,0.11144332725170665,0.029263504089847025
-0.13793943729862496,-0.028539196847705783,0.10940024045091917,0.028539196847705783
-0.135222835903588,-0.027832816926475056,0.10739001897711294,0.027832816926475056
-0.13255620793963951,-0.027143921249669658,0.10541228668996985,0.027143921249669658
-0.1299387437797772,-0.02647207710358392,0.1034666666761933,0.02647207710358392
-0.1273696433868001,-0.025816862137291747,0.10155278124950835,0.025816862137291747
-0.12484811631330842,-0.025177864362646598,0.09967025195066181,0.025177864362646598
-0.12237338167548654,-0.024554682083626628,0.09781869959185992,0.024554682083626628
-0.11994466781050524,-0.02394692371809212,0.09599774409241311,0.02394692371809212
-0.11756121250456884,-0.023354208262533205,0.09420700424203564,0.023354208262533205
-0.11522226314806784,-0.022776163719762252,0.09244609942830559,0.022776163719762252
-0.11292707671266672,-0.02221242686607029,0.09071464984659643,0.02221242686607029
-0.1106749197513037,-0.021662643251226944,0.08901227650007676,0.021662643251226944
-0.10846506839819094,-0.021126467198480478,0.08733860119971046,0.021126467198480478
-0.10629680824967927,-0.020603561632879002,0.08569324661680026,0.020603561632879002
-0.10416943413386995,-0.020093598281236778,0.08407583585263317,0.020093598281236778
-0.10208225041341833,-0.01959625742261651,0.08248599299080181,0.01959625742261651
-0.10003457080790405,-0.01911122678222285,0.0809233440256812,0.01911122678222285
-0.09802571838393528,-0.01863820150196001,0.07938751688197528,0.01863820150196001
-0.09605502555514882,-0.018176884140431754,0.07787814141471706,0.018176884140431754
-0.09412183408192516,-0.01772698467245135,0.07639484940947382,0.01772698467245135
-0.09222549482206749,-0.017288220244713732,0.07493727457735376,0.017288220244713732
-0.090365367813404,-0.016860315656407006,0.07350505215699699,0.016860315656407006
-0.08854082226471943,-0.01644300254014954,0.07209781972456988,0.01644300254014954
-0.08675123633656562,-0.01603601878788749,0.07071521754867813,0.01603601878788749
-0.08499599714126135,-0.015639108550894728,0.06935688859036662,0.015639108550894728
-0.08327450074289242,-0.01525202223977289,0.06802247850311953,0.01525202223977289
-0.08158615214255767,-0.014874516506523727,0.06671163563603394,0.014874516506523727
-0.07993036497520602,-0.014506354047931632,0.06542401092727439,0.014506354047931632
-0.07830656180641005,-0.014147304065853824,0.06415925774055622,0.014147304065853824
-0.07671417380863704,-0.013797141310026191,0.06291703249861086,0.013797141310026191
-0.0751526406009326,-0.013455645803075789,0.06169699479785681,0.013455645803075789
-0.0736214102489211,-0.013122602840520923,0.06049880740840018,0.013122602840520923
-0.07211993926480517,-0.012797802990771049,0.059322136274034126,0.012797802990771049
-0.07064769257055946,-0.01248104206006402,0.05816665051049544,0.01248104206006402
-0.06920414321993311,-0.012172120975538235,0.057032022244394874,0.012172120975538235
-0.06778877274902717,-0.011870846119591189,0.05591792662943598,0.011870846119591189
-0.06640107068255821,-0.011577028457830795,0.054824042224727414,0.011577028457830795
-0.06504053441672183,-0.011290483388811431,0.0537500510279104,0.011290483388811431
-0.06370666921919253,-0.011011030744033904,0.05269563847515863,0.011011030744033904
-0.062398988229123986,-0.010738494787945507,0.05166049344117848,0.010738494787945507
-0.061117012408805314,-0.01047270417926733,0.050644308229537985,0.01047270417926733
-0.0598602703001013,-0.01021349189467532,0.04964677840542598,0.01021349189467532
-0.05862829837780983,-0.009960695490346744,0.04866760288746308,0.009960695490346744
-0.05742064047697311,-0.009714156347304558,0.04770648412966855,0.009714156347304558
-0.05623684769016441,-0.009473719565104942,0.04676312812505947,0.009473719565104942
-0.05507647836748795,-0.009239233961837267,0.04583724440565068,0.009239233961837267
-0.05393909811657874,-0.009010552074124083,0.04492854604245465,0.009010552074124083
-0.052824279761838164,-0.008787530128350074,0.04403674963348809,0.008787530128350074
-0.05173160310513811,-0.008570027958905468,0.04316157514623264,0.008570027958905468
-0.05066065529940396,-0.008357909270444035,0.04230274602895992,0.008357909270444035
-0.04961103024819162,-0.008151040986418508,0.04145998926177311,0.008151040986418508
-0.04858232848365453,-0.007949293141973698,0.04063303534168083,0.007949293141973698
-0.047574157166543826,-0.007752538883946558,0.03982161828259727,0.007752538883946558
-0.04658613008620829,-0.007560654470866142,0.03902547561534214,0.007560654470866142
-0.04561786764253375,-0.007373519261299781,0.038244348381233965,0.007373519261299781
-0.044668996588066855,-0.007191015603653036,0.03747798098441382,0.007191015603653036
-0.04373915042531974,-0.007013029125184116,0.036726121300135625,0.007013029125184116
-0.04282796885382913,-0.006839448199713605,0.03598852065411553,0.006839448199713605
-0.04193509757591574,-0.006670163798102648,0.0352649337778131,0.006670163798102648
-0.04106018829668397,-0.006505069488252912,0.03455511880843106,0.006505069488252912
-0.04020289872402216,-0.006344061435106618,0.03385883728891555,0.006344061435106618
-0.039362892568500604,-0.0061870384005850414,0.03317585416791556,0.0061870384005850414
-0.03853983932029578,-0.006033901637783501,0.03250593768251228,0.006033901637783501
-0.03773341452717782,-0.005884555117882706,0.03184885940929512,0.005884555117882706
-0.03694329950227146,-0.005738905230007261,0.031204394272264197,0.005738905230007261
-0.03616918095230743,-0.005596860524681711,0.03057232042762572,0.005596860524681711
-0.03541075097762233,-0.005458331713830519,0.02995241926379181,0.005458331713830519
-0.03466770707215856,-0.0053232316707780645,0.0293444754013805,0.0053232316707780645
-0.03393975212346451,-0.005191475430248659,0.028748276693215856,0.005191475430248659
-0.033226594315692706,-0.005062980142286289,0.028163614173406418,0.005062980142286289
-0.03252794708877199,-0.004937665111381363,0.027590281977390628,0.004937665111381363
-0.031843529325642876,-0.004815451839364006,0.02702807748627887,0.004815451839364006
-0.031173064754755807,-0.004696263641262589,0.026476801113493216,0.004696263641262589
-0.03051628191549145,-0.004580025625574792,0.025936256289916658,0.004580025625574792
-0.029872914158160867,-0.004466664694267641,0.025406249463893225,0.004466664694267641
-0.029242699644005315,-0.004356109542777469,0.024886590101227846,0.004356109542777469
-0.02862538133706255,-0.0042482906561359095,0.02437709068092664,0.0042482906561359095
-0.028020706782186492,-0.004143140227969585,0.023877566554216908,0.004143140227969585
-0.027428428488955246,-0.00404059236893011,0.023387836120025134,0.00404059236893011
-0.026848303458700047,-0.003940582797262224,0.022907720661437824,0.003940582797262224
-0.026280092954466754,-0.0038430487147508973,0.022437044239715855,0.0038430487147508973
-0.02572356250101601,-0.003747928806721359,0.02197563369429465,0.003747928806721359
-0.02517848188482317,-0.003655163242039083,0.021523318642784086,0.003655163242039083
-0.024644625154078257,-0.0035646936731097804,0.021079931480968477,0.0035646936731097804
-0.024121770550421383,-0.003476463208228666,0.020645307342192717,0.003476463208228666
-0.023609700438402513,-0.0033904164181586035,0.020219284020243908,0.0033904164181586035
-0.023108201555637153,-0.0033064994197228243,0.01980170213591433,0.0033064994197228243
-0.022617064440755508,-0.003224659576705978,0.01939240486404953,0.003224659576705978
-0.022136083382970177,-0.003144845476141907,0.01899123790682827,0.003144845476141907
-0.021665056422076095,-0.0030670069283136366,0.01859804949376246,0.0030670069283136366
-0.021203785348450653,-0.0029910949667533962,0.018212690381697257,0.0029910949667533962
-0.020752075703053558,-0.002917061848242595,0.017835013854810962,0.002917061848242595
-0.02030973665103991,-0.002844861008071712,0.0174648756429682,0.002844861008071712
-0.019876581108297087,-0.0027744471426063774,0.01710213396569071,0.0027744471426063774
-0.019452425713024607,-0.0027057761551336486,0.016746649557890958,0.0027057761551336486
-0.01903709038937175,-0.002638804956679212,0.016398285432692537,0.002638804956679212
-0.018630398341749742,-0.002573491463635056,0.016056906878114688,0.002573491463635056
-0.018232176054831878,-0.0025097945977594852,0.015722381457072394,0.0025097945977594852
-0.017842253293553458,-0.002447674286177117,0.015394579007376341,0.002447674286177117
-0.017460463103111768,-0.002387091461378871,0.015073371641732898,0.002387091461378871
-0.017086641656794868,-0.002328008012624157,0.014758633644170712,0.002328008012624157
-0.016720628491336178,-0.0022703868959005977,0.01445024159543558,0.0022703868959005977
-0.01636226631410514,-0.002214192022282935,0.014148074291822207,0.002214192022282935
-0.01601140068444108,-0.002159388126481547,0.013852012557959531,0.002159388126481547
-0.01566788001361116,-0.0021059407668265876,0.013561939246784572,0.0021059407668265876
-0.015331555564810372,-0.002053816325267981,0.013277739239542391,0.002053816325267981
-0.015002281453161606,-0.0020029820073754322,0.012999299445786174,0.0020029820073754322
-0.01467991464571556,-0.0019534058423384144,0.012726508803377145,0.0019534058423384144
-0.014364314819953289,-0.001905056640876055,0.012459258179077233,0.001905056640876055
-0.014055344595009704,-0.0018579040928729052,0.012197440502136798,0.0018579040928729052
-0.013752869343055713,-0.0018119186700001544,0.011940950673055558,0.0018119186700001544
-0.013456756901742,-0.0017670715164855592,0.011689685385256441,0.0017670715164855592
-0.013166877574195966,-0.0017233344491123942,0.01144354312508357,0.0017233344491123942
-0.0128831041290218,-0.0016806799572194624,0.011202424171802337,0.0016806799572194624
-0.012605311800300455,-0.0016390812027010913,0.010966230597599365,0.0016390812027010913
-0.01233337828758961,-0.0015985120200071277,0.010734866267582483,0.0015985120200071277
-0.01206718365269431,-0.00155894688671334,0.01050823676598097,0.00155894688671334
-0.011806610455704124,-0.001520360983705333,0.010286249471998792,0.001520360983705333
-0.011551543708423833,-0.001482730157078043,0.01006881355134579,0.001482730157078043
-0.011301870545244536,-0.0014460308012808486,0.009855839743963687,0.0014460308012808486
-0.011057480220332557,-0.0014102398581928885,0.009647240362139669,0.0014102398581928885
-0.010818264107629427,-0.001375334817123058,0.00944292929050637,0.001375334817123058
-0.01058411570085194,-0.0013412937148100175,0.009242821986041923,0.0013412937148100175
-0.010354930613492087,-0.0013080951354221826,0.009046835478069904,0.0013080951354221826
-0.010130606526593368,-0.0012757181959786906,0.008854888330614678,0.0012757181959786906
-0.009911043184710438,-0.0012441425586464474,0.00866690062606399,0.0012441425586464474
-0.009696142549687986,-0.00121334846622461,0.008482794083463375,0.00121334846622461
-0.009485808421796308,-0.001183316613651788,0.00830249180814452,0.001183316613651788
-0.009279946414202881,-0.0011540281399945796,0.008125918274208301,0.0011540281399945796
-0.009078463952972404,-0.0011254646284475788,0.007952999324524826,0.0011254646284475788
-0.008881270277066792,-0.0010976081063333713,0.007783662170733421,0.0010976081063333713
-0.008688276438345138,-0.0010704410451025323,0.007617835393242606,0.0010704410451025323
-0.008499395292856047,-0.0010439463579274882,0.007455448934928558,0.0010439463579274882
-0.008314541391753685,-0.0010181073758954605,0.0072964340158582245,0.0010181073758954605
-0.008133631241879297,-0.0009929079249217673,0.0071407233169575295,0.0009929079249217673
-0.007956583001044784,-0.000968332222753178,0.006988250778291606,0.000968332222753178
-0.0077833163694186495,-0.0009443648462381199,0.0068389515231805295,0.0009443648462381199
-0.007613752589525992,-0.0009209907313266752,0.0066927618581993165,0.0009209907313266752
-0.007447814446248536,-0.0008981951730705879,0.006549619273177949,0.0008981951730705879
-0.0072854262668245896,-0.0008759638256232563,0.006409462441201334,0.0008759638256232563
-0.0071265139208490855,-0.0008542827022397395,0.0062722312186093455,0.0008542827022397395
-0.006971004764360028,-0.0008331381616521215,0.006137866602707907,0.0008331381616521215
-0.006818827686493448,-0.0008125169295819993,0.006006310756911449,0.0008125169295819993
-0.006669913177270368,-0.0007924061073016725,0.0058775070699686955,0.0007924061073016725
-0.006524193041899853,-0.0007727930880926768,0.0057513999538071755,0.0007727930880926768
-0.00638160039091566,-0.0007536655545498713,0.005627934836365789,0.0007536655545498713
-0.006242069640176228,-0.0007350114785814357,0.005507058161594793,0.0007350114785814357
-0.006105536510864658,-0.000716819121408869,0.005388717389455789,0.000716819121408869
-0.005971938029488742,-0.0006990770335669931,0.005272860995921749,0.0006990770335669931
-0.005841212527095172,-0.000681774054707612,0.00515943847238756,0.000681774054707612
-0.00571329954791067,-0.0006648992938099563,0.005048400254100713,0.0006648992938099563
-0.005588140040449523,-0.0006484421822330582,0.004939697858216465,0.0006484421822330582
-0.005465676193237196,-0.000632392421371193,0.004833283771866003,0.000632392421371193
-0.005345851293616833,-0.0006167399448028183,0.004729111348814014,0.0006167399448028183
-0.00522860972774929,-0.000601474918290579,0.004627134809458711,0.000601474918290579
-0.005113896980613101,-0.0005865877397813015,0.004527309240831799,0.0005865877397813015
-0.00500165963600451,-0.0005720690394059992,0.004429590596598511,0.0005720690394059992
-0.004891845376537452,-0.0005579096794798692,0.004333935697057582,0.0005579096794798692
-0.0047844029767661325,-0.0005441007529076947,0.0042403022238584375,0.0005441007529076947
-0.004679282227866457,-0.0005306335691903384,0.004148648658676119,0.0005306335691903384
-0.004576434135950247,-0.000517499703081184,0.004058934432869063,0.000517499703081184
-0.004475810702534312,-0.0005046909337898662,0.003971119768744446,0.0005046909337898662
-0.004377364848979974,-0.0004921992260674181,0.003885165622912556,0.0004921992260674181
-0.004281050416493045,-0.00048001673020627055,0.003801033686286774,0.00048001673020627055
-0.0041868221661238575,-0.000468135782040255,0.0037186863840836023,0.000468135782040255
-0.004094635778767249,-0.0004565489029446015,0.003638086875822647,0.0004565489029446015
-0.004004447855162555,-0.000445248799835938,0.003559199055326617,0.000445248799835938
-0.003916215909289177,-0.0004342283637228705,0.0034819875455663063,0.0004342283637228705
-0.0038298983025149363,-0.00042348065813860075,0.0034064176443763354,0.00042348065813860075
-0.0037454544241133612,-0.00041299896091062226,0.003332455463202739,0.00041299896091062226
-0.003662844494304174,-0.0004027767128983067,0.0032600677814058673,0.0004027767128983067
-0.003582029498818494,-0.00039280750252661375,0.00318922199629188,0.00039280750252661375
-0.0035029711888988563,-0.00038308506578609393,0.0031198861231127623,0.00038308506578609393
-0.0034256320812992057,-0.00037360328623288746,0.0030520287950663184,0.00037360328623288746
-0.0033499754582848856,-0.00036435619498872296,0.0029856192632961628,0.00036435619498872296
-0.0032759653676326596,-0.00035533797074092043,0.0029206273968917394,0.00035533797074092043
-0.003203566621915925,-0.00034654293959098995,0.002857023682324935,0.00034654293959098995
-0.0031327447334692123,-0.00033796556296501263,0.0027947791705041996,0.00033796556296501263
-0.003063466061134584,-0.000329600471618411,0.002733865589516173,0.000329600471618411
-0.002995697694789237,-0.00032144243514502637,0.0026742552596442106,0.00032144243514502637
-0.0029294073573989487,-0.00031348633987907625,0.0026159210175198725,0.00031348633987907625
-0.0028645634050180713,-0.0003057271888951526,0.0025588362161229187,0.0003057271888951526
-0.0028011348267895247,-0.00029816010200822186,0.002502974724781303,0.00029816010200822186
-0.0027390912449448087,-0.000290780315773626,0.0024483109291711827,0.000290780315773626
-0.002678402914803999,-0.0002835831834870819,0.002394819731316917,0.0002835831834870819
-0.002619040724775738,-0.00027656417518468054,0.0023424765495910576,0.00027656417518468054
-0.002560976167964771,-0.00026971887227840793,0.002291257295686363,0.00026971887227840793
-0.002504181363572853,-0.00026304297520410454,0.0022411383883687488,0.00026304297520410454
-0.002448629126205563,-0.00025653231457390053,0.002192096811631662,0.00025653231457390053
-0.0023942927985912818,-0.00025018281447841234,0.0021441099841128693,0.00025018281447841234
-0.0023411462435043652,-0.00024399049081396388,0.002097155752690401,0.00024399049081396388
-0.002289163843765118,-0.00023795145128258349,0.0020512123924825345,0.00023795145128258349
-0.0022383205022398064,-0.0002320618953920056,0.0020062586068478007,0.0002320618953920056
-0.0021885916418406676,-0.00022631811445567165,0.001962273527384996,0.00022631811445567165
-0.0021399532055258897,-0.0002207164915927277,0.001919236713933162,0.0002207164915927277
-0.0020923816561302924,-0.00021525350169556085,0.0018771281544347315,0.00021525350169556085
-0.002045853926156883,-0.00020992570285240303,0.00183592822330448,0.00020992570285240303
-0.002000347530255839,-0.00020472976007041065,0.0017956177701854287,0.00020472976007041065
-0.0019558404934766176,-0.00019966242760936255,0.001756178065867255,0.00019966242760936255
-0.0019123112649359459,-0.00019472053144529186,0.001717590733490654,0.00019472053144529186
-0.0018697387178178313,-0.00018990096927048712,0.0016798377485473443,0.00018990096927048712
-0.0018281021493735433,-0.00018520071049349,0.0016429014388800534,0.00018520071049349
-0.0017873812809216217,-0.0001806167962390966,0.0016067644846825251,0.0001806167962390966
-0.001747556257847885,-0.0001761463393483583,0.0015714099184995266,0.0001761463393483583
-0.0017086076496054146,-0.00017178652437857973,0.0015368211252268348,0.00017178652437857973
-0.0016705164486426891,-0.00016753460740928896,0.0015029818412334002,0.00016753460740928896
-0.0016332640242489942,-0.00016338790872063701,0.0014698761155283572,0.00016338790872063701
-0.0015968322383278172,-0.00015934383534042785,0.0014374884029873893,0.00015934383534042785
-0.0015612033574220893,-0.00015539986173814188,0.0014058034956839474,0.00015539986173814188
-0.001526359991124269,-0.00015155351798861477,0.0013748064731356543,0.00015155351798861477
-0.0014922850920763256,-0.00014780238977203585,0.0013444827023042897,0.00014780238977203585
-0.0014589619559697486,-0.00014414411837394893,0.0013148178375957996,0.00014414411837394893
-0.001426374221545553,-0.00014057640068525305,0.0012857978208602999,0.00014057640068525305
-0.0013945058705942658,-0.00013709698920220104,0.0012574088813920648,0.00013709698920220104
-0.0013633412279559364,-0.00013370369202640037,0.001229637535929536,0.00013370369202640037
-0.00133286496152013,-0.00013039437286481285,0.0012024705886553172,0.00013039437286481285
-0.0013030620498136658,-0.00012716694589533765,0.001175895103918328,0.00012716694589533765
-0.0012739178452769238,-0.0001240193885528737,0.0011498984567240502,0.0001240193885528737
-0.001245418065909801,-0.0001209497376992624,0.0011244683282105386,0.0001209497376992624
-0.0012175487051772752,-0.00011795607301571109,0.0010995926321615641,0.00011795607301571109
-0.0011902960316383607,-0.00011503651693785658,0.001075259514700504,0.00011503651693785658
-0.0011636465889461154,-0.00011218923465576577,0.0010514573542903497,0.00011218923465576577
-0.0011375871958476456,-0.00010941243411393636,0.0010281747617337093,0.00010941243411393636
-0.0011121049461840957,-0.00010670436601129548,0.0010054005801728003,0.00010670436601129548
-0.0010871872088906531,-0.00010406332380120042,0.0009831238850894527,0.00010406332380120042
-0.0010628216279965537,-0.00010148764369143913,0.0009613339843051145,0.00010148764369143913
-0.0010389961171333381,-9.897570376200473e-05,0.0009400204133713334,9.897570376200473e-05
-0.001015698833605824,-9.652592087544154e-05,0.0009191729127303824,9.652592087544154e-05
-0.0009929182771161622,-9.413676712125085e-05,0.0008987815099949114,9.413676712125085e-05
-0.0009706431902733996,-9.18067513519934e-05,0.0008788364389214062,9.18067513519934e-05
-0.0009488625341796687,-8.953441498770308e-05,0.0008593281191919656,8.953441498770308e-05
-0.0009275654884301941,-8.731833201588747e-05,0.0008402471564143065,8.731833201588747e-05
-0.000906741451113296,-8.51571089915283e-05,0.0008215843421217678,8.51571089915283e-05
-0.0008863800388103818,-8.304938503708044e-05,0.0008033306537733013,8.304938503708044e-05
-0.0008664710865959502,-8.099383184247251e-05,0.0007854772547534777,8.099383184247251e-05
-0.0008470046480375955,-7.89891536651072e-05,0.0007680154943724883,7.89891536651072e-05
-0.0008279709951959993,-7.703408732986043e-05,0.0007509369078661388,7.703408732986043e-05
-0.0008093606120227113,-7.512740122631353e-05,0.0007342332107963978,7.512740122631353e-05
-0.0007911641770597256,-7.326789368400487e-05,0.0007178962833757208,7.326789368400487e-05
-0.0007733726483223882,-7.145440620472215e-05,0.000701918242117666,7.145440620472215e-05
-0.0007559771725058873,-6.968580760372079e-05,0.0006862913649021665,6.968580760372079e-05
-0.0007389690680201444,-6.796099124622492e-05,0.0006710080767739195,6.796099124622492e-05
-0.0007223398249898085,-6.627887504742659e-05,0.0006560609499423819,6.627887504742659e-05
-0.0007060811052542587,-6.463840147248621e-05,0.0006414427037817724,6.463840147248621e-05
-0.0006901847423676078,-6.303853753653285e-05,0.0006271462048310749,6.303853753653285e-05
-0.0006746427415986959,-6.147827480466359e-05,0.0006131644667940323,6.147827480466359e-05
-0.0006594472799310944,-5.9956629391943883e-05,0.0005994906505391506,5.9956629391943883e-05
-0.0006445907060631044,-5.847264196340747e-05,0.0005861180640996969,5.847264196340747e-05
-0.0006300655402251841,-5.7025377706875884e-05,0.0005730401625183082,5.7025377706875884e-05
-0.0006158644465267173,-5.561392265754619e-05,0.0005602505238691711,5.561392265754619e-05
-0.0006019803022787209,-5.4237394915126916e-05,0.000547742907363594,5.4237394915126916e-05
-0.0005884061620957079,-5.289493778079062e-05,0.0005355112243149174,5.289493778079062e-05
-0.0005751352139799274,-5.158571284730084e-05,0.0005235495011326265,5.158571284730084e-05
-0.000562160779321367,-5.030889999901243e-05,0.0005118518793223545,5.030889999901243e-05
-0.0005494763128977562,-4.906369741187177e-05,0.0005004126154858845,4.906369741187177e-05
-0.0005370754028745605,-4.784932155341628e-05,0.0004892260813211442,4.784932155341628e-05
-0.0005249517708049841,-4.666500718277468e-05,0.0004782867636222095,4.666500718277468e-05
-0.0005130992716299727,-4.5510007350667204e-05,0.0004675892642793055,4.5510007350667204e-05
-0.0005015118936782081,-4.438359339940513e-05,0.00045712830027880297,4.438359339940513e-05
-0.0004901837586661119,-4.328505496289112e-05,0.00044689870370322074,4.328505496289112e-05
-0.00047910912254736464,-4.221370014885349e-05,0.00043689542239851116,4.221370014885349e-05
-0.0004682823951375296,-4.1168859826223116e-05,0.0004271135353113065,4.1168859826223116e-05
-0.00045769810478558655,-4.014988069292607e-05,0.00041754822409266045,4.014988069292607e-05
-0.0004473508863284552,-3.9156123197505924e-05,0.00040819476313094924,3.9156123197505924e-05
-0.00043723548737231385,-3.8186962917875396e-05,0.0003990485244544385,3.8186962917875396e-05
-0.0004273467682925951,-3.724179056131596e-05,0.00039010497773127914,3.724179056131596e-05
-0.00041767970223398793,-3.632001196447806e-05,0.00038135969026950985,3.632001196447806e-05
-1.0,0.7,1.7,-0.7
-0.9581391698579469,0.6826741620415039,1.6408133318994507,-0.6826741620415039
-0.9177379097925134,0.6657771563441885,1.583515066136702,-0.6657771563441885
-0.8787496553075099,0.6492983754466208,1.5280480307541309,-0.6492983754466208
-0.8411292080484783,0.6332274673377821,1.4743566753862605,-0.6332274673377821
-0.8048327170174892,0.6175543325609544,1.4223870495784436,-0.6175543325609544
-0.769817668928066,0.6022691225755711,1.3720867915036372,-0.6022691225755711
-0.7360428856918245,0.5873622389837182,1.3234051246755427,-0.5873622389837182
-0.7034684514269646,0.5728243223080359,1.2762927737350005,-0.5728243223080359
-0.6720556250263183,0.5586462381354734,1.2307018631617916,-0.5586462381354734
-0.6417668378341349,0.5448190767405142,1.1865859145746491,-0.5448190767405142
-0.6125656789863337,0.5313341504765404,1.1438998294628742,-0.5313341504765404
-0.5844168962123757,0.518182993804039,1.1025998900164147,-0.518182993804039
-0.5572862929639527,0.5053573469296766,1.0626436398936292,-0.5053573469296766
-0.5311406945455881,0.4928491503041074,1.0239898448496956,-0.4928491503041074
-0.505947944392493,0.48065054397393503,0.986598488366428,-0.48065054397393503
-0.48167689673440633,0.4687538660667121,0.9504307628011184,-0.4687538660667121
-0.458297384593551,0.4571516477031979,0.9154490322967489,-0.4571516477031979
-0.43578013878528243,0.44583659973831785,0.8816167385236002,-0.44583659973831785
-0.41409678173179654,0.4348016117292727,0.8488983934610692,-0.4348016117292727
-0.3932198181036961,0.4240397502213713,0.8172595683250674,-0.4240397502213713
-0.3731226338828773,0.41354425844535264,0.78666689232823,-0.41354425844535264
-0.3537794264387566,0.40330854480968814,0.7570879712484447,-0.40330854480968814
-0.3351651722713965,0.39332617746817555,0.7284913497395721,-0.39332617746817555
-0.3172556241914505,0.3835908838084014,0.7008465079998518,-0.3835908838084014
-0.300027305877604,0.3740965492901142,0.6741238551677182,-0.3740965492901142
-0.28345748377741087,0.36483721278207415,0.648294696559485,-0.36483721278207415
-0.2675241101389931,0.355807056873756,0.623331167012749,-0.355807056873756
-0.2522058189163091,0.3470004071634158,0.5992062260797248,-0.3470004071634158
-0.23748191843554536,0.33841173083168036,0.5758936492672257,-0.33841173083168036
-0.2233323856596294,0.33003563560926824,0.5533680212688976,-0.33003563560926824
-0.2097378096100013,0.32186686004904796,0.5316046696590493,-0.32186686004904796
-0.19667937743910532,0.31390027108473467,0.51057964852384,-0.31390027108473467
-0.1841388701481904,0.30613086320453553,0.49026973335272594,-0.30613086320453553
-0.1720986592714022,0.29855375772743853,0.47065241699884075,-0.29855375772743853
-0.16054166747067727,0.2911641959541146,0.45170586342479185,-0.2911641959541146
-0.14945134328942944,0.2839575346775999,0.4334088779670293,-0.2839575346775999
-0.13881165875339926,0.27692924571908756,0.4157409044724868,-0.27692924571908756
-0.12860710571192838,0.27007491512347015,0.3986820208353985,-0.27007491512347015
-0.1188226695812506,0.26339023851605964,0.38221290809731023,-0.26339023851605964
-0.10944380004766847,0.25687101581614014,0.3663148158638086,-0.25687101581614014
-0.10045640866905434,0.25051315077748115,0.3509695594465355,-0.25051315077748115
-0.09184686527430717,0.24431265020168702,0.3361595154759942,-0.24431265020168702
-0.08360197802963229,0.23826562033697865,0.32186759836661094,-0.23826562033697865
-0.07570896602520402,0.23236826184772869,0.3080772278729327,-0.23236826184772869
-0.06815545661216918,0.2266168692995181,0.2947723259116873,-0.2266168692995181
-0.06092948203749653,0.2210078304245663,0.28193731246206283,-0.2210078304245663
-0.0540194608255939,0.215537622687827,0.2695570835134209,-0.215537622687827
-0.04741417569830393,0.21020280915749948,0.2576169848558034,-0.21020280915749948
-0.041102771133218696,0.2050000380159229,0.2461028091491416,-0.2050000380159229
-0.03507474969013064,0.19992604177787515,0.2350007914680058,-0.19992604177787515
-0.029319951915197658,0.19497763351069536,0.224297585425893,-0.19497763351069536
-0.023828542052243797,0.1901517041042068,0.2139802461564506,-0.1901517041042068
-0.01859100569557436,0.18544522177115036,0.20403622746672473,-0.18544522177115036
-0.013598143802105757,0.1808552308514769,0.19445337465358264,-0.1808552308514769
-0.008841052207502368,0.17637884786979555,0.1852199000772979,-0.17637884786979555
-0.004311116076677798,0.17201326044130383,0.17632437651798163,-0.17201326044130383
-6.498972877216902e-09,0.16775572654537002,0.1677557330443429,-0.16775572654537002
0.004100333332568965,0.16360357181913895,0.15950323848657,-0.16360357181913895
0.007997697383824057,0.1595541877199517,0.15155649033612764,-0.1595541877199517
0.011699620245002984,0.15560503080049437,0.1439054105554914,-0.15560503080049437
0.015213389141638861,0.15175362030743786,0.136540231165799,-0.15175362030743786
0.01854605166642376,0.14799753662223225,0.1294514849558085,-0.14799753662223225
0.02170441870161923,0.14433442063882224,0.122630001937203,-0.14433442063882224
0.024695076729661515,0.14076197126765314,0.11606689453799163,-0.14076197126765314
0.02752439463838528,0.1372779440449535,0.10975354940656822,-0.1372779440449535
0.030198525638274118,0.1338801507011288,0.10368162506285468,-0.1338801507011288
0.03272341748268366,0.13056645705653178,0.09784303957384811,-0.13056645705653178
0.03510482151983755,0.1273347811535138,0.09222995963367625,-0.1273347811535138
0.0373482946144032,0.12418309282151505,0.08683479820711185,-0.12418309282151505
0.03945920294146894,0.12110941286403631,0.08165020992256737,-0.12110941286403631
0.04144273529192355,0.11811181027575138,0.07666907498382783,-0.11811181027575138
0.04330390593827154,0.11518840162963162,0.07188449569136007,-0.11518840162963162
0.04504755595872222,0.11233735074599202,0.06728979478726979,-0.11233735074599202
0.04667836046807757,0.1095568671551794,0.06287850668710182,-0.1095568671551794
0.048200838968912876,0.10684520388446274,0.05864436491554986,-0.10684520388446274
0.0496193567206002,0.10420065714801162,0.05458130042741142,-0.10420065714801162
0.050938125683822166,0.10162156608937954,0.050683440405557376,-0.10162156608937954
0.05216121273456158,0.09910631100937373,0.04694509827481215,-0.09910631100937373
0.05329254810812544,0.09665331151883898,0.043360763410713536,-0.09665331151883898
0.05433592635502286,0.09426102631376812,0.03992509995874526,-0.09426102631376812
0.055295007075473475,0.0919279529565018,0.03663294588102833,-0.0919279529565018
0.05617332178553047,0.08965262636770471,0.03347930458217424,-0.08965262636770471
0.05697428244091959,0.08743361692035023,0.030459334479430646,-0.08743361692035023
0.057701182122665264,0.08526953027751227,0.02756834815484701,-0.08526953027751227
0.05835719599977043,0.08315900711537377,0.024801811115603346,-0.08315900711537377
0.05894538489082724,0.08110072232513871,0.022155337434311466,-0.08110072232513871
0.059468705113614795,0.07909338276610317,0.019624677652488376,-0.07909338276610317
0.05993000935979872,0.07713572706190763,0.017205717702108915,-0.07713572706190763
0.06033204809739753,0.07522652522890844,0.01489447713151091,-0.07522652522890844
0.06067746952550537,0.07336457866882376,0.012687109143318387,-0.07336457866882376
0.060968829436704286,0.07154871788156911,0.010579888444864821,-0.07154871788156911
0.06120859405103464,0.06977780179370376,0.008569207742669116,-0.06977780179370376
0.061399140610432,0.06805071760316284,0.006651576992730834,-0.06805071760316284
0.06154275765605864,0.06636638065242015,0.004823622996361507,-0.06636638065242015
0.06164164918517596,0.06472373346254151,0.003082084277365553,-0.06472373346254151
0.0616979419496124,0.06312174397307903,0.0014238020234666263,-0.06312174397307903
0.06171368576135076,0.06155940546664842,-0.00015428029470233862,-0.06155940546664842
0.06169085464590442,0.0600357362466325,-0.0016551183992719182,-0.0600357362466325
0.061631346121948635,0.05854977978589932,-0.0030815663360493142,-0.05854977978589932
0.06153698863011033,0.057100602922414236,-0.004436385707696097,-0.057100602922414236
0.06140954490519393,0.05568729501467317,-0.00572224989052076,-0.05568729501467317
0.06125071209341176,0.054308967909888387,-0.006941744183523377,-0.054308967909888387
0.06106212271854607,0.05296475564342215,-0.008097367075123922,-0.05296475564342215
0.06084534449636357,0.05165381449069617,-0.0091915300056674,-0.05165381449069617
0.060601887892130016,0.05037532105814583,-0.010226566833984187,-0.05037532105814583
0.06033320760222832,0.04912847189853414,-0.01120473570369418,-0.04912847189853414
0.060040702754071265,0.0479124834542148,-0.012128219299856462,-0.0479124834542148
0.05972571755571735,0.04672659182665111,-0.012999125729066245,-0.04672659182665111
0.059389541605556,0.04557005271502291,-0.01381948889053309,-0.04557005271502291
0.05903341657891118,0.0444421396668285,-0.01459127691208268,-0.0444421396668285
0.058658537120621336,0.04334214383754492,-0.015316393283076414,-0.04334214383754492
0.05826605101367976,0.042269373940932345,-0.015996677072747413,-0.042269373940932345
0.05785705977706927,0.04122315602717039,-0.016633903749898885,-0.04122315602717039
0.05743261864984125,0.040202833507550835,-0.017229785142290413,-0.040202833507550835
0.05699374260921722,0.03920776552826194,-0.01778597708095528,-0.03920776552826194
0.05654140723742152,0.03823732672862388,-0.018304080508797643,-0.03823732672862388
0.056076548784627235,0.03729090722199335,-0.018785641562633883,-0.03729090722199335
0.055600064911097986,0.03636791233410592,-0.019232152576992068,-0.03636791233410592
0.05511281388100154,0.03546776283461216,-0.019645051046389382,-0.03546776283461216
0.054615619892085215,0.03458989345679149,-0.020025726435293725,-0.03458989345679149
0.05410927437538991,0.03373375252271984,-0.020375521852670074,-0.03373375252271984
0.05359453599525008,0.03289880194326961,-0.020695734051980476,-0.03289880194326961
0.053072131281910004,0.03208451700076092,-0.020987614281149085,-0.03208451700076092
0.05254275376352826,0.03129038656953852,-0.021252367193989742,-0.03129038656953852
0.05200706743764389,0.030515912144305227,-0.021491155293338664,-0.030515912144305227
0.051465709249969654,0.02976060710146719,-0.021705102148502464,-0.02976060710146719
0.05091928909650551,0.029023996698477918,-0.021895292398027594,-0.029023996698477918
0.050368390063327856,0.028305617991459364,-0.02206277207186849,-0.028305617991459364
0.04981356844445314,0.027605019769698657,-0.022208548674754486,-0.027605019769698657
0.049255354290882125,0.026921762430506986,-0.02233359186037514,-0.026921762430506986
0.04869425522785945,0.026255416814119616,-0.022438838413739837,-0.026255416814119616
0.04813075673027372,0.025605564116297292,-0.022525192613976428,-0.025605564116297292
0.04756532212412701,0.024971795887822185,-0.022593526236304822,-0.024971795887822185
0.046998393132040475,0.024353713822540986,-0.02264467930949949,-0.024353713822540986
0.04643038893322439,0.023750930037824587,-0.022679458895399802,-0.023750930037824587
0.04586170915321663,0.02316306616205476,-0.022698642991161866,-0.02316306616205476
0.04529273543866063,0.0225897528214169,-0.02270298261724373,-0.0225897528214169
0.04472383145730537,0.022030629639899997,-0.022693201817405376,-0.022030629639899997
0.04415534299931444,0.02148534520132924,-0.022669997797985196,-0.02148534520132924
0.04358759821058897,0.02095355691448729,-0.02263404129610168,-0.02095355691448729
0.04302090721428743,0.02043493116872784,-0.02258597604555959,-0.02043493116872784
0.042455565235092196,0.01992914230231034,-0.022526422932781856,-0.01992914230231034
0.041891853047007474,0.019435872447164087,-0.022455980599843387,-0.019435872447164087
0.041330036973359255,0.018954811528888164,-0.02237522544447109,-0.018954811528888164
0.04077036907693794,0.01848565718864929,-0.022284711888288653,-0.01848565718864929
0.04021308700478859,0.018028114781938376,-0.02218497222285021,-0.018028114781938376
0.03965841439931909,0.01758189728299747,-0.02207651711632162,-0.01758189728299747
0.03910656328500118,0.017146724443921544,-0.021959838841079635,-0.017146724443921544
0.03855773419938957,0.016722322746148915,-0.021835411453240656,-0.016722322746148915
0.03801211619312197,0.01630842540046124,-0.02170369079266073,-0.01630842540046124
0.03746988703751098,0.01590477225415835,-0.02156511478335263,-0.01590477225415835
0.03693121291549161,0.015511109855421881,-0.02142010306006973,-0.015511109855421881
0.03639624909493786,0.015127191256895371,-0.02126905783804249,-0.015127191256895371
0.0358651417725299,0.014752775325027662,-0.021112366447502237,-0.014752775325027662
0.035338028129824055,0.014387626717903031,-0.020950401411921026,-0.014387626717903031
0.03481503633325284,0.014031515885241218,-0.020783520448011624,-0.014031515885241218
0.03429628570091025,0.013684218988425183,-0.020612066712485066,-0.013684218988425183
0.03378188644769482,0.013345517949942752,-0.020436368497752072,-0.013345517949942752
0.03327194013986224,0.013015200327731314,-0.020256739812130928,-0.013015200327731314
0.03276654131569544,0.012693058672474356,-0.020073482643221084,-0.012693058672474356
0.0322657775441751,0.012378890502920072,-0.019886887041255033,-0.012378890502920072
0.03176972942497974,0.012072498305881378,-0.019697231119098366,-0.012072498305881378
0.03127847068178896,0.011773689489200422,-0.01950478119258854,-0.011773689489200422
0.030792068102585526,0.01148227635193217,-0.019309791750653355,-0.01148227635193217
0.030310581490194024,0.011198076150313336,-0.019112505339880688,-0.011198076150313336
0.029834065228716372,0.010920910444879962,-0.01891315478383641,-0.010920910444879962
0.029362568412322158,0.010650605043102716,-0.01871196336921944,-0.010650605043102716
0.028896134845248573,0.01038698999938687,-0.018509144845861705,-0.01038698999938687
0.02843480306092394,0.01012989960510581,-0.01830490345581813,-0.01012989960510581
0.027978606478977847,0.009879172269880693,-0.018099434209097154,-0.009879172269880693
0.02752757290102803,0.009634650762749553,-0.017892922138278478,-0.009634650762749553
0.027081725855094323,0.009396181634688196,-0.01768554422040613,-0.009396181634688196
0.02664108494539515,0.009163615054052325,-0.017477469891342825,-0.009163615054052325
0.026205665852347487,0.008936804806577511,-0.017268861045769975,-0.008936804806577511
0.025775480332566963,0.008715608295379257,-0.017059872037187708,-0.008715608295379257
0.025350536334993904,0.008499886465436784,-0.01685064986955712,-0.008499886465436784
0.024930837717723926,0.008289503898178065,-0.016641333819545863,-0.008289503898178065
0.02451638464888705,0.008084328673637104,-0.016432055975249944,-0.008084328673637104
0.024107174457749153,0.007884231949356545,-0.01622294250839261,-0.007884231949356545
0.02370320164985823,0.007689087952265677,-0.016014113697592553,-0.007689087952265677
0.02330445790704427,0.00749877397868037,-0.0158056839283639,-0.00749877397868037
0.02291093209638417,0.007313170388658918,-0.015597761707725252,-0.007313170388658918
0.02252261037816124,0.007132160502643405,-0.015390449875517836,-0.007132160502643405
0.022139475798177228,0.006955630827085487,-0.01518384497109174,-0.006955630827085487
0.02176150917789857,0.006783470616126787,-0.014978038561771781,-0.006783470616126787
0.021388689390649106,0.0066155717177001664,-0.014773117672948938,-0.0066155717177001664
0.02102099336161002,0.006451828573529702,-0.014569164788080319,-0.006451828573529702
0.02065839606781994,0.006292138219130725,-0.014366257848689215,-0.006292138219130725
0.02030087056741285,0.006136400261834372,-0.01416447030557848,-0.006136400261834372
0.01994838798662326,0.005984516832807302,-0.01396387115381596,-0.005984516832807302
0.019600917326303875,0.005836392739867597,-0.013764524586436278,-0.005836392739867597
0.019258426227834097,0.005691935035368099,-0.013566491192465998,-0.005691935035368099
0.018920881071829078,0.00555105295392401,-0.013369828117905068,-0.00555105295392401
0.018588246978139673,0.005413657912412881,-0.013174589065726793,-0.005413657912412881
0.018260487805852404,0.005279663509974595,-0.01298082429587781,-0.005279663509974595
0.01793756618126364,0.00514898550313359,-0.012788580678130051,-0.00514898550313359
0.0176194434511476,0.005021541778420962,-0.012597901672726638,-0.005021541778420962
0.017306079564085256,0.004897252477468599,-0.012408827086616657,-0.004897252477468599
0.016997433676432035,0.004776039613754769,-0.012221394062677266,-0.004776039613754769
0.0166934642144977,0.004657827028026831,-0.012035637186470868,-0.004657827028026831
0.016394128874546395,0.004542540388301254,-0.011851588486245141,-0.004542540388301254
0.01609938462279663,0.004430107189863619,-0.011669277432933013,-0.004430107189863619
0.015809187707684847,0.004320456742824691,-0.011488730964860156,-0.004320456742824691
0.015523493657179869,0.0042135201156336555,-0.011309973541546213,-0.0042135201156336555
0.015242257094012933,0.004109230306559982,-0.01113302678745295,-0.004109230306559982
0.014965432226642771,0.0040075219053294815,-0.01095791032131329,-0.0040075219053294815
0.01469297293477045,0.003908331023707888,-0.010784641911062563,-0.003908331023707888
0.0144248327693393,0.003811595295500828,-0.010613237473838471,-0.003811595295500828
0.014160964952534962,0.003717253876553844,-0.010443711075981119,-0.003717253876553844
0.013901322377785385,0.0036252474447523867,-0.010276074933032998,-0.0036252474447523867
0.01364585764356942,0.0035355181317020296,-0.010110339511867392,-0.0035355181317020296
0.01339452285857648,0.0034480096683529872,-0.009946513190223492,-0.0034480096683529872
0.013147269908590845,0.003362667219912749,-0.009784602688678095,-0.003362667219912749
0.012904050645876627,0.0032794372121038636,-0.009624613433772763,-0.0032794372121038636
0.012664816889178174,0.0031982673311634377,-0.009466549558014736,-0.0031982673311634377
0.012429520423720052,0.003119106523843128,-0.009310413899876923,-0.003119106523843128
0.012198113001207083,0.003041904997409161,-0.009156208003797923,-0.003041904997409161
0.011970546347655162,0.0029666142057057383,-0.009003932141949424,-0.0029666142057057383
0.011746772127174525,0.0028931868139824156,-0.00885358531319211,-0.0028931868139824156
0.011526741855169574,0.002821576842134797,-0.008705165013034777,-0.002821576842134797
0.011310407185130067,0.002751739392575075,-0.008558667792554993,-0.002751739392575075
0.01109771994618976,0.0026836306050082503,-0.00841408934118151,-0.0026836306050082503
0.010888632143126452,0.002617207656432148,-0.008271424486694304,-0.002617207656432148
0.010683095956361936,0.002552428761137398,-0.008130667195224537,-0.002552428761137398
0.010481063741962046,0.0024892531707074537,-0.007991810571254592,-0.0024892531707074537
0.01028248803801367,0.0024276411516862724,-0.007854846886327397,-0.0024276411516862724
0.01008732149831892,0.002367553986798689,-0.007719767511520231,-0.002367553986798689
0.009895516888834041,0.002308954066499024,-0.007586562822335018,-0.002308954066499024
0.009707027278830353,0.0022518046497162804,-0.0074552226291140725,-0.0022518046497162804
0.009521806053302327,0.002196069842961322,-0.007325736210341004,-0.002196069842961322
0.009339806912967569,0.002141714600326868,-0.007198092312640701,-0.002141714600326868
0.009160983874266792,0.0020887047234874863,-0.007072279150779306,-0.0020887047234874863
0.008985291269363866,0.002037006861699606,-0.00694828440766426,-0.002037006861699606
0.0088126837476386,0.0019865884992100024,-0.006826095248428598,-0.0019865884992100024
0.00864311622803448,0.0019374179298703288,-0.006705698298164151,-0.0019374179298703288
0.00847654387738846,0.0018894643851051747,-0.006587079492283285,-0.0018894643851051747
0.008312922249754825,0.0018426978178546149,-0.00647022443190021,-0.0018426978178546149
0.008152207300298246,0.001797088868203388,-0.006355118432094858,-0.001797088868203388
0.007994355385293826,0.0017526088633809077,-0.0062417465219129185,-0.0017526088633809077
0.007839323262127058,0.0017092298177612503,-0.006130093444365808,-0.0017092298177612503
0.007687068089293855,0.001666924432863165,-0.0060201436564306906,-0.001666924432863165
0.0075375474264005446,0.0016256660973500698,-0.005911881329050475,-0.0016256660973500698
0.007390719216143392,0.0015854288412679822,-0.00580529037487541,-0.0015854288412679822
0.00724654172750629,0.0015461874418304508,-0.005700354285675839,-0.0015461874418304508
0.007104973642818589,0.001507917348675954,-0.005597056294142635,-0.001507917348675954
0.006965974088369564,0.001470594563736627,-0.005495379524632937,-0.001470594563736627
0.006829502634410324,0.0014341956411950472,-0.005395306993215276,-0.0014341956411950472
0.006695519295153794,0.0013986976874842323,-0.005296821607669562,-0.0013986976874842323
0.006563984528774747,0.0013640783612876468,-0.0051999061674871,-0.0013640783612876468
0.00643485923740979,0.001330315873539199,-0.005104543363870591,-0.001330315873539199
0.0063081047666869285,0.0012973889856389208,-0.005010715781048008,-0.0012973889856389208
0.006183682865468901,0.0012652769641128968,-0.004918405901356004,-0.0012652769641128968
0.006061555682762207,0.0012339597117406189,-0.004827595971021588,-0.0012339597117406189
0.005941685822829261,0.0012034176368517602,-0.004738268185977501,-0.0012034176368517602
0.005824036344460204,0.0011736315874023746,-0.004650404757057829,-0.0011736315874023746
0.005708570760972866,0.0011445828509748894,-0.0045639879099979765,-0.0011445828509748894
0.005595253040212805,0.0011162531547781111,-0.0044789998854346934,-0.0011162531547781111
0.005484047604553283,0.0010886246656472234,-0.00439542293890606,-0.0010886246656472234
0.00537491933089526,0.0010616799900437831,-0.004313239340851476,-0.0010616799900437831
0.0052678335506674235,0.0010354021740557288,-0.004232431376611695,-0.0010354021740557288
0.005162756015096136,0.0010097746664112057,-0.004152981348684931,-0.0010097746664112057
0.005059652889385625,0.0009847814080777314,-0.004074871481307894,-0.0009847814080777314
0.004958490801927411,0.000960406781820815,-0.003998084020106596,-0.000960406781820815
0.004859236822584711,0.0009366355168493652,-0.003922601305735345,-0.0009366355168493652
0.004761858462675705,0.0009134526887792803,-0.0038484057738964244,-0.0009134526887792803
0.004666323674973529,0.0008908437196334459,-0.0037754799553400835,-0.0008908437196334459
0.004572600853706261,0.0008687943778417325,-0.003703806475864528,-0.0008687943778417325
0.004480658834556945,0.0008472907782410004,-0.003633368056315944,-0.0008472907782410004
0.004390466894663578,0.0008263193820750967,-0.003564147512588481,-0.0008263193820750967
0.004301994747010484,0.0008058669907632283,-0.0034961277562472557,-0.0008058669907632283
0.004215212484591307,0.0007859207242715859,-0.0034292917603197205,-0.0007859207242715859
0.004130090656696845,0.0007664681249570352,-0.0033636225317398094,-0.0007664681249570352
0.004046600240070383,0.0007474970322723679,-0.003299103207798015,-0.0007474970322723679
0.00396471262350564,0.0007289955557424366,-0.0032357170677632034,-0.0007289955557424366
0.003884399607846762,0.0007109520749641533,-0.0031734475328826085,-0.0007109520749641533
0.003805633405988343,0.000693355239606494,-0.003112278166381849,-0.000693355239606494
0.003728386642875399,0.0006761939694104933,-0.003052192673464906,-0.0006761939694104933
0.0036526323555033905,0.0006594574541892489,-0.0029931749013141417,-0.0006594574541892489
0.0035783439929182124,0.0006431351538279198,-0.002935208839090293,-0.0006431351538279198
0.003505495410594949,0.0006272167936172331,-0.002878278616977716,-0.0006272167936172331
0.0034340608135849924,0.0006116923441394441,-0.0028223684694455484,-0.0006116923441394441
0.003364014849309852,0.0005965521142150503,-0.0027674627350948015,-0.0005965521142150503
0.0032953325592184114,0.0005817866463470761,-0.0027135459128713353,-0.0005817866463470761
0.0032279893572330787,0.0005673866914017783,-0.0026606026658313004,-0.0005673866914017783
0.0031619610297497747,0.0005533432086086453,-0.0026086178211411296,-0.0005533432086086453
0.0030972237356379265,0.0005396473655603949,-0.0025575763700775318,-0.0005396473655603949
0.003033754006240485,0.0005262905382129776,-0.0025074634680275075,-0.0005262905382129776
0.0029715287453739078,0.0005132643108855735,-0.002458264434488334,-0.0005132643108855735
0.0029105252293281703,0.0005005604762605951,-0.002409964753067575,-0.0005005604762605951
0.0028507211068667646,0.00048817103538368613,-0.0023625500714830787,-0.00048817103538368613
0.0027920943597944414,0.0004760881773445898,-0.0023160061824498515,-0.0004760881773445898
0.002734623330032787,0.00046430432949404307,-0.0022703190005387438,-0.00046430432949404307
0.002678286758489408,0.00045281214618507856,-0.0022254746123043295,-0.00045281214618507856
0.0026230637143278127,0.0004416044412888555,-0.002181459273038957,-0.0004416044412888555
0.0025689335945226583,0.00043067418786291037,-0.002138259406659748,-0.00043067418786291037
0.0025158761238597456,0.0004200145181511558,-0.0020958616057085897,-0.0004200145181511558
0.002463871354936031,0.00040961872358388296,-0.002054252631352148,-0.00040961872358388296
0.0024128996681596184,0.00039948025477776043,-0.002013419413381858,-0.00039948025477776043
0.0023629417717497565,0.0003895927215358328,-0.001973349050213924,-0.0003895927215358328
0.0023139787017368487,0.0003799498928475234,-0.0019340288088893253,-0.0003799498928475234
0.002265991821547352,0.00037054569665329236,-0.0018954461248940598,-0.00037054569665329236
0.002218962770042941,0.0003613741998054864,-0.0018575885702374546,-0.0003613741998054864
0.0021728735399007657,0.0003524296700899217,-0.001820443869810844,-0.0003524296700899217
0.002127706457291952,0.0003437065324675859,-0.0017839999248243663,-0.0003437065324675859
0.002083444130424245,0.0003351993324431837,-0.0017482447979810614,-0.0003351993324431837
0.002040069449542003,0.0003269027360651361,-0.0017131667134768667,-0.0003269027360651361
0.0019975655869261923,0.00031881152992557945,-0.0016787540570006127,-0.00031881152992557945
0.001955915996894401,0.00031092062116036746,-0.0016449953757340337,-0.00031092062116036746
0.0019151044158008245,0.000303225037449069,-0.0016118793783517554,-0.000303225037449069
0.0018751148620362763,0.00029571992701497006,-0.0015793949350213063,-0.00029571992701497006
0.0018359316360281835,0.0002884005586250727,-0.0015475310774031108,-0.0002884005586250727
0.0017975393202405835,0.0002812623215900947,-0.001516276998650489,-0.0002812623215900947
0.0017599227421667017,0.00027430071249210416,-0.0014856220296745977,-0.00027430071249210416
0.0017230670167725536,0.0002675113715404481,-0.0014555556452321055,-0.0002675113715404481
0.0016869575684833936,0.00026089007212109106,-0.0014260674963623024,-0.00026089007212109106
0.001651580059952005,0.00025443267829370193,-0.0013971473816583031,-0.00025443267829370193
0.0016169203917951267,0.0002481351446617909,-0.001368785247133336,-0.0002481351446617909
0.0015829647025934496,0.0002419935163727089,-0.0013409711862207407,-0.0002419935163727089
0.0015496993688916254,0.00023600392911764896,-0.0013136954397739765,-0.00023600392911764896
0.0015171110051982566,0.00023016260913164455,-0.001286948396066612,-0.00023016260913164455
0.001485186463985906,0.00022446587319357146,-0.0012607205907923347,-0.00022446587319357146
0.0014539128356910866,0.0002189101286261457,-0.001235002707064941,-0.0002189101286261457
0.0014232774487142749,0.00021349187329592603,-0.001209785575418349,-0.00021349187329592603
0.0013932678607675802,0.0002082076924228124,-0.0011850601683447677,-0.0002082076924228124
0.001363871827467487,0.00020305425608658972,-0.0011608175713808972,-0.00020305425608658972
0.0013350773982125006,0.00019802835695224467,-0.0011370490412602558,-0.00019802835695224467
0.0013068728357011282,0.00019312686254907183,-0.0011137459731520565,-0.00019312686254907183
0.0012792465999672837,0.0001883467078800727,-0.001090899892087211,-0.0001883467078800727
0.0012521873483802807,0.00018368489542195488,-0.0010685024529583258,-0.00018368489542195488
0.001225683935644843,0.0001791384951251335,-0.0010465454405197095,-0.0001791384951251335
0.001199725413801091,0.00017470464441372917,-0.001025020769387362,-0.00017470464441372917
0.0011743010322245494,0.00017038054818556896,-0.0010039204840389805,-0.00017038054818556896
0.0011494002376261504,0.00016616347881218745,-0.000983236758813963,-0.00016616347881218745
0.001125012674052225,0.00016205077613882471,-0.0009629618979134002,-0.00016205077613882471
0.0011011281828845064,0.00015803984748442743,-0.0009430883354000789,-0.00015803984748442743
0.0010777367869067482,0.00015412816276588905,-0.0009236086241408592,-0.00015412816276588905
0.0010548286877489017,0.0001503132626493573,-0.0009045154250995444,-0.0001503132626493573
0.0010323943323987369,0.0001465927762531017,-0.0008858015561456352,-0.0001465927762531017
0.001010424334194143,0.00014296438461699294,-0.0008674599495771501,-0.00014296438461699294
0.0009889094675214543,0.00013942581864588818,-0.0008494836488755662,-0.00013942581864588818
0.000967840667815453,0.0001359748591096317,-0.0008318658087058213,-0.0001359748591096317
0.0009472090315593748,0.0001326093366430558,-0.000814599694916319,-0.0001326093366430558
0.0009270058162848992,0.00012932713174597903,-0.0007976786845389201,-0.00012932713174597903
0.0009072224405721549,0.00012612617478320723,-0.0007810962657889477,-0.00012612617478320723
0.000887850484049723,0.0001230044459845341,-0.0007648460380651888,-0.0001230044459845341
0.0008688816873946292,0.00011995997544473977,-0.0007489217119498895,-0.00011995997544473977
0.0008503079523323495,0.00011699084312359178,-0.0007333171092087577,-0.00011699084312359178
0.0008321213319934621,0.00011409517610269272,-0.0007180261558907694,-0.00011409517610269272
0.0008143140168476239,0.00011127115029967184,-0.0007030428665479521,-0.00011127115029967184
0.0007968784079954314,0.00010851701152609276,-0.0006883613964693387,-0.00010851701152609276
0.0007798070451024573,0.00010583104530098766,-0.0006739759998014696,-0.00010583104530098766
0.000763092597254011,0.00010321157365697431,-0.0006598810235970367,-0.00010321157365697431
0.0007467278629551319,0.00010065695514025494,-0.000646070907814877,-0.00010065695514025494
0.0007307057701305927,9.816558481061684e-05,-0.0006325401853199758,-9.816558481061684e-05
0.0007150193761249029,9.573589424143287e-05,-0.0006192834818834701,-9.573589424143287e-05
0.0006996618677023021,9.33663515196604e-05,-0.0006062955161826417,-9.33663515196604e-05
0.0006846265610467634,9.105546124584183e-05,-0.0005935710998009216,-9.105546124584183e-05
0.0006699069017619963,8.880176453410511e-05,-0.0005811051372278912,-8.880176453410511e-05
0.0006554964648714405,8.660383901216271e-05,-0.0005688926258592778,-8.660383901216271e-05
0.0006413889547510851,8.446029880207061e-05,-0.0005569286559490144,-8.446029880207061e-05
0.0006275781774448101,8.236978846970627e-05,-0.0005452083889751038,-8.236978846970627e-05
0.0006140580959405129,8.033100304601104e-05,-0.0005337270928945019,-8.033100304601104e-05
0.0006008228153235098,7.83426771354849e-05,-0.0005224801381880249,-7.83426771354849e-05
0.0005878665430812069,7.640357180134307e-05,-0.0005114629712798638,-7.640357180134307e-05
0.0005751835891031041,7.451247456551645e-05,-0.0005006711145375877,-7.451247456551645e-05
0.0005627683656807886,7.266819940865081e-05,-0.0004901001662721377,-7.266819940865081e-05
0.0005506153875079378,7.086958677010711e-05,-0.0004797458007378307,-7.086958677010711e-05
0.0005387192716803226,6.911550354796203e-05,-0.00046960376813236053,-6.911550354796203e-05
0.0005270747376958012,6.740484309900704e-05,-0.0004596698945967942,-6.740484309900704e-05
0.0005156766074543226,6.573652523874892e-05,-0.00044994008221557367,-6.573652523874892e-05
0.0005045198052579283,6.410949624141006e-05,-0.00044041030901651823,-6.410949624141006e-05
0.0004935993578107479,6.25227288399277e-05,-0.00043107662897082016,-6.25227288399277e-05
0.000482910393729804,6.097522210168422e-05,-0.0004219351716281198,-6.097522210168422e-05
0.0004724481182198286,5.946599667485321e-05,-0.0004129821215449754,-5.946599667485321e-05
0.0004622078717479948,5.799411256277731e-05,-0.0004042137591852175,-5.799411256277731e-05
0.0004521851030168398,5.6558657057796575e-05,-0.00039562644595904324,-5.6558657057796575e-05
0.000442375340463438,5.515873639655077e-05,-0.00038721660406688724,-5.515873639655077e-05
0.00043277419225939674,5.379347575997872e-05,-0.000378980716499418,-5.379347575997872e-05
0.0004233773463108594,5.246201927331871e-05,-0.0003709153270375407,-5.246201927331871e-05
0.00041418057025850377,5.1163530006108335e-05,-0.0003630170402523954,-5.1163530006108335e-05
0.00040517971147754466,4.98971899721848e-05,-0.00035528252150535984,-4.98971899721848e-05
0.0003963706970777301,4.8662200129684434e-05,-0.0003477084969480457,-4.8662200129684434e-05
0.0003877495339033433,4.745778038104291e-05,-0.0003402917535223004,-4.745778038104291e-05
0.0003793123085332045,4.628316957299558e-05,-0.0003330291389602089,-4.628316957299558e-05
0.0003710551872806672,4.513762549657687e-05,-0.0003259175617840903,-4.513762549657687e-05
0.00036297441619362,4.402042488712059e-05,-0.0003189539913064994,-4.402042488712059e-05
0.00035506631442670594,4.2930862753180276e-05,-0.0003121354516735257,-4.2930862753180276e-05
0.0003473272831454302,4.186825734796498e-05,-0.00030545902579746524,-4.186825734796498e-05
0.00033975382077700716,4.083194945401695e-05,-0.0002989218713229902,-4.083194945401695e-05
0.0003323424891536574,3.982129383259835e-05,-0.0002925211953210591,-3.982129383259835e-05
0.0003250899122527479,3.8835658981185704e-05,-0.00028625425327156214,-3.8835658981185704e-05
0.000317992776196794,3.787442713347016e-05,-0.0002801183490633238,-3.787442713347016e-05
0.0003110478292534585,3.69369942593574e-05,-0.0002741108349941011,-3.69369942593574e-05
0.00030425188183555365,3.602277006496789e-05,-0.00026822911177058577,-3.602277006496789e-05
0.00029760180650103814,3.5131177992636444e-05,-0.0002624706285084017,-3.5131177992636444e-05
0.0002910945379530186,3.426165522091248e-05,-0.00025683288273210613,-3.426165522091248e-05
0.00028472707303975103,3.3413652664560174e-05,-0.00025131342037519085,-3.3413652664560174e-05
0.00027849647075463784,3.258663497455809e-05,-0.00024590983578007974,-3.258663497455809e-05
0.00027239985223622955,3.178008053809938e-05,-0.00024061977169813017,-3.178008053809938e-05
-0.6,1.1,1.7000000000000002,-1.1
-0.5582627178455044,1.0727736836209711,1.6310364014664755,-1.0727736836209711
-0.5182239486362636,1.0462212495130814,1.564445198149345,-1.0462212495130814
-0.4798252122872281,1.02032602385232,1.5001512361395481,-1.02032602385232
-0.4430098370943669,0.9950717371596438,1.4380815742540107,-0.9950717371596438
-0.407722943064831,0.9704425212587495,1.3781654643235806,-0.9704425212587495
-0.3739114274016656,0.9464229061762297,1.3203343335778954,-0.9464229061762297
-0.34152390136250294,0.9229978087189139,1.2645217100814168,-0.9229978087189139
-0.310510574587459,0.900152511350182,1.210663085937641,-0.900152511350182
-0.2808232423927447,0.8778726597803613,1.158695902173106,-0.8778726597803613
-0.2524152727517741,0.8561442601421487,1.1085595328939228,-0.8561442601421487
-0.22524154185220197,0.8349536671225228,1.0601952089747249,-0.8349536671225228
-0.19925834243875729,0.8142875668978422,1.0135459093365995,-0.8142875668978422
-0.17442337324673593,0.7941329750520404,0.9685563482987763,-0.7941329750520404
-0.1506957251390437,0.7744772336253167,0.9251729587643605,-0.7744772336253167
-0.12803580698765293,0.7553079972137836,0.8833438042014365,-0.7553079972137836
-0.10640528684960107,0.7366132217789414,0.8430185086285424,-0.7366132217789414
-0.08576708279237938,0.7183811627135149,0.8041482455058944,-0.7183811627135149
-0.06608533950323127,0.7006003701834148,0.7666857096866461,-0.7006003701834148
-0.047325350147763,0.6832596741417567,0.7305850242895197,-0.6832596741417567
-0.029453534680631888,0.666348180066707,0.695801714747339,-0.666348180066707
-0.012437425040053789,0.6498552658509096,0.6622926908909633,-0.6498552658509096
0.003754389031056085,0.6337705712344115,0.6300161822033554,-0.6337705712344115
0.019152291766375007,0.6180839915017831,0.598931699735408,-0.6180839915017831
0.03378565919487589,0.6027856738318798,0.5690000146370039,-0.6027856738318798
0.04768290709487481,0.5878660077555241,0.5401831006606493,-0.5878660077555241
0.06087151223242518,0.573315620844012,0.5124441086115868,-0.573315620844012
0.07337803544107156,0.5591253739827707,0.48574733854169916,-0.5591253739827707
0.08522816629355573,0.5452863523551973,0.46005818606164156,-0.5452863523551973
0.0964467361020478,0.5317898627150845,0.43534312661303676,-0.5317898627150845
0.1070577431853383,0.5186274281623324,0.41156968497699414,-0.5186274281623324
0.11708439608384848,0.5057907793014834,0.38870638321763495,-0.5057907793014834
0.12654912380224714,0.4932718520324444,0.36672272823019725,-0.4932718520324444
0.13547359157353828,0.48106278419881543,0.34558919262527715,-0.48106278419881543
0.14387874911682996,0.46915590557321496,0.325277156456385,-0.46915590557321496
0.15178484264135167,0.45754373529960274,0.30575889265825107,-0.45754373529960274
0.15921142094935992,0.44621898045026664,0.28700755950090673,-0.44621898045026664
0.16617737429750226,0.43517452784255994,0.2689971535450577,-0.43517452784255994
0.1727009619766991,0.42440343818749726,0.25170247621079817,-0.42440343818749726
0.17879981856175642,0.4138989446243896,0.23509912606263317,-0.4138989446243896
0.18449096190314843,0.40365445091364993,0.2191634890105015,-0.40365445091364993
0.18979083971086633,0.39366352143351746,0.20387268172265113,-0.39366352143351746
0.1947153414589377,0.38391987858537474,0.18920453712643703,-0.38391987858537474
0.19927980375141827,0.37441740144991414,0.17513759769849588,-0.37441740144991414
0.20349902158495298,0.3651501232827023,0.16165110169774932,-0.3651501232827023
0.20738729157989752,0.35611222202606063,0.1487249304461631,-0.35611222202606063
0.2109584189448395,0.3472980187499354,0.13633959980509588,-0.3472980187499354
0.2142257225138738,0.3387019763438314,0.12447625382995761,-0.3387019763438314
0.21720204340501129,0.3303186975532044,0.11311665414819314,-0.3303186975532044
0.21989978595119358,0.32214291580111976,0.10224312984992617,-0.32214291580111976
0.22233092405047772,0.3141694937391065,0.0918385696886288,-0.3141694937391065
0.2245070064168533,0.3063934218853073,0.08188641546845402,-0.3063934218853073
0.2264391585854671,0.29880981809707485,0.07237065951160776,-0.29880981809707485
0.22813812142744821,0.2914139187634782,0.06327579733603,-0.2914139187634782
0.22961426118595302,0.28420107646723203,0.05458681528127901,-0.28420107646723203
0.23087757292651678,0.27716675908971394,0.04628918616319716,-0.27716675908971394
0.2319376807062298,0.270306549591546,0.03836886888531618,-0.270306549591546
0.2328038637643826,0.26361613994746586,0.030812276183083243,-0.26361613994746586
0.2334850771310953,0.2570913262419906,0.023606249110895317,-0.2570913262419906
0.23398995275955153,0.2507280083787771,0.01673805561922559,-0.2507280083787771
0.2343268027211312,0.24452218909633552,0.010195386375204313,-0.24452218909633552
0.23450362537132435,0.23846997252326801,0.003966347151943661,-0.23846997252326801
0.23452813673279385,0.23256755658756598,-0.001960580145227875,-0.23256755658756598
0.2344077741141945,0.226811232121906,-0.007596541992288514,-0.226811232121906
0.23414969905063274,0.22119738204819356,-0.012952317002439179,-0.22119738204819356
0.23376079637547,0.21572248142822273,-0.01803831494724728,-0.21572248142822273
0.23324769438010676,0.21038309257574705,-0.022864601804359702,-0.21038309257574705
0.23261678281950524,0.20517586052495745,-0.02744092229454778,-0.20517586052495745
0.23187421321878876,0.20009751294942993,-0.03177670026935883,-0.20009751294942993
0.23102590273299534,0.19514485900454756,-0.035881043728447776,-0.19514485900454756
0.23007753196757338,0.1903147898446137,-0.03976274212295969,-0.1903147898446137
0.22903457112712414,0.18560427199041882,-0.04343029913670532,-0.18560427199041882
0.22790228776425833,0.18101034530560106,-0.04689194245865727,-0.18101034530560106
0.22668574730089702,0.17653012284809996,-0.05015562445279706,-0.17653012284809996
0.225389815759017,0.17216078994253842,-0.05322902581647859,-0.17216078994253842
0.22401915995595148,0.16789960417247524,-0.056119555783476244,-0.16789960417247524
0.222578271562516,0.16374388904472217,-0.058834382517793826,-0.16374388904472217
0.22107147102875838,0.15969103292508902,-0.06138043810366936,-0.15969103292508902
0.21950290820659404,0.15573848885311725,-0.06376441935347679,-0.15573848885311725
0.21787656437777642,0.15188377377515563,-0.06599279060262078,-0.15188377377515563
0.2161962529658063,0.1481244684225836,-0.06807178454322271,-0.1481244684225836
0.21446564077005473,0.14445821152123356,-0.07000742924882117,-0.14445821152123356
0.2126882508501888,0.14088269897994668,-0.07180555187024212,-0.14088269897994668
0.21086746293611594,0.13739568376418496,-0.07347177917193098,-0.13739568376418496
0.20900651556190925,0.13399497508842834,-0.07501154047348091,-0.13399497508842834
0.20710850502681744,0.13067843876558688,-0.07643006626123056,-0.13067843876558688
0.20517640447633656,0.1274439918349912,-0.07773241264134537,-0.1274439918349912
0.20321306718932325,0.12428960160419583,-0.07892346558512742,-0.12428960160419583
0.20122122666267833,0.12121328562212766,-0.08000794104055067,-0.12121328562212766
0.19920349908780874,0.11821311078412639,-0.08099038830368235,-0.11821311078412639
0.19716238019791893,0.11528719423945138,-0.08187518595846754,-0.11528719423945138
0.19510026124853236,0.1124336987764966,-0.08266656247203576,-0.1124336987764966
0.19301943423621648,0.10965083124834814,-0.08336860298786834,-0.10965083124834814
0.1909220918985824,0.10693684257278392,-0.08398524932579847,-0.10693684257278392
0.18881032933590747,0.104290027149103,-0.08452030218680447,-0.104290027149103
0.18668614201257883,0.1017087233161551,-0.08497741869642372,-0.1017087233161551
0.18455143437883545,0.09919131087520634,-0.0853601235036291,-0.09919131087520634
0.18240802922027696,0.0967362081752627,-0.08567182104501427,-0.0967362081752627
0.18025766774061308,0.09434187208619739,-0.08591579565441569,-0.09434187208619739
0.17810201007769436,0.09200679781309895,-0.0860952122645954,-0.09200679781309895
0.17594263595069395,0.08972951848428955,-0.08621311746640441,-0.08972951848428955
0.17378104481961726,0.08750860521651442,-0.08627243960310284,-0.08750860521651442
0.17161866827667496,0.08534266316191935,-0.08627600511475561,-0.08534266316191935
0.16945687139961965,0.0832303310575526,-0.08622654034206705,-0.0832303310575526
0.16729695275174558,0.08117028122536464,-0.08612667152638094,-0.08117028122536464
0.16514014582255795,0.07916121898279074,-0.08597892683976721,-0.07916121898279074
0.16298761666650263,0.0772018833287695,-0.08578573333773314,-0.0772018833287695
0.1608404717263706,0.07529104447642498,-0.0855494272499456,-0.07529104447642498
0.1586997636855134,0.07342750184663198,-0.08527226183888141,-0.07342750184663198
0.15656649147367901,0.07161008406591125,-0.08495640740776776,-0.07161008406591125
0.1544416005076094,0.06983764887095097,-0.08460395163665844,-0.06983764887095097
0.1523259835313005,0.06810908262618799,-0.08421690090511251,-0.06810908262618799
0.15022047925256557,0.06642330088526342,-0.08379717836730215,-0.06642330088526342
0.14812588178986125,0.06477924511089066,-0.08334663667897059,-0.06477924511089066
0.1460429422447257,0.06317588209918513,-0.08286706014554056,-0.06317588209918513
0.1439723687017783,0.06161220397966427,-0.08236016472211402,-0.06161220397966427
0.1419148268034139,0.06008722796148617,-0.08182759884192775,-0.06008722796148617
0.13987093920034388,0.0585999963551971,-0.08127094284514677,-0.0585999963551971
0.13784128723032707,0.05714957611271769,-0.08069171111760938,-0.05714957611271769
0.13582641784842037,0.05573505623969932,-0.08009136160872105,-0.05573505623969932
0.13382684396542746,0.05435554766228622,-0.07947129630314123,-0.05435554766228622
0.13184304444789907,0.05301018322711555,-0.07883286122078352,-0.05301018322711555
0.12987546484498985,0.051698117343035095,-0.07817734750195476,-0.051698117343035095
0.12792451606179273,0.05041852636647286,-0.07750598969531987,-0.05041852636647286
0.12599057778345385,0.04917060742824094,-0.0768199703552129,-0.04917060742824094
0.12407400304565254,0.047953576602521,-0.07612042644313154,-0.047953576602521
0.12217511828563024,0.046766668885165126,-0.07540844940046512,-0.046766668885165126
0.12029422334219066,0.045609138193695865,-0.07468508514849478,-0.045609138193695865
0.11843159216550926,0.04448025697840974,-0.07395133518709952,-0.04448025697840974
0.11658747129528428,0.04337931676280714,-0.07320815453247714,-0.04337931676280714
0.11476208362212337,0.042305626731234586,-0.07245645689088878,-0.042305626731234586
0.11295563156590162,0.04125851236492238,-0.07169711920097924,-0.04125851236492238
0.11116829708117044,0.04023731543949842,-0.07093098164167203,-0.04023731543949842
0.10940024165715737,0.039241394024987976,-0.0701588476321694,-0.039241394024987976
0.10765160690499681,0.0382701221321346,-0.06938148477286221,-0.0382701221321346
0.10592251320286865,0.03732289022818965,-0.068599622974679,-0.03732289022818965
0.10421306286036078,0.036399103981308654,-0.06781395887905212,-0.036399103981308654
0.10252334273031319,0.03549818306039001,-0.06702515966992317,-0.03549818306039001
0.10085342421227816,0.03461956113336003,-0.06623386307891813,-0.03461956113336003
0.09920336325252022,0.03376268586717294,-0.06544067738534728,-0.03376268586717294
0.0975732007614034,0.032927018656196794,-0.0646461821052066,-0.032927018656196794
0.09596296163500684,0.0321120349746423,-0.06385092666036454,-0.0321120349746423
0.09437265679834687,0.03131722356402542,-0.06305543323432145,-0.03131722356402542
0.09280228576251182,0.030542085176251305,-0.062260200586260514,-0.030542085176251305
0.09125183664625493,0.02978613256212643,-0.0614657040841285,-0.02978613256212643
0.08972128617599441,0.029048890471358675,-0.060672395704635736,-0.029048890471358675
0.08821059992600308,0.028329895487130816,-0.059880704438872265,-0.028329895487130816
0.08671973183585445,0.027628696122658548,-0.059091035713195905,-0.027628696122658548
0.08524862492209902,0.026944852615396014,-0.058303772306703,-0.026944852615396014
0.08379721396326853,0.026277935522974624,-0.057519278440293906,-0.026277935522974624
0.08236542560499266,0.025627525663394858,-0.0567378999415978,-0.025627525663394858
0.08095317835999898,0.024993214115026297,-0.05595996424497268,-0.024993214115026297
0.07956038269307243,0.02437460215570838,-0.05518578053736405,-0.02437460215570838
0.0781869410395023,0.023771301090763933,-0.05441563994873837,-0.023771301090763933
0.076832747344921,0.023182932617323876,-0.053649814727597125,-0.023182932617323876
0.07549768966099411,0.022609127397918805,-0.05288856226307531,-0.022609127397918805
0.07418165049493942,0.02204952484784091,-0.052132125647098515,-0.02204952484784091
0.07288450680952678,0.02150377313514391,-0.05138073367438287,-0.02150377313514391
0.07160613002395526,0.02097152917999172,-0.05063460084396354,-0.02097152917999172
0.07034638625639858,0.020452458397175795,-0.04989392785922278,-0.020452458397175795
0.06910513550782366,0.019946235164852392,-0.04915890034297127,-0.019946235164852392
0.06788223335007844,0.01945254190786566,-0.04842969144221278,-0.01945254190786566
0.06667753184110306,0.018971068499369477,-0.04770646334173358,-0.018971068499369477
0.06549087952492949,0.01850151226082733,-0.04698936726410216,-0.01850151226082733
0.06432212143168194,0.018043577962012478,-0.04627854346966946,-0.018043577962012478
0.06317109916409938,0.017596977734083637,-0.04557412143001574,-0.017596977734083637
0.062037650685364674,0.017161431056043484,-0.04487621962932119,-0.017161431056043484
0.06092161038166064,0.016736664860740633,-0.044184945520920005,-0.016736664860740633
0.059822810591133084,0.016322412483896147,-0.04350039810723694,-0.016322412483896147
0.05874108170785122,0.015918413583258136,-0.04282266812459309,-0.015918413583258136
0.05767625218180756,0.015524414138601705,-0.04215183804320585,-0.015524414138601705
0.05662814851891814,0.01514016645172855,-0.041487982067189594,-0.01514016645172855
0.055596595401249706,0.014765428952484269,-0.04083116644876544,-0.014765428952484269
0.05458141515663411,0.014399966558290333,-0.04018144859834378,-0.014399966558290333
0.05358242873971325,0.014043550055429656,-0.039538878684283595,-0.014043550055429656
0.05259945635315771,0.013695955581747861,-0.038903500771409846,-0.013695955581747861
0.0516323174476665,0.013356964626653185,-0.03827535282101331,-0.013356964626653185
0.05068083072196732,0.013026364031116554,-0.03765446669085077,-0.013026364031116554
0.04974481414103224,0.012703945963254332,-0.03704086817777791,-0.012703945963254332
0.04882408491512021,0.012389507775056237,-0.03643457714006398,-0.012389507775056237
0.047918459204507234,0.012082852354003453,-0.035835606850503784,-0.012082852354003453
0.04702775312242183,0.011783787286659953,-0.03524396583576188,-0.011783787286659953
0.046151782914867615,0.011492124676622011,-0.0346596582382456,-0.011492124676622011
0.04529036496062324,0.011207681144518178,-0.03408268381610506,-0.011207681144518178
0.044443315771242255,0.010930277828009252,-0.033513037943233,-0.010930277828009252
0.04361045201671121,0.010659740329521218,-0.03295071168718999,-0.010659740329521218
0.04279159038551259,0.010395898683697311,-0.03239569170181528,-0.010395898683697311
0.041986547574471525,0.010138587530051391,-0.031847960044420136,-0.010138587530051391
0.041195140993653234,0.009887645381109075,-0.03130749561254416,-0.009887645381109075
0.04041718882257898,0.009642914550230332,-0.030774274272348644,-0.009642914550230332
0.039652510010225996,0.009404241151609464,-0.030248268858616534,-0.009404241151609464
0.03890092427502767,0.009171475100275151,-0.02972944917475252,-0.009171475100275151
0.03816225212115952,0.008944470053228532,-0.02921778206793099,-0.008944470053228532
0.03743631467891006,0.008723083422932567,-0.02871323125597749,-0.008723083422932567
0.03672293378456141,0.008507176473690883,-0.028215757310870525,-0.008507176473690883
0.03602193245660852,0.008296613700865386,-0.027725318755743134,-0.008296613700865386
0.03533313492128623,0.00809126278727701,-0.02724187213400922,-0.00809126278727701
0.034656366612569045,0.007890994603205661,-0.026765372009363384,-0.007890994603205661
0.03399145417217137,0.007695683206390275,-0.026295770965781097,-0.007695683206390275
0.03333822545465038,0.0075052057984219935,-0.025833019656228386,-0.0075052057984219935
0.03269650939898876,0.007319442708768083,-0.025377066690220676,-0.007319442708768083
0.03206613607067364,0.007138277544795606,-0.024927858525878036,-0.007138277544795606
0.031446937002301875,0.006961596629950616,-0.02448534037235126,-0.006961596629950616
0.030838745215474743,0.006789288950974042,-0.024049456264500703,-0.006789288950974042
0.030241395220798085,0.006621246157901724,-0.023620149062896362,-0.006621246157901724
0.029654723017882228,0.006457362564064398,-0.02319736045381783,-0.006457362564064398
0.02907856609550858,0.006297535130103816,-0.022781030965404764,-0.006297535130103816
0.02851276334666711,0.006141663377447513,-0.0223710999692196,-0.006141663377447513
0.027957155036711378,0.00598964964363617,-0.02196750539307521,-0.00598964964363617
0.027411583049550527,0.005841398591767233,-0.021570184457783293,-0.005841398591767233
0.02687589091664342,0.005696817101377611,-0.02117907381526581,-0.005696817101377611
0.026349923816998546,0.005555814268443661,-0.020794109548554887,-0.005555814268443661
0.025833528577174174,0.005418301405381226,-0.02041522717179295,-0.005418301405381226
0.0253265536712782,0.005284192041045592,-0.02004236163023261,-0.005284192041045592
0.02482884917802228,0.005153401831030897,-0.019675447346991386,-0.005153401831030897
0.02434026669400341,0.005025848741030803,-0.019314417952972607,-0.005025848741030803
0.023860659491974807,0.004901452847168906,-0.018959206644805902,-0.004901452847168906
0.023389882556389373,0.004780136062418841,-0.01860974649397053,-0.004780136062418841
0.02292779258337856,0.004661822136270323,-0.01826597044710824,-0.004661822136270323
0.022474247980752333,0.00454643665472913,-0.017927811326023203,-0.00454643665472913
0.02202910886799925,0.004433907040317136,-0.017595201827682115,-0.004433907040317136
0.021592237068586023,0.004324162533531833,-0.01726807453505419,-0.004324162533531833
0.021163496009453865,0.0042171341431367585,-0.01694636186631711,-0.0042171341431367585
0.02074275079372404,0.0041127548409181066,-0.016629995952805933,-0.0041127548409181066
0.02032986823796564,0.00401095917816594,-0.0163189090597997,-0.00401095917816594
0.019924716863399947,0.003911683220670989,-0.016013033642728956,-0.003911683220670989
0.019527166895900352,0.0038148645487246433,-0.01571230234717571,-0.0038148645487246433
0.019137090265992352,0.003720442257118939,-0.015416648008873414,-0.003720442257118939
0.018754360608853625,0.0036283569551465856,-0.015126003653707039,-0.0036283569551465856
0.01837885323553805,0.0035385507276715186,-0.014840302507866533,-0.0035385507276715186
0.0180104450536296,0.0034509671698365212,-0.01455947788379308,-0.0034509671698365212
0.017649014682243377,0.003365551449024173,-0.014283463233219204,-0.003365551449024173
0.01729444239254908,0.0032822499918655937,-0.014012192400683486,-0.0032822499918655937
0.016946610101236253,0.0032010104675505554,-0.013745599633685698,-0.0032010104675505554
0.016605401370514226,0.0031217817878274714,-0.013483619582686755,-0.0031217817878274714
0.016270701408112095,0.0030445141070033887,-0.013226187301108706,-0.0030445141070033887
0.015942397067278787,0.0029691588219440037,-0.012973238245334784,-0.0029691588219440037
0.015620376808636396,0.0028956685332921267,-0.01272470827534427,-0.0028956685332921267
0.01530453064531546,0.0028239970934563264,-0.012480533551859133,-0.0028239970934563264
0.014994750254682034,0.00275409964290985,-0.012240650611772184,-0.00275409964290985
0.01469092887044987,0.0026859323466257995,-0.012004996523824071,-0.0026859323466257995
0.01439296127616322,0.002619452383468896,-0.011773508892694323,-0.002619452383468896
0.01410074380519679,0.002554617946195468,-0.011546125859001322,-0.002554617946195468
0.013814174340755724,0.002491388241453445,-0.01132278609930228,-0.002491388241453445
0.013533152315875674,0.0024297234897823782,-0.011103428826093296,-0.0024297234897823782
0.013257578689530048,0.0023695849044141335,-0.010887993785115915,-0.0023695849044141335
0.012987355868694043,0.0023109346873815126,-0.01067642118131253,-0.0023109346873815126
0.012722387851676873,0.00225373614067478,-0.010468651711002093,-0.00225373614067478
0.012462580087086709,0.0021979534141944863,-0.010264626672892222,-0.0021979534141944863
0.012207839453759148,0.0021435514804327444,-0.010064287973326404,-0.0021435514804327444
0.011958074260757188,0.002090496134473224,-0.009867578126283964,-0.002090496134473224
0.011713194247371196,0.002038753993991145,-0.00967444025338005,-0.002038753993991145
0.011473110583118975,0.0019882924992532906,-0.009484818083865684,-0.0019882924992532906
0.011237735866076973,0.0019390799117207898,-0.009298655954356184,-0.0019390799117207898
0.011006984023371203,0.0018910852588229264,-0.009115898764548276,-0.0018910852588229264
0.010780770442809132,0.0018442784846629788,-0.008936491958146152,-0.0018442784846629788
0.010559011894071563,0.00179863028732387,-0.008760381606747693,-0.00179863028732387
0.010341626443764873,0.0017541120283895855,-0.008587514415375287,-0.0017541120283895855
0.010128533455420977,0.0017106957329451678,-0.00841783772247581,-0.0017106957329451678
0.00991965358949731,0.0016683540895767123,-0.008251299499920598,-0.0016683540895767123
0.009714908803376878,0.001627060450371378,-0.0080878483530055,-0.001627060450371378
0.009514222351368203,0.001586788830917375,-0.007927433520450828,-0.001586788830917375
0.00931751876217393,0.0015475138961964265,-0.007770004865977504,-0.0015475138961964265
0.009124723768880204,0.0015092109525699667,-0.007615512816310237,-0.0015092109525699667
0.008935764473283241,0.0014718560474184141,-0.007463908425864827,-0.0014718560474184141
0.008750569162939887,0.0014354257824510748,-0.007315143380488812,-0.0014354257824510748
0.00856906728347676,0.00139989729145833,-0.0071691699920184305,-0.00139989729145833
0.008391189438590227,0.0013652482403116323,-0.007025941198278595,-0.0013652482403116323
0.008216867390046435,0.0013314568269635141,-0.006885410563082921,-0.0013314568269635141
0.008046034057681308,0.0012985017814475834,-0.006747532276233725,-0.0012985017814475834
0.007878623519400515,0.0012663623658785198,-0.006612261153521995,-0.0012663623658785198
0.007714570976045532,0.0012350183562613497,-0.006479552619784183,-0.0012350183562613497
0.007553812721910049,0.0012044500596569546,-0.006349362662253094,-0.0012044500596569546
0.007396286277488015,0.0011746383681278442,-0.006221647909360171,-0.0011746383681278442
0.00724193019763562,0.0011455646074817923,-0.006096365590153828,-0.0011455646074817923
0.007090684057193129,0.0011172105278220645,-0.005973473529371064,-0.0011172105278220645
0.006942488450984915,0.0010895583035474264,-0.0058529301474374885,-0.0010895583035474264
0.006797284993819425,0.001062590533352135,-0.0057346944604672895,-0.001062590533352135
0.006655016320489208,0.0010362902402259453,-0.005618726080263262,-0.0010362902402259453
0.006515626085770905,0.0010106408714541078,-0.005504985214316797,-0.0010106408714541078
0.00637905893873069,0.0009856262866688222,-0.005393432652061868,-0.0009856262866688222
0.00624526047871709,0.0009612307602187455,-0.005284029718498345,-0.0009612307602187455
0.006114177406874141,0.0009374390468745641,-0.005176738359999577,-0.0009374390468745641
0.005985757333664428,0.0009142362505076373,-0.005071521083156791,-0.0009142362505076373
0.005859948756898668,0.0008916078115167155,-0.004968340945381952,-0.0008916078115167155
0.005736701061735694,0.000869539506827937,-0.004867161554907757,-0.000869539506827937
0.0056159645206824435,0.0008480174498948273,-0.004767947070787616,-0.0008480174498948273
0.005497690293593987,0.0008270280906983027,-0.0046706622028956845,-0.0008270280906983027
0.005381830427673498,0.0008065582157466655,-0.004575272211926832,-0.0008065582157466655
0.005268337851948773,0.0007865949456335366,-0.004481742906315237,-0.0007865949456335366
0.0051571662969803825,0.0007671257111396388,-0.0043900405858407435,-0.0007671257111396388
0.005048270464790952,0.000748138338481003,-0.0043001321263099485,-0.000748138338481003
0.004941605883754764,0.000729620952119049,-0.004211984931635715,-0.000729620952119049
0.004837128845607538,0.0007115619420524351,-0.004125566903555103,-0.0007115619420524351
0.004734796405446461,0.0006939499638170627,-0.004040846441629398,-0.0006939499638170627
0.0046345663817301645,0.0006767739384860745,-0.00395779244324409,-0.0006767739384860745
0.004536397356278727,0.0006600230526698523,-0.0038763743036088747,-0.0006600230526698523
0.004440248674273688,0.000643686758516021,-0.003796561915757667,-0.000643686758516021
0.004346080444258038,0.0006277547737094465,-0.0037183256705485912,-0.0006277547737094465
0.004253853498529947,0.0006122170675011571,-0.0036416364310287897,-0.0006122170675011571
0.004163529414936622,0.0005970638860002687,-0.0035664655289363535,-0.0005970638860002687
0.004075070590194691,0.0005822857660513022,-0.0034927848241433886,-0.0005822857660513022
0.003988440076546808,0.0005678734553571512,-0.003420566621189657,-0.0005678734553571512
0.003903601576184467,0.0005538179100768661,-0.0033497836661076008,-0.0005538179100768661
0.0038205194412479645,0.0005401102948256516,-0.003280409146422313,-0.0005401102948256516
0.003739158673826429,0.0005267419826748687,-0.00321241669115156,-0.0005267419826748687
0.003659484925957808,0.0005137045551520341,-0.003145780370805774,-0.0005137045551520341
0.003581464499628861,0.0005009898022408183,-0.003080474697388043,-0.0005009898022408183
0.003505064346577422,0.0004885897223078444,-0.0030164746242695778,-0.0004885897223078444
0.0034302520043566175,0.00047649650322127273,-0.0029537555011353448,-0.00047649650322127273
0.00335699571369761,0.0004647025755538305,-0.002892293138143779,-0.0004647025755538305
0.0032852643573781258,0.0004532005719825902,-0.0028320637853955356,-0.0004532005719825902
0.003215027366191052,0.00044198328797613964,-0.0027730440782149125,-0.00044198328797613964
0.003146254718944448,0.00043104368179458394,-0.0027152110371498643,-0.00043104368179458394
0.003078916942461542,0.00042037487448954474,-0.0026585420679719972,-0.00042037487448954474
0.003012985111580722,0.00040997014990415875,-0.002603014961676563,-0.00040997014990415875
0.002948430849155548,0.00039982295467308015,-0.0025486078944824677,-0.00039982295467308015
0.0028852263260547503,0.00038992689822247943,-0.0024952994278322708,-0.00038992689822247943
0.002823344259849647,0.00038027575233433666,-0.0024430685075153107,-0.00038027575233433666
0.0027627578544806154,0.00037086343551329305,-0.0023918944189673225,-0.00037086343551329305
0.0027034409284438623,0.00036168406214069144,-0.0023417568663031707,-0.00036168406214069144
0.002645367826949533,0.00035273189883707124,-0.0022926359281124618,-0.00035273189883707124
0.002588513352924986,0.00034400133864601897,-0.002244512014278967,-0.00034400133864601897
0.0025328527670148123,0.00033548690103417204,-0.0021973658659806402,-0.00033548690103417204
0.0024783617875808145,0.00032718323189121493,-0.0021511785556895995,-0.00032718323189121493
0.0024250165907020154,0.0003190851035298807,-0.002105931487172135,-0.0003190851035298807
0.00237279381017467,0.0003111874146859531,-0.002061606395488717,-0.0003111874146859531
0.002321670537512244,0.00030348519051826277,-0.0020181853469939813,-0.00030348519051826277
0.0022716243219453093,0.0002959735826086527,-0.0019756507393366564,-0.0002959735826086527
0.002222633122444206,0.0002886478566836538,-0.0019339852657605523,-0.0002886478566836538
0.0021746753966699747,0.0002815034265261724,-0.0018931719701438022,-0.0002815034265261724
0.0021277300686831533,0.00027453583364222547,-0.001853194235040928,-0.00027453583364222547
0.0020817764412526625,0.0002677407171181099,-0.0018140357241345525,-0.0002677407171181099
0.002036794195855813,0.00026111381362040374,-0.0017756803822354093,-0.00026111381362040374
0.0019927633926782873,0.00025465095739596354,-0.0017381124352823236,-0.00025465095739596354
0.0019496644706141503,0.0002483480802719257,-0.0017013163903422247,-0.0002483480802719257
0.0019074782472658556,0.0002422012116557076,-0.001665277035610148,-0.0002422012116557076
0.0018661859189442304,0.00023620647853500536,-0.001629979440409225,-0.00023620647853500536
0.0018257690606684825,0.00023036010547779478,-0.0015954089551906878,-0.00023036010547779478
0.001786209607946989,0.00022465840992373672,-0.0015615511980232523,-0.00022465840992373672
0.0017474898538499465,0.00021909780712101813,-0.0015283920467289284,-0.00021909780712101813
0.0017095925334721692,0.00021367483040986372,-0.0014959177030623055,-0.00021367483040986372
0.0016725007018927244,0.0002083860908131069,-0.0014641146110796175,-0.0002083860908131069
0.0016361977245224508,0.00020322827415842812,-0.0014329694503640226,-0.00020322827415842812
0.001600667277103965,0.00019819814107835607,-0.001402469136025609,-0.00019819814107835607
0.0015658933457116699,0.00019329252701026867,-0.0013726008187014012,-0.00019329252701026867
0.001531860226751739,0.00018850834219639095,-0.001343351884555348,-0.00018850834219639095
0.0014985525269621276,0.00018384257168379653,-0.001314709955278331,-0.00018384257168379653
0.001465955163412566,0.00017929227532440678,-0.001286662888088159,-0.00017929227532440678
0.0014340533635045706,0.0001748545877749924,-0.0012591987757295782,-0.0001748545877749924
0.0014028326299050883,0.0001705267106580938,-0.0012323059192469944,-0.0001705267106580938
0.0013722788051097712,0.00016630593377247192,-0.0012059728713372992,-0.00016630593377247192
0.001342378061810848,0.00016218962653299413,-0.001180188435277854,-0.00016218962653299413
0.001313116824569025,0.00015817521528958012,-0.0011549416092794449,-0.00015817521528958012
0.0012844817697033424,0.00015426018329804921,-0.001130221586405293,-0.00015426018329804921
0.001256459825291182,0.00015044207072012117,-0.001106017754571061,-0.00015044207072012117
0.001229038171168255,0.0001467184746234146,-0.0010823196965448402,-0.0001467184746234146
0.0012022042389286066,0.00014308704898144764,-0.001059117189947159,-0.00014308704898144764
0.0011759457119246235,0.00013954550467363893,-0.0010364002072509846,-0.00013954550467363893
0.0011502505252670215,0.00013609160948530586,-0.0010141589157817157,-0.00013609160948530586
0.0011251068658248529,0.0001327231881076658,-0.000992383677717187,-0.0001327231881076658
0.0011005031396613193,0.0001294381153960354,-0.0009710650242652839,-0.0001294381153960354
0.0010764280364913509,0.0001262343353260402,-0.0009501937011653107,-0.0001262343353260402
0.0010528705144198507,0.00012310985245088076,-0.0009297606619689699,-0.00012310985245088076
0.0010298197336485778,0.00012006271424377899,-0.0009097570194047988,-0.00012006271424377899
0.0010072650564584538,0.00011709101109365741,-0.0008901740453647964,-0.00011709101109365741
0.0009851960472095542,0.00011419287630513777,-0.0008710031709044165,-0.00011419287630513777
0.0009636024723411128,0.00011136648609854178,-0.000852235986242571,-0.00011136648609854178
0.0009424743003715262,0.00010861005960989159,-0.0008338642407616346,-0.00010861005960989159
0.0009218017018983448,0.0001059218588909087,-0.000815879843007436,-0.0001059218588909087
0.0009015750495982773,0.00010330018890901453,-0.0007982748606892628,-0.00010330018890901453
0.0008817849182271951,0.00010074339754733095,-0.0007810415206798641,-0.00010074339754733095
0.000862422070294236,9.824987265607269e-05,-0.0007641721976381632,-9.824987265607269e-05
0.0008434774618314658,9.581804629648047e-05,-0.0007476594155349853,-9.581804629648047e-05
0.0008249423000815177,9.344640571958027e-05,-0.0007314958943619375,-9.344640571958027e-05
0.000806807958121246,9.113347150654966e-05,-0.0007156744866146963,-9.113347150654966e-05
0.0007890659693922455,8.887779628816451e-05,-0.000700188173104081,-8.887779628816451e-05
0.0007717080277008563,8.667796474479944e-05,-0.0006850300629560569,-8.667796474479944e-05
0.0007547259872181553,8.453259360642688e-05,-0.0006701933936117284,-8.453259360642688e-05
0.000738111862479962,8.244033165261769e-05,-0.0006556715308273442,-8.244033165261769e-05
0.0007218578283868352,8.039985971254089e-05,-0.0006414579686742942,-8.039985971254089e-05
0.0007059562202040785,7.84098906649642e-05,-0.0006275463295391143,-7.84098906649642e-05
0.0006903995335617328,7.646916943825317e-05,-0.0006139303641234797,-7.646916943825317e-05
0.0006751804244545803,7.457647301037169e-05,-0.0006006039514442086,-7.457647301037169e-05
0.0006602916858579677,7.27306061600104e-05,-0.0005875610796979572,-7.27306061600104e-05
0.0006457262932381391,7.093041324359566e-05,-0.0005747958799945434,-7.093041324359566e-05
0.0006314774046406612,6.917477531810853e-05,-0.0005623026293225527,-6.917477531810853e-05
0.0006175383039689466,6.74625971454546e-05,-0.000550075706823492,-6.74625971454546e-05
0.0006039024008282067,6.579280715946601e-05,-0.0005381095936687406,-6.579280715946601e-05
0.0005905632305254552,6.41643574659019e-05,-0.0005263988730595532,-6.41643574659019e-05
0.0005775144540695113,6.257622384244862e-05,-0.0005149382302270626,-6.257622384244862e-05
0.0005647498581709933,6.1027405738719244e-05,-0.000503722452432274,-6.1027405738719244e-05
0.0005522633552423233,5.9516926276253816e-05,-0.0004927464289660694,-5.9516926276253816e-05
0.0005400489833977244,5.804383224851926e-05,-0.0004820051511492051,-5.804383224851926e-05
0.0005281009064532245,5.660719412090977e-05,-0.0004714937123323148,-5.660719412090977e-05
0.0005164134139266519,5.520610603074614e-05,-0.00046120730789590576,-5.520610603074614e-05
0.0005049809306409538,5.383968910309407e-05,-0.0004511412415378597,-5.383968910309407e-05
0.0004937980157911624,5.25070923642707e-05,-0.00044129092342689165,-5.25070923642707e-05
0.0004828593203139878,5.1207479135198964e-05,-0.00043165184117878886,-5.1207479135198964e-05
0.00047215960490333943,4.9940032853573906e-05,-0.0004222195720497655,-4.9940032853573906e-05
0.5,-1.0,-1.5,1.0
0.46318207079982193,-0.9752488033241474,-1.4384308741239693,0.9752488033241474
0.4278803988683979,-0.9511102270671332,-1.3789906259355311,0.9511102270671332
0.3940425075684717,-0.9275691128620187,-1.3216116204304904,0.9275691128620187
0.3616175490828108,-0.9046106702104233,-1.2662282192932341,0.9046106702104233
0.3305562894523923,-0.8822204737153267,-1.212776763167719,0.8822204737153267
0.30081109573979814,-0.860384460318893,-1.1611955560586913,0.860384460318893
0.2723358704255365,-0.8390889173433714,-1.1114247877689079,0.8390889173433714
0.2450859561440929,-0.8183204649340261,-1.0634064210781191,0.8183204649340261
0.21901812553836136,-0.7980660540878697,-1.017084179626231,0.7980660540878697
0.19409056862287244,-0.7783129639321081,-0.9724035325549806,0.7783129639321081
0.1702628221856362,-0.7590487886296066,-0.9293116108152428,0.7590487886296066
0.1474957010454956,-0.7402614244482669,-0.8877571254937625,0.7402614244482669
0.1257512893635452,-0.721939067978814,-0.8476903573423592,0.721939067978814
0.10499292362421128,-0.7040702126521513,-0.8090631362763626,0.7040702126521513
0.0851851151889079,-0.6866436340785058,-0.7718287492674137,0.6866436340785058
0.06629351461119096,-0.6696483831690812,-0.7359418977802721,0.6696483831690812
0.04828490304866406,-0.6530737842631771,-0.7013586873118411,0.6530737842631771
0.03112715445204587,-0.6369094277601124,-0.6680365822121582,0.6369094277601124
0.014789174582419747,-0.6211451582888763,-0.6359343328712961,0.6211451582888763
-0.0007591088882942833,-0.605771072660044,-0.6050119637717497,0.605771072660044
-0.015546773039330435,-0.5907775144854439,-0.5752307414461135,0.5907775144854439
-0.029601948434852077,-0.576155064593217,-0.5465531161583649,0.576155064593217
-0.04295183516283098,-0.5618945377420389,-0.5189427025792079,0.5618945377420389
-0.05562273439070884,-0.5479869762562805,-0.4923642418655716,0.5479869762562805
-0.0676400832369194,-0.5344236430116464,-0.46678355977472696,0.5344236430116464
-0.07902846687307145,-0.521196018898263,-0.4421675520251915,0.521196018898263
-0.08981165925479657,-0.508295794538892,-0.4184841352840954,0.508295794538892
-0.10001264719708128,-0.49571486535932374,-0.3957022181622425,0.49571486535932374
-0.10965363909240594,-0.4834453296812858,-0.37379169058887984,0.4834453296812858
-0.1187561062731701,-0.4714794802101508,-0.3527233739369807,0.4714794802101508
-0.12734080720802432,-0.4598097990222424,-0.3324689918142181,0.4598097990222424
-0.13542779337116145,-0.44842895620305595,-0.3130011628318945,0.44842895620305595
-0.1430364376471439,-0.43732980389262505,-0.29429336624548114,0.43732980389262505
-0.1501854706704977,-0.4265053686744151,-0.2763198980039174,0.4265053686744151
-0.15689298799977486,-0.415948849966639,-0.25905586196686414,0.415948849966639
-0.16317645655126056,-0.4056536185388185,-0.24247716198755792,0.4056536185388185
-0.16905275854872273,-0.3956132071812724,-0.22656044863254968,0.3956132071812724
-0.17453820734525918,-0.3858213073048787,-0.2112830999596195,0.3858213073048787
-0.17964855275947245,-0.3762717676358812,-0.19662321487640877,0.3762717676358812
-0.1843989924769781,-0.3669585917001206,-0.18255959922314247,0.3669585917001206
-0.18880421458567817,-0.3578759285957828,-0.16907171401010465,0.3578759285957828
-0.19287840499730888,-0.34901807134983404,-0.15613966635252516,0.34901807134983404
-0.1966352520734469,-0.3403794557198036,-0.1437442036463567,0.3403794557198036
-0.20008795896235096,-0.33195465745357045,-0.1318666984912195,0.33195465745357045
-0.2032492825554897,-0.3237383836506507,-0.120489101095161,0.3237383836506507
-0.20613153865518002,-0.31572547159023523,-0.1095939329350552,0.31572547159023523
-0.20874660663237404,-0.30791088750217743,-0.09916428086980339,0.30791088750217743
-0.2111059365991318,-0.3002897249256271,-0.08918378832649532,0.3002897249256271
-0.2132205873214007,-0.29285719612301153,-0.07963660880161083,0.29285719612301153
-0.21510123210759094,-0.28560863072314097,-0.07050739861555003,0.28560863072314097
-0.21675816364395714,-0.278539474463468,-0.061781310819510854,0.278539474463468
-0.21820129425991602,-0.27164528904112367,-0.05344399478120765,0.27164528904112367
-0.2194401902879279,-0.2649217441891598,-0.0454815539012319,0.2649217441891598
-0.22048408354699117,-0.2583646149733568,-0.037880531426365605,0.2583646149733568
-0.22134187376357853,-0.2519697811618597,-0.030627907398281168,0.2519697811618597
-0.22202212936136814,-0.2457332268396857,-0.023711097478317567,0.2457332268396857
-0.2225331059688386,-0.23965103610061794,-0.01711793013177934,0.23965103610061794
-0.22288276996947523,-0.23371938739360418,-0.010836617424128947,0.23371938739360418
-0.2230787994359631,-0.22793455328935308,-0.004855753853389988,0.22793455328935308
-0.22312858815497724,-0.2222928993216442,0.0008356888333330426,0.2222928993216442
-0.2230392457792585,-0.21679088392965334,0.006248361849605144,0.21679088392965334
-0.22281762764400012,-0.21142505119863345,0.011392576445366676,0.21142505119863345
-0.2224703414875591,-0.20619202918390303,0.016278312303656062,0.20619202918390303
-0.22200374898156403,-0.20108852948935832,0.020915219492205706,0.20108852948935832
-0.22142396674579,-0.19611134680197326,0.025312619943816755,0.19611134680197326
-0.22073687584953652,-0.1912573566029464,0.02947951924659012,0.1912573566029464
-0.2199481448641382,-0.18652350933054096,0.03342463553359723,0.18652350933054096
-0.2190632311688435,-0.1819068300410219,0.03715640112782159,0.1819068300410219
-0.2180873834482479,-0.17740441767880086,0.04068296576944705,0.17740441767880086
-0.21702564026330126,-0.17301344527950907,0.04401219498379219,0.17301344527950907
-0.2158828458377986,-0.16873115600133698,0.04715168983646162,0.16873115600133698
-0.21466366520130686,-0.16455485914040996,0.050108806060896904,0.16455485914040996
-0.21337258433578246,-0.16048193009105685,0.05289065424472561,0.16048193009105685
-0.21201391299804132,-0.1565098094758578,0.05550410352218352,0.1565098094758578
-0.21059178212699659,-0.15263600372252223,0.057955778404474356,0.15263600372252223
-0.2091101611164721,-0.1488580805510768,0.0602520805653953,0.1488580805510768
-0.20757286851463408,-0.1451736660529413,0.06239920246169278,0.1451736660529413
-0.2059835720287667,-0.14158044468957906,0.06440312733918763,0.14158044468957906
-0.20434579106763,-0.13807615847370877,0.06626963259392124,0.13807615847370877
-0.20266289402972523,-0.13465860760824336,0.06800428642148187,0.13465860760824336
-0.2009381134331516,-0.13132564641205505,0.06961246702109655,0.13132564641205505
-0.1991745555407038,-0.1280751805970621,0.07109937494364169,0.1280751805970621
-0.19737520036418668,-0.1249051672669621,0.07247003309722458,0.1249051672669621
-0.1955429035180024,-0.12181361430068924,0.07372928921731317,0.12181361430068924
-0.193680394324543,-0.11879858074228158,0.07488181358226143,0.11879858074228158
-0.19179028614541918,-0.11585817397624473,0.07593211216917445,0.11585817397624473
-0.1898750872891344,-0.11299054653550858,0.07688454075362583,0.11299054653550858
-0.1879372011135666,-0.11019389607032262,0.07774330504324398,0.11019389607032262
-0.18597892701978627,-0.10746646501114361,0.07851246200864266,0.10746646501114361
-0.18400246022024178,-0.10480654043978466,0.07919591978045712,0.10480654043978466
-0.18200989557016448,-0.10221245308623052,0.07979744248393396,0.10221245308623052
-0.18000324061041578,-0.09968257339712243,0.08032066721329335,0.09968257339712243
-0.17798441626587796,-0.09721531131733585,0.08076910494854211,0.09721531131733585
-0.17595525706569676,-0.09480911621442228,0.08114614085127447,0.09480911621442228
-0.17391751273559833,-0.09246247620168059,0.08145503653391774,0.09246247620168059
-0.17187284619539112,-0.09017391880820017,0.08169892738719095,0.09017391880820017
-0.1698228466872966,-0.08794200693240063,0.08188083975489598,0.08794200693240063
-0.16776903252004563,-0.08576533795786712,0.08200369456217851,0.08576533795786712
-0.16571285106887845,-0.08364254375335022,0.08207030731552824,0.08364254375335022
-0.1636556799822212,-0.08157229020466643,0.08208338977755476,0.08157229020466643
-0.16159882554728164,-0.079553277599462,0.08204554794781964,0.079553277599462
-0.1595435286897516,-0.07758423883134889,0.08195928985840271,0.07758423883134889
-0.15749097263645695,-0.07566393685557112,0.08182703578088583,0.07566393685557112
-0.15544228300953228,-0.07379116465629934,0.08165111835323294,0.07379116465629934
-0.1533985279914627,-0.07196474518373776,0.08143378280772494,0.07196474518373776
-0.15136071946946944,-0.07018353079091856,0.08117718867855088,0.07018353079091856
-0.14932981112351815,-0.06844640393768127,0.08088340718583688,0.06844640393768127
-0.1473067081924452,-0.0667522739068265,0.0805544342856187,0.0667522739068265
-0.14529226956558305,-0.06510007606250064,0.08019219350308242,0.06510007606250064
-0.14328730778276014,-0.06348877185019589,0.07979853593256425,0.06348877185019589
-0.14129258960351287,-0.061917348555262944,0.07937524104824993,0.061917348555262944
-0.1393088355744323,-0.06038481928007133,0.07892401629436097,0.06038481928007133
-0.1373367215837426,-0.058890222536376324,0.07844649904736628,0.058890222536376324
-0.13537688621275137,-0.05743261958363317,0.07794426662911821,0.05743261958363317
-0.13342993113443388,-0.05601109427719596,0.07741883685723792,0.05601109427719596
-0.13149642111343327,-0.05462475306831781,0.07687166804511546,0.05462475306831781
-0.12957688480880852,-0.053272724622444444,0.07630416018636407,0.053272724622444444
-0.12767181331674085,-0.05195416025072718,0.07571765306601366,0.05195416025072718
-0.1257816641071215,-0.050668232574235327,0.07511343153288616,0.050668232574235327
-0.12390686557140808,-0.049414133756727326,0.07449273181468075,0.049414133756727326
-0.12204781705787086,-0.048191075490141275,0.07385674156772959,0.048191075490141275
-0.1202048888720749,-0.046998288994379765,0.07320659987769512,0.046998288994379765
-0.11837842311271417,-0.045835024572306066,0.0725433985404081,0.045835024572306066
-0.11656873187422405,-0.04470055227596163,0.07186817959826242,0.04470055227596163
-0.1147761019315752,-0.043594160150110695,0.0711819417814645,0.043594160150110695
-0.1130007975216733,-0.04251515307574899,0.07048564444592431,0.04251515307574899
-0.11124306034335922,-0.0414628527701038,0.06978020757325543,0.0414628527701038
-0.10950310956371698,-0.04043659778359066,0.06906651178012632,0.04043659778359066
-0.1077811425242626,-0.039435743079336984,0.06834539944492563,0.039435743079336984
-0.10607733308460776,-0.03845966071283502,0.06761767237177274,0.03845966071283502
-0.1043918358767684,-0.03750773812305449,0.0668840977537139,0.03750773812305449
-0.10272478833402544,-0.03657937722973597,0.06614541110428948,0.03657937722973597
-0.10107631069092465,-0.03567399443339086,0.06540231625753379,0.03567399443339086
-0.09944650598416006,-0.03479102061484278,0.06465548536931728,0.03479102061484278
-0.09783546061583019,-0.033929900771074564,0.06390555984475563,0.033929900771074564
-0.09624324296155198,-0.033090094607313554,0.06315314835423844,0.033090094607313554
-0.09466990665938937,-0.03227107515309951,0.062398831506289866,0.03227107515309951
-0.09311549249532156,-0.03147232786329189,0.061643164632029665,0.03147232786329189
-0.09158002840324295,-0.03069335061806988,0.060886677785173066,0.03069335061806988
-0.09006352946496336,-0.029933653722932413,0.06012987574203095,0.029933653722932413
-0.08856599828807486,-0.029192759647828824,0.05937323864024604,0.029192759647828824
-0.08708742406412763,-0.028470203393896634,0.05861722067023099,0.028470203393896634
-0.0856277845108143,-0.02776553168603737,0.05786225282477694,0.02776553168603737
-0.08418704798935141,-0.02707830189172488,0.05710874609762653,0.02707830189172488
-0.08276517351583544,-0.02640808201469797,0.05635709150113747,0.02640808201469797
-0.08136211076124293,-0.025754450694960372,0.05560766006628256,0.025754450694960372
-0.0799778002485884,-0.025116997066574803,0.0548608031820136,0.025116997066574803
-0.07861217295403437,-0.024495320824004498,0.054116852130029876,0.024495320824004498
-0.07726515081318532,-0.023889032103015816,0.0533761187101695,0.023889032103015816
-0.07593664911167054,-0.023297750185157597,0.052638898926512946,0.023297750185157597
-0.07462657659139624,-0.02272110343483468,0.051905473156561556,0.02272110343483468
-0.07333483545054535,-0.022158729299307824,0.05117610615123753,0.022158729299307824
-0.07206132139469938,-0.02161027427073005,0.050451047123969334,0.02161027427073005
-0.07080592373183552,-0.02107539368172851,0.04973053005010701,0.02107539368172851
-0.06956852477096376,-0.020553752135970042,0.049014772634993715,0.020553752135970042
-0.06834900208491222,-0.020045022230422482,0.04830397985448974,0.020045022230422482
-0.06714722891526798,-0.01954888429920613,0.04759834461606184,0.01954888429920613
-0.06596307417237715,-0.01906502641359378,0.04689804775878337,0.01906502641359378
-0.06479640243534499,-0.01859314438201075,0.04620325805333424,0.01859314438201075
-0.06364707412979283,-0.01813294156018819,0.04551413256960464,0.01813294156018819
-0.06251494492851219,-0.017684129151383895,0.04483081577712829,0.017684129151383895
-0.0613998668106986,-0.017246425671293232,0.04415344113940537,0.017246425671293232
-0.06030168914413606,-0.016819556212944183,0.04348213293119188,0.016819556212944183
-0.05922025868963668,-0.01640325244329575,0.042817006246340925,0.01640325244329575
-0.05815541960104039,-0.015997252603237824,0.04215816699780257,0.015997252603237824
-0.05710701346236708,-0.015601301470187477,0.0415057119921796,0.015601301470187477
-0.05607487926928048,-0.015215150218628761,0.040859729050651716,0.015215150218628761
-0.05505885309240072,-0.01483855676020876,0.04022029633219196,0.01483855676020876
-0.05405876950250693,-0.014471284750441724,0.03958748475206521,0.014471284750441724
-0.053074461785768114,-0.014113103415399965,0.03896135837036815,0.014113103415399965
-0.05210576194374296,-0.013763787551713811,0.038341974392029146,0.013763787551713811
-0.05115250069338009,-0.013423117526571693,0.0377293831668084,0.013423117526571693
-0.050214507538925125,-0.013090879170390594,0.03712362836853453,0.013090879170390594
-0.04929161047001762,-0.01276686388996429,0.036524746580053336,0.01276686388996429
-0.048383636303285016,-0.012450868555279312,0.0359327677480057,0.012450868555279312
-0.04749041154153045,-0.012142694766203525,0.03534771677532692,0.012142694766203525
-0.04661176239686483,-0.01184214882944452,0.03476961356742031,0.01184214882944452
-0.04574751479070674,-0.011549041758549584,0.03419847303215716,0.011549041758549584
-0.04489749435378238,-0.011263189273905662,0.03363430507987672,0.011263189273905662
-0.044061526482187766,-0.010984411650844968,0.0330771148313428,0.010984411650844968
-0.04323943597494503,-0.010712534006867188,0.03252690196807784,0.010712534006867188
-0.04243104765268717,-0.010447385860647302,0.03198366179203987,0.010447385860647302
-0.04163618677287276,-0.010188800695820626,0.03144738607705213,0.010188800695820626
-0.04085467902986908,-0.009936615960874588,0.03091806306899449,0.009936615960874588
-0.04008635055495234,-0.009690673069148783,0.03039567748580356,0.009690673069148783
-0.039331027917489624,-0.009450817396709705,0.029880210520779917,0.009450817396709705
-0.03858853813836513,-0.00921689813105868,0.02937164000730645,0.00921689813105868
-0.037858708405255875,-0.008988768596746653,0.028869939808509222,0.008988768596746653
-0.03714136663951114,-0.008766285731955321,0.02837508090755582,0.008766285731955321
-0.03643634171289605,-0.00854930980362903,0.027887031909267022,0.00854930980362903
-0.03574346344759169,-0.00833770440747482,0.02740575904011687,0.00833770440747482
-0.03506256261619493,-0.008131336467962377,0.02693122614823255,0.008131336467962377
-0.03439347094223244,-0.007930076236964175,0.026463394705268265,0.007930076236964175
-0.03373602108909282,-0.007733797159417244,0.026002223929675577,0.007733797159417244
-0.03309004645098793,-0.00754237616651077,0.025547670284477162,0.00754237616651077
-0.032455381562585234,-0.007355693236653788,0.025099688325931447,0.007355693236653788
-0.0318318622520313,-0.007173631132900951,0.02465823111913035,0.007173631132900951
-0.031219325640951937,-0.006996075402952587,0.02422325023799935,0.006996075402952587
-0.03061761014445212,-0.006822914379154667,0.023794695765297455,0.006822914379154667
-0.03002655547111595,-0.006654039178498794,0.023372516292617156,0.006654039178498794
-0.02944600260724274,-0.006489343604927012,0.022956659002315728,0.006489343604927012
-0.028875793659379714,-0.006328724334926206,0.02254706932445351,0.006328724334926206
-0.028315772092640638,-0.0061720807066609745,0.022143691385979665,0.0061720807066609745
-0.02776578287425981,-0.006019314379755039,0.021746468494504772,0.006019314379755039
-0.027225672473866733,-0.00587032933413149,0.021355343139735243,0.00587032933413149
-0.026695288863486096,-0.005725031870012786,0.02097025699347331,0.005725031870012786
-0.02617448151753787,-0.0055833306079207745,0.020591150909617096,0.0055833306079207745
-0.025663101404452573,-0.005445136445892428,0.020217964958560146,0.005445136445892428
-0.02516100087061415,-0.005310362573224936,0.019850638297389214,0.005310362573224936
-0.02466803372848473,-0.005178924570576986,0.019489109157907743,0.005178924570576986
-0.024184055393899315,-0.005050739975003948,0.019133315418895368,0.005050739975003948
-0.023708922889897052,-0.004925728248629096,0.018783194641267955,0.004925728248629096
-0.02324249484672111,-0.004803810778643579,0.01843868406807753,0.004803810778643579
-0.02278463150181879,-0.004684910877306444,0.018099720624512348,0.004684910877306444
-0.02233519469956761,-0.004568953780607853,0.017766240918959758,0.004568953780607853
-0.021894047824455923,-0.00445586655284074,0.017438181271615182,0.00445586655284074
-0.021461055773842393,-0.004345578314127532,0.01711547745971486,0.004345578314127532
-0.021036085075379605,-0.0042380199487027405,0.016798065126676864,0.0042380199487027405
-0.02061900388938394,-0.004133123930471593,0.016485879958912347,0.004133123930471593
-0.02020968200883566,-0.004030824323010058,0.016178857685825603,0.004030824323010058
-0.019807990859378878,-0.0039310567795648324,0.015876934079814047,0.0039310567795648324
-0.019413803499321494,-0.003833758543053333,0.015580044956268161,0.003833758543053333
-0.01902699461052428,-0.00373886842862882,0.01528812618189546,0.00373886842862882
-0.018647440400739276,-0.0036463267800433572,0.015001113620695918,0.0036463267800433572
-0.018275018690814767,-0.003556075651409709,0.014718943039405057,0.003556075651409709
-0.017909608914450575,-0.0034680584607193745,0.0144415504537312,0.0034680584607193745
-0.01755109210445111,-0.0033822199320060176,0.014168872172445094,0.0033822199320060176
-0.017199350892725465,-0.003298506095345485,0.01390084479737998,0.003298506095345485
-0.016854269510287297,-0.0032168642868557872,0.01363740522343151,0.0032168642868557872
-0.016515733787254933,-0.0031372431486971137,0.01337849063855782,0.0031372431486971137
-0.01618363113476908,-0.0030595926059555304,0.013124038528813551,0.0030595926059555304
-0.015857850455636174,-0.0029838638545488755,0.012873986601087298,0.0029838638545488755
-0.01553828226433578,-0.002910009492836318,0.012628272771499461,0.002910009492836318
-0.015224818613961943,-0.0028379832194815554,0.012386835394480388,0.0028379832194815554
-0.014917353080775263,-0.0027677398003281145,0.012149613280447148,0.0027677398003281145
-0.014615780764202961,-0.002699235068399368,0.011916545695803592,0.002699235068399368
-0.014319998286838838,-0.002632425923898526,0.011687572362940312,0.002632425923898526
-0.014029903794443254,-0.0025672703342086295,0.011462633460234625,0.0025672703342086295
-0.013745396943651447,-0.0025037273210288913,0.011241669622622555,0.0025037273210288913
-0.01346637880698385,-0.002441756924588926,0.011024621882394925,0.002441756924588926
-0.013192752009807688,-0.00238132036028857,0.010811431649519119,0.00238132036028857
-0.012924420626875328,-0.0023223797575690815,0.010602040869306247,0.0023223797575690815
-0.012661290151363946,-0.002264898112872749,0.010396392038491197,0.002264898112872749
-0.01240326749487558,-0.0022088392896429014,0.01019442820523268,0.0022088392896429014
-0.012150260987437064,-0.0021541680183238964,0.009996092969113168,0.0021541680183238964
-0.011902180377500092,-0.0021008498963611313,0.00980133048113896,0.0021008498963611313
-0.011658936831733602,-0.002048851388004221,0.00961008544372938,0.002048851388004221
-0.011420442846392497,-0.0019981397676325226,0.009422303078759974,0.0019981397676325226
-0.01118661233897971,-0.0019486832610595922,0.009237929077920117,0.0019486832610595922
-0.010957360619237197,-0.0019004509120099163,0.00905690970722728,0.0019004509120099163
-0.010732604292807844,-0.0018534124644125345,0.008879191828395309,0.0018534124644125345
-0.010512261261235492,-0.001807538362401051,0.00870472289883444,0.001807538362401051
-0.010296250721964923,-0.0017627997503136292,0.008533450971651294,0.0017627997503136292
-0.010084493168341839,-0.0017191684726929857,0.008365324695648853,0.0017191684726929857
-0.009876910389612909,-0.0016766170742864039,0.008200293315326505,0.0016766170742864039
-0.009673425452047567,-0.001635118787162658,0.00803830666488491,0.001635118787162658
-0.009473962620925758,-0.0015946475154575584,0.0078793151054682,0.0015946475154575584
-0.00927844752393046,-0.001555177947785985,0.0077232695761444755,0.001555177947785985
-0.009086806983846868,-0.0015166853620856217,0.007570121621761246,0.0015166853620856217
-0.008898968987917664,-0.0014791455984318916,0.0074198233894857725,0.0014791455984318916
-0.008714862687842979,-0.001442535059037946,0.007272327628805033,0.001442535059037946
-0.008534418399780417,-0.0014068307082546728,0.007127587691525744,0.0014068307082546728
-0.008357567604345053,-0.0013720100725706937,0.006985557531774359,0.0013720100725706937
-0.00818424294660941,-0.00133805124061236,0.0068461917059970505,0.00133805124061236
-0.008014378200850642,-0.0013049328437574467,0.006709445357093196,0.0013049328437574467
-0.007847908239603813,-0.0012726340750052485,0.006575274164598565,0.0012726340750052485
-0.007684769163894972,-0.0012411347436622963,0.006443634420232676,0.0012411347436622963
-0.007524898119350494,-0.0012104151172833391,0.006314483002067155,0.0012104151172833391
-0.007368233282674438,-0.0011804559120980008,0.006187777370576437,0.0011804559120980008
-0.007214713861648539,-0.001151238293010777,0.006063475568637762,0.001151238293010777
-0.007064280095132243,-0.0011227438736010427,0.0059415362215312,0.0011227438736010427
-0.0069168732530626685,-0.001094954716123044,0.005821918536939624,0.001094954716123044
-0.006772435636454635,-0.0010678533315059055,0.005704582304948729,0.0010678533315059055
-0.006630910548162685,-0.0010414226651474338,0.005589487883015251,0.0010414226651474338
-0.006492242256256492,-0.0010156461054236783,0.0054765961508328135,0.0010156461054236783
-0.0063563761353304426,-0.0009905075439236705,0.005365868591406772,0.0009905075439236705
-0.0062232584787850495,-0.0009659912391317358,0.005257267239653314,0.0009659912391317358
-0.006092836481075894,-0.0009420818056535987,0.005150754675422296,0.0009420818056535987
-0.005965058237713609,-0.0009187642142163806,0.005046294023497228,0.0009187642142163806
-0.005839872745263863,-0.0008960237916685965,0.004943848953595267,0.0008960237916685965
-0.005717229901347392,-0.0008738462209801612,0.00484338368036723,0.0008738462209801612
-0.005597080504639983,-0.0008522175412423857,0.004744862963397598,0.0008522175412423857
-0.005479376246167198,-0.0008311241436781154,0.004648252102489083,0.0008311241436781154
-0.005364069632709323,-0.0008105527507063883,0.004553516882002935,0.0008105527507063883
-0.005251114158545722,-0.0007904905029277547,0.004460623655617967,0.0007904905029277547
-0.005140464146958102,-0.0007709248498679254,0.004369539297090177,0.0007709248498679254
-0.0050320746993751395,-0.0007518435222107538,0.004280231177164385,0.0007518435222107538
-0.00492590169537244,-0.0007332345317982302,0.00419266716357421,0.0007332345317982302
-0.004821901792672571,-0.0007150861716304867,0.004106815621042084,0.0007150861716304867
-0.0047200324271450475,-0.0006973870158657946,0.004022645411279253,0.0006973870158657946
-0.004620251812806321,-0.0006801259198205634,0.0039401258929857574,0.0006801259198205634
-0.004522518941819808,-0.0006632920199693445,0.003859226921850463,0.0006632920199693445
-0.00442679353541106,-0.0006468747163451887,0.0037799188190658717,0.0006468747163451887
-0.004333036092139033,-0.000630863710916434,0.0037021723812225987,0.000630863710916434
-0.004241207927102585,-0.0006152490033705661,0.003625958923732019,0.0006152490033705661
-0.0041512710224012,-0.0006000208152226264,0.003551250207178573,0.0006000208152226264
-0.004063188024889982,-0.000585169588814083,0.003478018436075899,0.000585169588814083
-0.003976922246179654,-0.000570685987312828,0.003406236258866826,0.000570685987312828
-0.0038924376626365406,-0.0005565608947131772,0.0033358767679233636,0.0005565608947131772
-0.0038096989153825925,-0.0005427854158358725,0.0032669134995467197,0.0005427854158358725
-0.0037286713102953734,-0.0005293508763280802,0.003199320433967293,0.0005293508763280802
-0.0036493208161190002,-0.0005162488219480234,0.0031330719941709767,0.0005162488219480234
-0.0035716139954566598,-0.0005034709988629007,0.003068142996593759,0.0005034709988629007
-0.0034955181464839677,-0.000491009416169018,0.0030045087303149495,0.000491009416169018
-0.003421001201680315,-0.0004788562867762346,0.0029421449149040807,0.0004788562867762346
-0.0033480316556898184,-0.0004670039961293295,0.002881027659560489,0.0004670039961293295
-0.003276578565321311,-0.00045544510220799973,0.0028211334631133116,0.00045544510220799973
-0.0032066115495483606,-0.0004441723355268635,0.002762439214021497,0.0004441723355268635
-0.00313810078950925,-0.00043317859913545695,0.0027049221903737933,0.00043317859913545695
-0.003071017028506995,-0.0004224569686182367,0.0026485600598887583,0.0004224569686182367
-0.003005331572009334,-0.00041200069209457917,0.002593330879914755,0.00041200069209457917
-0.0029410162829477658,-0.00040180318863459964,0.002539213094313166,0.00040180318863459964
-0.0028780435233346905,-0.0003918580345774322,0.0024861854887572583,0.0003918580345774322
-0.002816386296255702,-0.00038215901656015605,0.002434227279695546,0.00038215901656015605
-0.0027560181244819923,-0.0003727000741239253,0.002383318050358067,0.0003727000741239253
-0.0026969130015948254,-0.00036347528087301325,0.002333437720721812,0.00036347528087301325
-0.0026390453919855304,-0.0003544788444748112,0.002284566547510719,0.0003544788444748112
-0.002582390230855495,-0.00034570510665982775,0.002236685124195667,0.00034570510665982775
-0.0025269229242161793,-0.0003371485432216908,0.0021897743809944884,0.0003371485432216908
-0.0024726193488891005,-0.00032880376401714525,0.002143815584871955,0.00032880376401714525
-0.00241945585250585,-0.00032066551296605525,0.0020987903395397944,0.00032066551296605525
-0.002367409252091389,-0.00031272866760665883,0.0020546805844847303,0.00031272866760665883
-0.0023164567789813705,-0.0003049882256096309,0.0020114685533717397,0.0003049882256096309
-0.0022665762001662223,-0.00029743934839444446,0.001969136851771778,0.00029743934839444446
-0.0022177457346834227,-0.0002900773226339017,0.001927668412049521,0.0002900773226339017
-0.0021699439921091853,-0.0002828975385475696,0.0018870464535616156,0.0002828975385475696
-0.002123149972558437,-0.00027589548990177666,0.0018472544826566603,0.00027589548990177666
-0.0020773430666848336,-0.0002690667740096152,0.0018082762926752184,0.0002690667740096152
-0.002032503055680751,-0.00026240709173093994,0.001770095963949811,0.00026240709173093994
-0.0019886101112773,-0.00025591224747237046,0.0017326978638049296,0.00025591224747237046
-0.0019456447957443045,-0.00024957814918728793,0.0016960666465570167,0.00024957814918728793
-0.0019035880618903153,-0.0002434008083758367,0.0016601872535144785,0.0002434008083758367
-0.001862421223877392,-0.0002373763326037766,0.0016250448912736154,0.0002373763326037766
-0.001822125989136445,-0.0002315009413360478,0.0015906250478003971,0.0002315009413360478
-0.001782684499951522,-0.00022577097141916606,0.001556913528532356,0.00022577097141916606
-0.0017440792221326289,-0.00022018283996196261,0.0015238963821706663,0.00022018283996196261
-0.0017062929423122559,-0.00021473304351846958,0.0014915598987937863,0.00021473304351846958
-0.0016693087679453854,-0.00020941815808792118,0.0014598906098574642,0.00020941815808792118
-0.0016331101273094994,-0.00020423483911475492,0.0014288752881947446,0.00020423483911475492
-0.0015976807695045642,-0.0001991798214886093,0.0013985009480159548,0.0001991798214886093
-0.001563004764453038,-0.00019424991954432498,0.0013687548449087131,0.00019424991954432498
-0.0015290665028998788,-0.00018944202706194568,0.001339624475837933,0.00018944202706194568
-0.0014958506950297193,-0.0001847531168999659,0.0013110975781297535,0.0001847531168999659
-0.001463342327156475,-0.00018018023190940628,0.0012831620952470687,0.00018018023190940628
-0.0014315267653073863,-0.00017572051578198297,0.0012558062495254033,0.00017572051578198297
-0.0014003896843609491,-0.00017137118682930205,0.001229018497531647,0.00017137118682930205
-0.001369917020110649,-0.00016712952386147448,0.0012027874962491746,0.00016712952386147448
-0.0013400949692649567,-0.00016299286618711543,0.0011771021030778414,0.00016299286618711543
-0.0013109099894473353,-0.00015895861361334558,0.0011519513758339898,0.00015895861361334558
-0.0012823487991962292,-0.00015502422644578923,0.0011273245727504398,0.00015502422644578923
-0.00125439837796507,-0.00015118722548857521,0.0011032111524764947,0.00015118722548857521
-0.001227045966122282,-0.0001474451920443378,0.0010796007740779441,0.0001474451920443378
-0.0012002790649512705,-0.000143795767914215,0.0010564832970370555,0.000143795767914215
-0.0011740854342311693,-0.0001402366548099575,0.0010338487794212118,0.0001402366548099575
-0.0011484530555225844,-0.0001367656075826946,0.0010116874479398899,0.0001367656075826946
-0.001123370230809632,-0.00013338046052082978,0.0009899897702888023,0.00013338046052082978
-0.0010988255073682998,-0.00013007910312751948,0.0009687464042407803,0.00013007910312751948
-0.001074807642433449,-0.00012685947058846042,0.0009479481718449885,0.00012685947058846042
-0.0010513056031988056,-0.00012371954377188817,0.0009275860594269174,0.00012371954377188817
-0.001028308566816966,-0.00012065734922857807,0.000907651217588388,0.00012065734922857807
-0.001005805920399395,-0.00011767095919184482,0.0008881349612075501,0.00011767095919184482
-0.0009837872610164308,-0.00011475849157754332,0.0008690287694388875,0.00011475849157754332
-0.0009622423956972762,-0.00011191810998406741,0.0008503242857132088,0.00011191810998406741
-0.0009411613414300037,-0.00010914802369235048,0.0008320133177376532,0.00010914802369235048
-0.0009205343251615589,-0.00010644648766586605,0.0008140878374956928,0.00010644648766586605
-0.0009003517552999221,-0.00010381179689607347,0.0007965399584038487,0.00010381179689607347
-0.0008806042774686968,-0.00010124230221503176,0.000779361975253665,0.00010124230221503176
-0.0008612827669162276,-9.873640450550701e-05,0.0007625463624107206,9.873640450550701e-05
-0.000842378266011486,-9.629253883278718e-05,0.0007460857271786988,9.629253883278718e-05
-0.0008238819841789134,-9.390917442948867e-05,0.0007299728097494248,9.390917442948867e-05
-0.0008057852978984252,-9.158481469555689e-05,0.0007142004832028682,9.158481469555689e-05
-0.000788079750705402,-8.93179971982652e-05,0.0006987617535071369,8.93179971982652e-05
-0.0007707570531906949,-8.710729367221543e-05,0.0006836497595184794,8.710729367221543e-05
-0.0007538090830006278,-8.495131001933837e-05,0.0006688577729812894,8.495131001933837e-05
-0.0007372278848369911,-8.284868630889282e-05,0.0006543791985280983,8.284868630889282e-05
-0.0007210056704570451,-8.079809677746604e-05,0.000640207573679579,8.079809677746604e-05
-0.0007051348155857856,-7.879824918858391e-05,0.0006263365663972017,7.879824918858391e-05
-0.0006896078342907878,-7.68478810597101e-05,0.0006127599532310777,7.68478810597101e-05
-0.0006744174603130915,-7.494577780994575e-05,0.0005994716825031458,7.494577780994575e-05
-0.000659556581340672,-7.309075533741899e-05,0.0005864658260032531,7.309075533741899e-05
-0.0006450182163701246,-7.128165482130387e-05,0.0005737365615488207,7.128165482130387e-05
-0.0006307955157066588,-6.951734272181949e-05,0.0005612781729848393,6.951734272181949e-05
-0.0006168817609641013,-6.779671078023045e-05,0.0005490850501838709,6.779671078023045e-05
-0.0006032703650648994,-6.611867601884718e-05,0.0005371516890460522,6.611867601884718e-05
-0.000589954872240114,-6.448218074102524e-05,0.0005254726914990887,6.448218074102524e-05
-0.0005769289580294238,-6.288619253116563e-05,0.0005140427654982581,6.288619253116563e-05
-0.0005641864292811275,-6.132970425471525e-05,0.0005028567250264123,6.132970425471525e-05
-0.000551721224152138,-5.9811734058166046e-05,0.0004919094900939719,5.9811734058166046e-05
-0.0005395274117893532,-5.833132536409234e-05,0.00048119608642526086,5.833132536409234e-05
-0.0005275991908021222,-5.688754896327646e-05,0.0004707116418388457,5.688754896327646e-05
-0.0005159309059355157,-5.54795045905245e-05,0.00046045140134499116,5.54795045905245e-05
-0.0005045170166804606,-5.410631271226944e-05,0.0004504107039681912,5.410631271226944e-05
-0.0004933520881658716,-5.2767113194091454e-05,0.0004405849749717801,5.2767113194091454e-05
-0.00048243079115865324,-5.146106530071819e-05,0.0004309697258579351,5.146106530071819e-05
-0.00047174790206369626,-5.018734769602424e-05,0.000421560554367672,5.018734769602424e-05
-0.00046129830292387935,-4.894515844303146e-05,0.00041235314448084787,4.894515844303146e-05
-0.00045107698142007153,-4.773371500390918e-05,0.00040334326641616237,4.773371500390918e-05
-0.00044107903087112774,-4.65522542399737e-05,0.00039452677663115405,4.65522542399737e-05
-0.00043129965023389104,-4.540003241168857e-05,0.00038589961782220245,4.540003241168857e-05
1.0,0.9,-0.09999999999999998,-0.9
0.9972469015791363,0.877723922872934,-0.11952297870620232,-0.877723922872934
0.9940174875720053,0.8559992000249373,-0.1380182875470679,-0.8559992000249373
0.9903369843959007,0.83481219472308,-0.15552478967282068,-0.83481219472308
0.9862296951183147,0.8141495988864531,-0.1720800962318616,-0.8141495988864531
0.9817190226378225,0.7939984272133948,-0.18772059542442776,-0.7939984272133948
0.976827473009532,0.774346016216398,-0.202481456793134,-0.774346016216398
0.9715766634144897,0.7551800211046015,-0.2163966423098882,-0.7551800211046015
0.9659873388805736,0.7364884118336277,-0.22949892704694597,-0.7364884118336277
0.9600794721597272,0.7182594468710776,-0.24182002528864965,-0.7182594468710776
0.9538722747446244,0.7004816702044213,-0.2533906045402031,-0.7004816702044213
0.947384201723947,0.6831439098887548,-0.26424029183519215,-0.6831439098887548
0.9406329552787714,0.6662352761763656,-0.27439767910240587,-0.6662352761763656
0.9336355064934049,0.649745156092258,-0.28389035040114685,-0.649745156092258
0.9264081796965206,0.6336631904586297,-0.29274498923789083,-0.6336631904586297
0.9189666585092828,0.6179792721980514,-0.30098738631123145,-0.6179792721980514
0.9113259901362587,0.6026835449956943,-0.3086424451405644,-0.6026835449956943
0.9035005880887922,0.5877664016178722,-0.31573418647092,-0.5877664016178722
0.8955042489493841,0.5732184797237555,-0.32228576922562857,-0.5732184797237555
0.8873502279469063,0.5590306405526406,-0.3283195873942657,-0.5590306405526406
0.8790512445725508,0.5451939672885211,-0.3338572772840297,-0.5451939672885211
0.8706194851094288,0.5316997642461586,-0.33891972086327016,-0.5316997642461586
0.8620666081285913,0.5185395543795874,-0.34352705374900383,-0.5185395543795874
0.8534037471310754,0.5057050789110202,-0.34769866822005513,-0.5057050789110202
0.8446415820630768,0.4931882765167264,-0.3514533055463504,-0.4931882765167264
0.8357903479251381,0.4809812807310244,-0.35480906719411365,-0.4809812807310244
0.8268598353420802,0.46907641975845193,-0.35778341558362825,-0.46907641975845193
0.817859399509674,0.4574662130234914,-0.3603931864861826,-0.4574662130234914
0.8087979489774387,0.44614337460333964,-0.3626545743740991,-0.44614337460333964
0.799684008322165,0.4351007945215755,-0.3645832138005895,-0.4351007945215755
0.7905257352125136,0.42433153342596097,-0.3661942017865526,-0.42433153342596097
0.7813309204090151,0.41382882258844095,-0.36750209782057414,-0.41382882258844095
0.7721069940011045,0.40358606156593807,-0.3685209324351664,-0.40358606156593807
0.7628610172685368,0.393596820160725,-0.36926419710781183,-0.393596820160725
0.7535997161419482,0.3838548285151532,-0.369744887626795,-0.3838548285151532
0.7443295160305863,0.374353965885903,-0.3699755501446833,-0.374353965885903
0.735056542089066,0.36508826055420396,-0.36996828153486205,-0.36508826055420396
0.7257866209957542,0.35605188916178565,-0.36973473183396854,-0.35605188916178565
0.7165252837303236,0.3472391749580309,-0.36928610877229273,-0.3472391749580309
0.7072777648319207,0.3386445884993115,-0.3686331763326092,-0.3386445884993115
0.6980490495493287,0.3302627321161547,-0.36778631743317397,-0.3302627321161547
0.6888438794458571,0.3220883379814735,-0.3667555414643836,-0.3220883379814735
0.679666752399343,0.3141162681105665,-0.36555048428877657,-0.3141162681105665
0.6705219275559183,0.3063415122542406,-0.3641804153016777,-0.3063415122542406
0.6614134173398971,0.2987591901665951,-0.36265422717330204,-0.2987591901665951
0.6523450139657445,0.2913645430686154,-0.3609804708971291,-0.2913645430686154
0.6433203135703829,0.28415292508212714,-0.35916738848825575,-0.28415292508212714
0.6343427163060108,0.27711980319511104,-0.35722291311089976,-0.27711980319511104
0.6254154269781842,0.27026075699903085,-0.35515466997915335,-0.27026075699903085
0.6165414588198224,0.2635714765843213,-0.3529699822355011,-0.2635714765843213
0.6077236267668893,0.2570477652371951,-0.3506758615296942,-0.2570477652371951
0.5989645825552916,0.25068552686013534,-0.34827905569515627,-0.25068552686013534
0.5902668218927817,0.24448076324773274,-0.34578605864504897,-0.24448076324773274
0.5816326844589574,0.23842957408668528,-0.34320311037227214,-0.23842957408668528
0.5730643556977267,0.2325281561323937,-0.34053619956533304,-0.2325281561323937
0.56456386570733,0.22677280288359639,-0.3377910628237336,-0.22677280288359639
0.5561330931666665,0.221159903682502,-0.3349731894841645,-0.221159903682502
0.5477737922212881,0.21568593331200211,-0.33208785890928594,-0.21568593331200211
0.539487594229516,0.21034745128112853,-0.32914014294838745,-0.21034745128112853
0.5312760077624415,0.20514110182505338,-0.32613490593738814,-0.20514110182505338
0.5231404210079931,0.20006361266364167,-0.3230768083443514,-0.20006361266364167
0.5150820975705668,0.19511179612984578,-0.319970301440721,-0.19511179612984578
0.5071021875624219,0.19028254532079825,-0.3168196422416236,-0.19028254532079825
0.49920174545705887,0.1855728266556609,-0.313628918801398,-0.1855728266556609
0.491381730397913,0.18097967973869983,-0.31040205065921317,-0.18097967973869983
0.4836430061983538,0.17650021735928495,-0.30714278883906887,-0.17650021735928495
0.47598634379896454,0.17213162406297308,-0.30385471973599143,-0.17213162406297308
0.46841241599796085,0.1678711580556839,-0.30054125794227693,-0.1678711580556839
0.46092181099999074,0.16371614592619907,-0.29720566507379165,-0.16371614592619907
0.45351504416195554,0.15966397737433644,-0.2938510667876191,-0.15966397737433644
0.44619255802073976,0.15571210519756978,-0.29048045282317,-0.15571210519756978
0.4389547222932114,0.15185804529102914,-0.2870966770021823,-0.15185804529102914
0.43180183602969757,0.14809937524155892,-0.28370246078813866,-0.14809937524155892
0.42473412253729004,0.14443373642289023,-0.2803003861143998,-0.14443373642289023
0.41775174216242905,0.14085882859680704,-0.276892913565622,-0.14085882859680704
0.41085480073865205,0.13737240583006,-0.27348239490859205,-0.13737240583006
0.40404334958700533,0.13397227649415033,-0.270071073092855,-0.13397227649415033
0.39731738551604356,0.13065630326532973,-0.26666108225071383,-0.13065630326532973
0.39067685250759704,0.12742240189786502,-0.263254450609732,-0.12742240189786502
0.3841216374714199,0.12426854308118163,-0.2598530943902383,-0.12426854308118163
0.377651580515034,0.12119274784359885,-0.25645883267143516,-0.12119274784359885
0.3712664819943324,0.1181930838739668,-0.25307339812036556,-0.1181930838739668
0.36496610251479233,0.11526766552097337,-0.24969843699381897,-0.11526766552097337
0.35875016293147505,0.11241465379314405,-0.246335509138331,-0.11241465379314405
0.35261834553917165,0.10963225540440712,-0.24298609013476452,-0.10963225540440712
0.34657029093369995,0.10691872410737385,-0.2396515668263261,-0.10691872410737385
0.3406056050288013,0.10427235747798033,-0.23633324755082094,-0.10427235747798033
0.33472386575354507,0.101691493137084,-0.23303237261646106,-0.101691493137084
0.32892462307826037,0.0991745087343637,-0.22975011434389667,-0.0991745087343637
0.32320739901453605,0.09671982194831995,-0.22648757706621608,-0.09671982194831995
0.3175716883575572,0.09432588983936246,-0.22324579851819476,-0.09432588983936246
0.3120169567371557,0.09199120949977843,-0.22002574723737725,-0.09199120949977843
0.30654264429416755,0.0897143164941344,-0.21682832780003314,-0.0897143164941344
0.30114817239389746,0.08749378076933298,-0.21365439162456448,-0.08749378076933298
0.29583294376337055,0.08532820656209765,-0.21050473720127288,-0.08532820656209765
0.290596342491333,0.08321623239897283,-0.20738011009236015,-0.08321623239897283
0.285437734405042,0.08115653074403857,-0.20428120366100344,-0.08115653074403857
0.2803564662513518,0.07914780793855665,-0.20120865831279516,-0.07914780793855665
0.2753518664534622,0.07718880425164949,-0.19816306220181273,-0.07718880425164949
0.270423251656994,0.07527828959211733,-0.19514496206487666,-0.07527828959211733
0.26556992714841327,0.07341506320152756,-0.1921548639468857,-0.07341506320152756
0.2607911868550312,0.07159795365421455,-0.18919323320081666,-0.07159795365421455
0.25608631346190586,0.06982581874073161,-0.18626049472117423,-0.06982581874073161
0.2514545784645339,0.0680975448575572,-0.1833570336069767,-0.0680975448575572
0.24689524095421594,0.06641204819480381,-0.18048319275941213,-0.06641204819480381
0.24240755330879538,0.06476827077210075,-0.17763928253669464,-0.06476827077210075
0.23799076215205733,0.0631651796679483,-0.17482558248410904,-0.0631651796679483
0.23364410835372842,0.06160176701971769,-0.17204234133401075,-0.06160176701971769
0.22936682703085887,0.06007705002217562,-0.16928977700868325,-0.06007705002217562
0.2251581479048931,0.05859007024064088,-0.16656807766425222,-0.05859007024064088
0.22101729367150888,0.05713989481762709,-0.1638773988538818,-0.05713989481762709
0.2169434836704797,0.05572561391660761,-0.1612178697538721,-0.05572561391660761
0.21293593573004477,0.054346339081041334,-0.15858959664900343,-0.054346339081041334
0.20899386616690918,0.05300120323437275,-0.15599266293253644,-0.05300120323437275
0.20511648978624386,0.051689360680031916,-0.15342712910621195,-0.051689360680031916
0.20130302004696393,0.05040998679095566,-0.15089303325600828,-0.05040998679095566
0.19755266826379772,0.04916227822032005,-0.14839039004347768,-0.04916227822032005
0.19386464462622996,0.04794545254229874,-0.14591919208393123,-0.04794545254229874
0.19023816086124296,0.04675874565719812,-0.14347941520404484,-0.04675874565719812
0.1866724303263804,0.045601411683217706,-0.14107101864316268,-0.045601411683217706
0.18316666800974704,0.04447272295645002,-0.13869394505329702,-0.04447272295645002
0.17972009056052338,0.04337196997331923,-0.13634812058720414,-0.04337196997331923
0.1763319161764993,0.04229846093841458,-0.13403345523808471,-0.04229846093841458
0.1730013640012584,0.04125152270108742,-0.13174984130017098,-0.04125152270108742
0.16972765660690892,0.04023049821687524,-0.12949715839003367,-0.04023049821687524
0.16651002045684155,0.03923474594485796,-0.1272752745119836,-0.03923474594485796
0.16334768590572973,0.03826363984765792,-0.12508404605807183,-0.03826363984765792
0.16023988719952983,0.03731656939144,-0.12292331780808984,-0.03731656939144
0.15718586251729483,0.036392939222179094,-0.12079292329511573,-0.036392939222179094
0.1541848533029162,0.035492169610236476,-0.11869268369267973,-0.035492169610236476
0.1512361053483285,0.034613695656928706,-0.11662240969139978,-0.034613695656928706
0.148338869887214,0.03375696566121066,-0.11458190422600334,-0.03375696566121066
0.1454924036056625,0.0329214410983003,-0.1125709625073622,-0.0329214410983003
0.1426959686421708,0.032106596619678594,-0.1105893720224922,-0.032106596619678594
0.1399488325979266,0.0313119199968141,-0.1086369126011125,-0.0313119199968141
0.13725026830273723,0.030536911813932588,-0.10671335648880464,-0.030536911813932588
0.13459955365022414,0.029781086155014805,-0.10481846749520933,-0.029781086155014805
0.13199597282746722,0.029043968680768986,-0.10295200414669824,-0.029043968680768986
0.1294388164853061,0.028325096234879082,-0.10111372025042703,-0.028325096234879082
0.1269273817383401,0.027624016844004756,-0.09930336489433533,-0.027624016844004756
0.1244609721649283,0.026940289717781438,-0.09752068244714686,-0.026940289717781438
0.1220388977696412,0.02627348503408289,-0.09576541273555832,-0.02627348503408289
0.11966047458092124,0.025623184191006676,-0.09403729038991457,-0.025623184191006676
0.11732502519410583,0.024988979439880887,-0.09233604575422494,-0.024988979439880887
0.11503187924662457,0.0243704725421149,-0.09066140670450967,-0.0243704725421149
0.11278037342392391,0.02376727473653981,-0.0890130986873841,-0.02376727473653981
0.11056985145946706,0.02317900673940841,-0.08739084472005865,-0.02317900673940841
0.10839966413385468,0.02260529873485373,-0.08579436539900095,-0.02260529873485373
0.10626916908397745,0.022045790068103577,-0.08422337901587387,-0.022045790068103577
0.10417773068702395,0.021500129882029713,-0.08267760080499423,-0.021500129882029713
0.10212472056021257,0.020967975861257152,-0.08115674469895542,-0.020967975861257152
0.10010951762573876,0.02044899370983472,-0.07966052391590404,-0.02044899370983472
0.09813150811077483,0.019942857151234995,-0.07818865095953983,-0.019942857151234995
0.09619008554747004,0.01944924792835433,-0.07674083761911571,-0.01944924792835433
0.0942846507466479,0.0189678557341017,-0.07531679501254619,-0.0189678557341017
0.09241461151787601,0.018498378107098597,-0.07391623341077741,-0.018498378107098597
0.09057938287857195,0.018040520759757726,-0.07253886211881422,-0.018040520759757726
0.08877838717602822,0.017593996332187774,-0.07118439084384044,-0.017593996332187774
0.08701105407284297,0.01715852423868859,-0.06985252983415438,-0.01715852423868859
0.08527682054692007,0.016733830667751186,-0.06854298987916888,-0.016733830667751186
0.08357513089146895,0.016319648582057686,-0.06725548230941127,-0.016319648582057686
0.08190543663160126,0.015915717592732234,-0.06598971903886902,-0.015915717592732234
0.08026719631761342,0.015521784082247348,-0.06474541223536608,-0.015521784082247348
0.07865987578425597,0.015137601110915715,-0.06352227467334026,-0.015137601110915715
0.07708294802090097,0.014762927484937051,-0.06232002053596392,-0.014762927484937051
0.07553589316070211,0.014397527722186332,-0.06113836543851578,-0.014397527722186332
0.07401819848059506,0.014041172052213884,-0.059977026428381174,-0.014041172052213884
0.07252935840129732,0.013693636416245342,-0.05883572198505198,-0.013693636416245342
0.07106887434273794,0.01335470231124744,-0.0577141720314905,-0.01335470231124744
0.06963625466548211,0.013024157052091546,-0.05661209761339056,-0.013024157052091546
0.068231014800847,0.012701793408634084,-0.05552922139221292,-0.012701793408634084
0.06685267702463998,0.012387408961229206,-0.054465268063410774,-0.012387408961229206
0.06550077045475153,0.01208080609621188,-0.05341996435853965,-0.01208080609621188
0.06417483105115511,0.01178179200589786,-0.05239303904525725,-0.01178179200589786
0.06287440161590711,0.011490178688583645,-0.05138422292732347,-0.011490178688583645
0.061599031610293245,0.011205782790226508,-0.05039324882006674,-0.011205782790226508
0.060348277219185,0.010928425909691676,-0.04941985130949333,-0.010928425909691676
0.05912170133491587,0.010657934153174323,-0.04846376718174155,-0.010657934153174323
0.057918873301147325,0.010394137661942544,-0.047524735639204785,-0.010394137661942544
0.0567393689126916,0.010136870612096126,-0.04660249830059547,-0.010136870612096126
0.05558277041551204,0.009885971214566618,-0.04569679920094542,-0.009885971214566618
0.0544486665067227,0.009641281715117259,-0.04480738479160544,-0.009641281715117259
0.05333665215085951,0.009402648256785075,-0.04393400389407444,-0.009402648256785075
0.05224632868278725,0.00916992114860581,-0.043076407534181446,-0.00916992114860581
0.05117730373936348,0.00894295449369428,-0.0422343492456692,-0.00894295449369428
0.05012919096088193,0.008721605774535594,-0.04140758518634633,-0.008721605774535594
0.049101609990819604,0.008505735852708205,-0.0405958741381114,-0.008505735852708205
0.04809418647583669,0.008295208968883876,-0.03979897750695281,-0.008295208968883876
0.04710655206577675,0.008089892742827735,-0.03901665932294901,-0.008089892742827735
0.04613834426667989,0.007889658072979743,-0.03824868619370015,-0.007889658072979743
0.04518920648472531,0.007694379308478738,-0.037494827176246574,-0.007694379308478738
0.04425878804013053,0.007503934063607053,-0.03675485397652348,-0.007503934063607053
0.043346743780959714,0.00731820277925578,-0.03602854100170393,-0.00731820277925578
0.04245273407857305,0.0071370687186613465,-0.0353156653599117,-0.0071370687186613465
0.04157642482762665,0.006960417967405498,-0.03461600686022115,-0.006960417967405498
0.04071748744607243,0.006788139433415278,-0.03392934801265715,-0.006788139433415278
0.039875598790296285,0.006620124791975758,-0.033255473998320524,-0.006620124791975758
0.03905044106979538,0.006456268524915325,-0.032594172544880055,-0.006456268524915325
0.0382417020460596,0.006296467975838034,-0.03194523407022157,-0.006296467975838034
0.03744907454359021,0.006140622865572872,-0.03130845167801734,-0.006140622865572872
0.03667225641778515,0.005988635265452246,-0.0306836211523329,-0.005988635265452246
0.0359109505549392,0.005840409597312009,-0.030070540957627193,-0.005840409597312009
0.035164864872243955,0.005695852633491454,-0.0294690122387525,-0.005695852633491454
0.03443371229637789,0.005554873483386669,-0.028878838812991223,-0.005554873483386669
0.03371721055727911,0.005417383514027108,-0.028299827043252002,-0.005417383514027108
0.03301508253325388,0.005283296585999223,-0.02773178594725466,-0.005283296585999223
0.03232705577922168,0.005152528613790465,-0.027174527165431214,-0.005152528613790465
0.03165286239091136,0.005024997463373258,-0.026627864927538103,-0.005024997463373258
0.030992239004860932,0.004900622952204966,-0.026091616052655968,-0.004900622952204966
0.030344926798417736,0.0047793268492279245,-0.02556559994918981,-0.0047793268492279245
0.029710671489738393,0.004661032874869423,-0.02504963861486897,-0.004661032874869423
0.02908922320147927,0.004545666634514847,-0.024543556566964424,-0.004545666634514847
0.028480336559768695,0.004433155738708167,-0.024047180821060526,-0.004433155738708167
0.02788377067480203,0.0043234297036373655,-0.02356034097116466,-0.0043234297036373655
0.02729928872580208,0.0042164196633634856,-0.023082869062438595,-0.0042164196633634856
0.02672665795616976,0.004112058366861002,-0.022614599589308757,-0.004112058366861002
0.026165649673484025,0.004010280178017805,-0.022155369495466218,-0.004010280178017805
0.025616039249501996,0.003911021075635231,-0.021705018173866764,-0.003911021075635231
0.02507760610523165,0.0038142186458613152,-0.021263387459370335,-0.0038142186458613152
0.024550133521014896,0.0037198120152204537,-0.020830321505794443,-0.0037198120152204537
0.024033408985545113,0.003627742045896759,-0.020405666939648355,-0.003627742045896759
0.023527223749721795,0.003537951021558771,-0.019989272728163025,-0.003537951021558771
0.023031372673631062,0.0034503825577341593,-0.019580990115896903,-0.0034503825577341593
0.0225456542265458,0.0033649816018097444,-0.019180672624736057,-0.0033649816018097444
0.022069870486925512,0.003281694433031473,-0.01878817605389404,-0.003281694433031473
0.021603827142416432,0.00320046866250444,-0.018403358479911994,-0.00320046866250444
0.02114733343618393,0.003121253209846997,-0.01802608022633693,-0.003121253209846997
0.020700202081527324,0.0030439983003925446,-0.01765620378113478,-0.0030439983003925446
0.02026224951796636,0.002968655563779442,-0.01729359395418692,-0.002968655563779442
0.019833295418905574,0.0028951777508942106,-0.016938117668011364,-0.0028951777508942106
0.019413162639363865,0.0028235187072363287,-0.016589643932127536,-0.0028235187072363287
0.019001677215974445,0.002753633372918223,-0.016248043843056222,-0.002753633372918223
0.018598668366984802,0.0026854777826652624,-0.01591319058431954,-0.0026854777826652624
0.01820396849225679,0.0026190090658157724,-0.015584959426441017,-0.0026190090658157724
0.017817413097418914,0.0025541854169586647,-0.01526322768046025,-0.0025541854169586647
0.017438840792314475,0.0024909661278010565,-0.014947874664513418,-0.0024909661278010565
0.017068093441029483,0.0024293116214950243,-0.01463878181953446,-0.0024293116214950243
0.01670501571627769,0.0023691832283000733,-0.014335832487977616,-0.0023691832283000733
0.0163494550760361,0.0023105431749689087,-0.01403891190106719,-0.0023105431749689087
0.016001261763545035,0.0022533545847474496,-0.013747907178797586,-0.0022533545847474496
0.015660288807308066,0.0021975814773748134,-0.013462707329933252,-0.0021975814773748134
0.015326392021092065,0.0021431887690833294,-0.013183203252008736,-0.0021431887690833294
0.014999429934070291,0.0020901422476674856,-0.012909287686402806,-0.0020901422476674856
0.014679263793903784,0.0020384085998564703,-0.012640855194047314,-0.0020384085998564703
0.014365757712293847,0.001987955444814496,-0.012377802267479351,-0.001987955444814496
0.01405877824558773,0.0019387511426621012,-0.012120027102925628,-0.0019387511426621012
0.01375819437242359,0.0018907647852065633,-0.011867429587217027,-0.0018907647852065633
0.013463877493730462,0.0018439661959418932,-0.011619911297788568,-0.0018439661959418932
0.013175701432728218,0.0017983259300488313,-0.011377375502679386,-0.0017983259300488313
0.012893542434927636,0.0017538152743948564,-0.01113972716053278,-0.0017538152743948564
0.01261727912609628,0.0017104062332859282,-0.010906872892810351,-0.0017104062332859282
0.012346792453962257,0.0016680715267043788,-0.010678720927257879,-0.0016680715267043788
0.012081965913924084,0.0016267846615687735,-0.010455181252355311,-0.0016267846615687735
0.011822685139746252,0.0015865197572420492,-0.010236165382504204,-0.0015865197572420492
0.01156883785867773,0.001547251528211613,-0.010021586330466117,-0.001547251528211613
0.011320313891452024,0.001508955284089353,-0.00981135860736267,-0.001508955284089353
0.011077005152287113,0.0014716069296116258,-0.009605398222675487,-0.0014716069296116258
0.0108388056488855,0.0014351829646392672,-0.009403622684246233,-0.0014351829646392672
0.010605611472702135,0.0013996604809604699,-0.009205950991741665,-0.0013996604809604699
0.01037732067546821,0.0013650171313945535,-0.009012303544073657,-0.0013650171313945535
0.010153833548086818,0.001331231228690776,-0.008822602319396043,-0.001331231228690776
0.009935052296116919,0.0012982816102481954,-0.008636770685868723,-0.0012982816102481954
0.009720880923631135,0.001266147595854931,-0.008454733327776204,-0.001266147595854931
0.009511225233215726,0.0012348089876881587,-0.008276416245527567,-0.0012348089876881587
0.009305992825970567,0.001204246070314108,-0.00810174675565646,-0.001204246070314108
0.009105093101509198,0.0011744396106880693,-0.00793065349082113,-0.0011744396106880693
0.008908437257958797,0.0011453708581543902,-0.0077630663998044065,-0.0011453708581543902
0.008715938213744365,0.0011170215226620707,-0.0075989166910822945,-0.0011170215226620707
0.008527510703030023,0.0010893738181548644,-0.007438136884875159,-0.0010893738181548644
0.008343071278326111,0.0010624104460212527,-0.007280660832304858,-0.0010624104460212527
0.008162538032177393,0.0010361144985346516,-0.007126423533642742,-0.0010361144985346516
0.007985830593306514,0.0010104694576155164,-0.006975361135690998,-0.0010104694576155164
0.007812870126613941,0.000985459194831335,-0.006827410931782606,-0.000985459194831335
0.007643579333178018,0.0009610679713966333,-0.006682511361781385,-0.0009610679713966333
0.007477882450254938,0.0009372804381729735,-0.006540602012081965,-0.0009372804381729735
0.007315705241336266,0.0009140816328379387,-0.006401623608498327,-0.0009140816328379387
0.007156974901476673,0.0008914569595414275,-0.006265517941935245,-0.0008914569595414275
0.007001620294339218,0.0008693922606480763,-0.006132228033691142,-0.0008693922606480763
0.006849571675206556,0.0008478737193279638,-0.006001697955878592,-0.0008478737193279638
0.006700760604012486,0.0008268878323467946,-0.005873872771665691,-0.0008268878323467946
0.006555119945341936,0.0008064214100658967,-0.005748698535276039,-0.0008064214100658967
0.006412583868430994,0.0007864615764422267,-0.005626122291988767,-0.0007864615764422267
0.0062730878471668906,0.0007669957690283665,-0.005506092078138524,-0.0007669957690283665
0.006136568660087989,0.0007480117389725222,-0.005388556921115467,-0.0007480117389725222
0.006002964356848186,0.0007294975424185292,-0.005273466814429657,-0.0007294975424185292
0.005872214244492454,0.000711441545271153,-0.005160772699221301,-0.000711441545271153
0.005744259031631282,0.0006938324570902167,-0.005050426574541065,-0.0006938324570902167
0.005619040552132771,0.0006766592455892653,-0.004942381306543506,-0.0006766592455892653
0.005496501741573938,0.0006599111298963641,-0.004836590611677573,-0.0006599111298963641
0.0053765866372407385,0.0006435775805541023,-0.004733009056686636,-0.0006435775805541023
0.005259240378128066,0.000627648319519592,-0.004631592058608474,-0.000627648319519592
0.005144409204939727,0.0006121133201644654,-0.004532295884775261,-0.0006121133201644654
0.0050320404600884775,0.0005969628072748798,-0.004435077652813597,-0.0005969628072748798
0.004922082543400673,0.0005821872465727685,-0.004339895296827904,-0.0005821872465727685
0.004814484948586148,0.0005677773613826671,-0.004246707587203481,-0.0005677773613826671
0.004709198331842372,0.0005537241431511823,-0.0041554741886911896,-0.0005537241431511823
0.004606174282800856,0.0005400187863016897,-0.0040661554964991665,-0.0005400187863016897
0.004505365316014561,0.0005266526859747354,-0.003978712630039826,-0.0005266526859747354
0.004406724870957882,0.0005136174380280338,-0.003893107432929848,-0.0005136174380280338
0.004310207312026642,0.0005009048390364669,-0.0038093024729901753,-0.0005009048390364669
0.0042157679285381115,0.0004885068862920867,-0.0037272610422460248,-0.0004885068862920867
0.004123362934730994,0.00047641577780411425,-0.00364694715692688,-0.00047641577780411425
0.0040329494326525476,0.00046462390396549057,-0.003568325528687057,-0.00046462390396549057
0.003944485438158578,0.0004531238597471696,-0.0034913615784114087,-0.0004531238597471696
0.0038579299574484673,0.00044190845793377735,-0.00341602149951469,-0.00044190845793377735
0.0037732427778655563,0.0004309706731474459,-0.0033422721047181103,-0.0004309706731474459
0.0036903844585567556,0.0004203036395104389,-0.0032700808190463167,-0.0004203036395104389
0.003609316330472535,0.00040990065064515043,-0.0031994156798273846,-0.00040990065064515043
0.003530000496366947,0.0003997551596741073,-0.0031302453366928397,-0.0003997551596741073
0.0034523998307975975,0.00038986077921996667,-0.0030625390515776306,-0.00038986077921996667
0.003376477980125673,0.000380211281405518,-0.002996266698720155,-0.000380211281405518
0.003302199345269225,0.00037080059408058666,-0.0029313987511886386,-0.00037080059408058666
0.003229529053641019,0.00036162279858563954,-0.002867906255055379,-0.00036162279858563954
0.0031584330983691444,0.00035267216015634663,-0.002805760938212798,-0.00035267216015634663
0.0030888781396195128,0.0003439430766122594,-0.0027449350630072535,-0.0003439430766122594
0.003020831477478448,0.00033543007186501004,-0.0026854014056134383,-0.00033543007186501004
0.002954261051952701,0.00032712779591831354,-0.0026271332560343875,-0.00032712779591831354
0.002889135442969441,0.00031903102486796663,-0.0025701044181014746,-0.00031903102486796663
0.0028254238703762508,0.00031113466090184683,-0.002514289209474404,-0.00031113466090184683
0.0027630961939411414,0.0003034337322999147,-0.0024596624616412266,-0.0003034337322999147
0.0027021229130644647,0.0002959233933718286,-0.002406199519692636,-0.0002959233933718286
0.0026424751088875314,0.00028859891345008027,-0.0023538761954374514,-0.00028859891345008027
0.002584124571276459,0.0002814557073821463,-0.0023026688638943128,-0.0002814557073821463
0.0025270437118057004,0.000274489311019198,-0.0022525544007865024,-0.000274489311019198
0.002471205469003949,0.00026769535931720975,-0.0022035101096867394,-0.00026769535931720975
0.0024165833083541516,0.0002610695863369603,-0.0021555137220171912,-0.0002610695863369603
0.0023631512222935178,0.0002546078252440344,-0.002108543397049483,-0.0002546078252440344
0.0023108837302135,0.0002483060083088198,-0.0020625777219046805,-0.0002483060083088198
0.0022597558784598058,0.0002421601669065092,-0.0020175957115532964,-0.0002421601669065092
0.0022097432403323926,0.0002361664315170994,-0.0019735768088152933,-0.0002361664315170994
0.00216082190661963,0.00023032102984748092,-0.001930500876772149,-0.00023032102984748092
0.0021129684511758465,0.00022462028229794872,-0.0018883481688778978,-0.00022462028229794872
0.002066160060810265,0.0002190606284961793,-0.0018470994323140856,-0.0002190606284961793
0.0020203743839666555,0.00021363859209066783,-0.0018067357918759876,-0.00021363859209066783
0.0019755894998305765,0.0002083507741181943,-0.001767238725712382,-0.0002083507741181943
0.0019317839183293863,0.00020319385300382486,-0.0017285900653255615,-0.00020319385300382486
0.00188893658013225,0.00019816458456091283,-0.0016907719955713374,-0.00019816458456091283
0.0018470268566501231,0.00019325980199109646,-0.0016537670546590267,-0.00019325980199109646
0.0018060345500357587,0.00018847641588430012,-0.0016175581341514584,-0.00018847641588430012
0.0017659398931837184,0.00018381141421873527,-0.001582128478964983,-0.00018381141421873527
0.0017267235382601887,0.0001792618602196876,-0.001547461678040501,-0.0001792618602196876
0.0016883665357963979,0.00017482489057457363,-0.0015135416452218243,-0.00017482489057457363
0.001650850444167828,0.00017049773612002326,-0.0014803527080478047,-0.00017049773612002326
0.0016141571918186757,0.0001662776918880443,-0.0014478794999306314,-0.0001662776918880443
0.0015782690564838337,0.000162162112901717,-0.0014161069435821166,-0.000162162112901717
0.0015431686651888985,0.00015814841417519478,-0.0013850202510137036,-0.00015814841417519478
0.0015088389942501555,0.00015423407071370258,-0.001354604923536453,-0.00015423407071370258
0.0014752633692745889,0.0001504166175135379,-0.001324846751761051,-0.0001504166175135379
0.001442425465159877,0.00014669364956207038,-0.0012957318155978066,-0.00014669364956207038
0.0014103093060944007,0.00014306282183774278,-0.0012672464842566579,-0.00014306282183774278
0.001378899262516113,0.00013952184875909416,-0.001239377413757019,-0.00013952184875909416
0.0013481800124377208,0.00013606849839369896,-0.0012121115140440218,-0.00013606849839369896
0.001318136654154418,0.000132700614085995,-0.001185436040068423,-0.000132700614085995
0.0012887546071150705,0.00012941609313392278,-0.0011593385139811478,-0.00012941609313392278
0.0012600195715509945,0.00012621287896169046,-0.001133806692589304,-0.00012621287896169046
0.0012319175284759634,0.0001230889611197744,-0.001108828567356189,-0.0001230889611197744
0.0012044347396861954,0.00012004237528491789,-0.0010843923644012776,-0.00012004237528491789
0.00117755774776036,0.00011707120326013169,-0.0010604865445002283,-0.00011707120326013169
0.0011512733760595825,0.00011417357297469481,-0.0010370998030848877,-0.00011417357297469481
0.001125568728727434,0.00011134765848415321,-0.0010142210702432809,-0.00011134765848415321
0.0011004311906899383,0.00010859167997032056,-0.0009918395107196176,-0.00010859167997032056
0.0010758484096317774,0.00010590390078705921,-0.0009699445088447182,-0.00010590390078705921
0.0010518083114559932,0.00010328263199578252,-0.0009485256794602106,-0.00010328263199578252
0.0010282991539481423,0.00010072624032160455,-0.0009275729136265378,-0.00010072624032160455
0.0010053094236232105,9.82331285582038e-05,-0.0009070762950650068,-9.82331285582038e-05
0.0009828278305635974,9.58017346422269e-05,-0.0008870260959213705,-9.58017346422269e-05
0.0009608433084191064,9.343053165328741e-05,-0.000867412776765819,-9.343053165328741e-05
0.00093934501440695,9.111802781396664e-05,-0.0008482269865929833,-9.111802781396664e-05
0.0009183223293117539,8.886276648981384e-05,-0.00082945956282194,-8.886276648981384e-05
0.0008977648574855484,8.66633261893454e-05,-0.000811101531296203,-8.66633261893454e-05
0.0008776624268477725,8.451832056404526e-05,-0.0007931441062837272,-8.451832056404526e-05
0.0008580050888852784,8.242639840836545e-05,-0.0007755786904769129,-8.242639840836545e-05
0.0008387830996105384,8.038624072533707e-05,-0.0007583968588852014,-8.038624072533707e-05
0.0008199869453722401,7.839656655398897e-05,-0.0007415903788182512,-7.839656655398897e-05
0.0008016073769928683,7.645613720602161e-05,-0.0007251512397868467,-7.645613720602161e-05
0.0007836353240016939,7.456374092744253e-05,-0.0007090715830742515,-7.456374092744253e-05
0.0007660618920835305,7.271819246685364e-05,-0.0006933436996166768,-7.271819246685364e-05
0.0007488783630787369,7.091833307545177e-05,-0.0006779600300032851,-7.091833307545177e-05
0.0007320761949832104,6.916303050702765e-05,-0.0006629131644761827,-6.916303050702765e-05
0.0007156470219483915,6.745117901796663e-05,-0.0006481958429304249,-6.745117901796663e-05
0.0006995826542812618,6.57816993672483e-05,-0.0006338009549140134,-6.57816993672483e-05
0.0006838750784443483,6.415353881644709e-05,-0.0006197215396279011,-6.415353881644709e-05
0.0006685164570557163,6.25656711297314e-05,-0.0006059507859259848,-6.25656711297314e-05
0.000653499122942312,6.1017095670124575e-05,-0.0005924820272721874,-6.1017095670124575e-05
0.0006388155637456125,5.9506836015892794e-05,-0.0005793087277297198,-5.9506836015892794e-05
0.0006244584991662739,5.803395204110586e-05,-0.000566424547125168,-5.803395204110586e-05
0.0006104208011172773,5.6597525835453556e-05,-0.0005538232752818238,-5.6597525835453556e-05
0.0005966954787170954,5.519665924809035e-05,-0.0005414988194690051,-5.519665924809035e-05
0.0005832756782896869,5.383047388763473e-05,-0.0005294452044020522,-5.383047388763473e-05
0.0005701546833644989,5.249811112216956e-05,-0.0005176565722423294,-5.249811112216956e-05
0.0005573259146764703,5.1198732079242354e-05,-0.000506127182597228,-5.1198732079242354e-05
0.0005447829301660259,4.9931517645864656e-05,-0.0004948514125201612,-4.9931517645864656e-05
0.0005325194249790799,4.8695668468512484e-05,-0.0004838237565105674,-4.8695668468512484e-05
0.0005205292314670347,4.749040495312611e-05,-0.0004730388265139086,-4.749040495312611e-05
0.0005088063191867838,4.631496726511043e-05,-0.0004624913519216733,-4.631496726511043e-05
0.0004973448018987499,4.516861688261639e-05,-0.00045217618501613353,-4.516861688261639e-05
0.0004861389481442979,4.405063938656178e-05,-0.0004420883087577361,-4.405063938656178e-05
0.0004751831282886893,4.296033343910391e-05,-0.0004322227948495854,-4.296033343910391e-05
0.0004644718293399215,4.1897014021352454e-05,-0.00042257481531856906,-4.1897014021352454e-05
0.0004539996571976757,4.08600129225331e-05,-0.0004131396442751426,-4.08600129225331e-05
1.3,-0.4,-1.7000000000000002,0.4
1.2580465095884208,-0.3900995210438394,-1.6481460306322602,0.3900995210438394
1.217373384647495,-0.38044408787603856,-1.5978174725235337,0.38044408787603856
1.1779429895705655,-0.3710276406621407,-1.5489706302327062,0.3710276406621407
1.1397187312032162,-0.3618442650386834,-1.5015629962418995,0.3618442650386834
1.1026650375798392,-0.3528881895560695,-1.4555532271359088,0.3528881895560695
1.0667473570565318,-0.3441537855681823,-1.4109011426247142,0.3441537855681823
1.0319321419883216,-0.3356355650151205,-1.3675677070034422,0.3356355650151205
0.9981868608204231,-0.3273281819165238,-1.3255150427369469,0.3273281819165238
0.9654798917600942,-0.3192264194293445,-1.2847063111894386,0.3192264194293445
0.9337804937671768,-0.31132518624619315,-1.24510568001337,0.31132518624619315
0.9030588065252367,-0.3036195165916312,-1.206678323116868,0.3036195165916312
0.8732858364473697,-0.29610456833549204,-1.1693904047828618,0.29610456833549204
0.8444334694945618,-0.2887756245120487,-1.1332090940066104,0.2887756245120487
0.8164743906466803,-0.2816280834177621,-1.0981024740644423,0.2816280834177621
0.789382044927872,-0.2746574537062344,-1.0640394986341064,0.2746574537062344
0.7631306374065632,-0.2678593543882096,-1.030989991794773,0.2678593543882096
0.7376951236073392,-0.26122951352689777,-0.9989246371342371,0.26122951352689777
0.713051216516257,-0.2547637689946202,-0.9678149855108773,0.2547637689946202
0.6891753312620547,-0.2484580616147532,-0.9376333928768079,0.2484580616147532
0.6660445392332328,-0.24230842930337104,-0.9083529685366039,0.24230842930337104
0.6436365678699121,-0.23631100704217384,-0.879947574912086,0.23631100704217384
0.6219297940986558,-0.2304620259753448,-0.8523918200740006,0.2304620259753448
0.6009032471739689,-0.22475781362907918,-0.8256610608030481,0.22475781362907918
0.5805365714573825,-0.21919478925662134,-0.7997313607140037,0.21919478925662134
0.5608099786380518,-0.21376945764984587,-0.7745794362878977,0.21376945764984587
0.5417042468552483,-0.20847840902357526,-0.7501826558788236,0.20847840902357526
0.523200716119672,-0.203318318377881,-0.726519034497553,0.203318318377881
0.5052812885516927,-0.1982859453861731,-0.7035672339378658,0.1982859453861731
0.48792840333645493,-0.19337813123346798,-0.681306534569923,0.19337813123346798
0.4711249905137901,-0.18859179254219124,-0.6597167830559814,0.18859179254219124
0.4548544693613283,-0.1839239211559111,-0.6387783905172394,0.1839239211559111
0.4391007450932219,-0.17937158367312148,-0.6184723287663434,0.17937158367312148
0.4238482076860535,-0.17493192115922065,-0.5987801288452742,0.17493192115922065
0.40908171453807435,-0.17060214693425005,-0.5796838614723244,0.17060214693425005
0.39478654788647827,-0.16637954088866067,-0.561166088775139,0.16637954088866067
0.38094841266035206,-0.16226144919167845,-0.5432098618520305,0.16226144919167845
0.3675534339733071,-0.15824528393168566,-0.5257987179049928,0.15824528393168566
0.354588155383255,-0.15432852276268078,-0.5089166781459358,0.15432852276268078
0.3420395260480076,-0.15050870724454907,-0.49254823329255665,0.15050870724454907
0.3298948627878782,-0.1467834376967352,-0.4766783004846134,0.1467834376967352
0.31814184775299353,-0.14315037287621002,-0.46129222062920355,0.14315037287621002
0.30676852638122587,-0.1396072296795324,-0.4463757560607583,0.1396072296795324
0.2957633056531972,-0.13615178279818774,-0.43191508845138493,0.13615178279818774
0.285114943525978,-0.13278186333068506,-0.4178968068566631,0.13278186333068506
0.2748125159975323,-0.1294953542388074,-0.40430787023633974,0.1294953542388074
0.2648454149414524,-0.1262901900435582,-0.39113560498501065,0.1262901900435582
0.25520334630513125,-0.12316435655726725,-0.3783677028623985,0.12316435655726725
0.24587632871072018,-0.12011589059583651,-0.3659922193065567,0.12011589059583651
0.23685468365671614,-0.11714287866545066,-0.3539975623221668,0.11714287866545066
0.22812900760296476,-0.11424345304286067,-0.34237246064582544,0.11424345304286067
0.2196901702405152,-0.11141579152805463,-0.3311059617685698,0.11141579152805463
0.2115293127720825,-0.10865811718322424,-0.32018742995530675,0.10865811718322424
0.20363784706179347,-0.10596869813178672,-0.3096065451935802,0.10596869813178672
0.1960074455789811,-0.10334584617937524,-0.29935329175835634,0.10334584617937524
0.1886300184095323,-0.1007879135256014,-0.2894179319351337,0.1007879135256014
0.18149771209071275,-0.0982932925943347,-0.2797910046850475,0.0982932925943347
0.17460290785880372,-0.09586041576150017,-0.2704633236203039,0.09586041576150017
0.16793822143830062,-0.09348775525714266,-0.26142597669544326,0.09348775525714266
0.1614964920543602,-0.09117382162180881,-0.252670313676169,0.09117382162180881
0.1552707642731101,-0.08891716105822667,-0.24418792533133676,0.08891716105822667
0.14925428738329113,-0.08671635533942909,-0.23597064272272023,0.08671635533942909
0.14344051352266793,-0.08457002151022561,-0.22801053503289354,0.08457002151022561
0.1378230980948334,-0.08247681189588486,-0.22029990999071825,0.08247681189588486
0.13239588748586648,-0.08043541233291046,-0.21283129981877694,0.08043541233291046
0.12715290563795328,-0.07844454017093629,-0.20559744580888956,0.07844454017093629
0.12208835383789285,-0.07650294424062819,-0.19859129807852105,0.07650294424062819
0.11719660864625403,-0.07460940451437419,-0.19180601316062823,0.07460940451437419
0.1124722228291844,-0.0727627322122429,-0.18523495504142728,0.0727627322122429
0.10790991173685066,-0.07096176778847138,-0.17887167952532204,0.07096176778847138
0.10350454444925575,-0.06920537958591066,-0.1727099240351664,0.06920537958591066
0.0992511437209353,-0.06749246382727526,-0.16674360754821055,0.06749246382727526
0.0951448838277748,-0.06582194424971932,-0.16096682807749413,0.06582194424971932
0.09118109142730493,-0.06419277222575781,-0.15537386365306274,0.06419277222575781
0.08735523128858065,-0.06260392459699511,-0.14995915588557576,0.06260392459699511
0.08366290149398932,-0.06105440292959506,-0.14471730442358438,0.06105440292959506
0.08009983319586368,-0.059543233474346695,-0.13964306667021037,0.059543233474346695
0.07666188906477582,-0.0580694668845842,-0.13473135594936003,0.0580694668845842
0.0733450622789221,-0.05663217806723952,-0.12997724034616162,0.05663217806723952
0.0701454637929969,-0.05523046420193109,-0.12537592799492797,0.05523046420193109
0.06705932025586508,-0.053863444410639734,-0.12092276466650481,0.053863444410639734
0.06408297345281697,-0.052530259663029696,-0.11661323311584666,0.052530259663029696
0.061212879660139545,-0.05123007263593596,-0.11244295229607551,0.05123007263593596
0.05844560572290962,-0.04996206711073884,-0.10840767283364847,0.04996206711073884
0.05577781955829271,-0.04872544645904735,-0.10450326601734006,0.04872544645904735
0.05320628955569949,-0.04751943354520635,-0.10072572310090584,0.04751943354520635
0.05072788364261826,-0.04634327056142438,-0.09707115420404264,0.04634327056142438
0.048339569379375745,-0.04519621901743768,-0.09353578839681342,0.04519621901743768
0.04603840718808301,-0.044077558664795215,-0.09011596585287823,0.044077558664795215
0.04382154485041113,-0.042986586596939984,-0.08680813144735111,0.042986586596939984
0.04168621740576271,-0.04192261723185748,-0.0836088346376202,0.04192261723185748
0.039629746040769145,-0.04088498210485284,-0.080514728145622,0.04088498210485284
0.037649537937109664,-0.03987302984100397,-0.07752256777811364,0.03987302984100397
0.03574307820366364,-0.038886124830525115,-0.07462920303418875,0.038886124830525115
0.033907927889875816,-0.03792364689580798,-0.0718315747856838,0.03792364689580798
0.03214172364854637,-0.03698499123064372,-0.06912671487919009,0.03698499123064372
0.030442177277105572,-0.03606956829712658,-0.06651174557423215,0.03606956829712658
0.028807073013459257,-0.03517680338346524,-0.06398387639692449,0.03517680338346524
0.027234261569563406,-0.03430613559626348,-0.061540397165826884,0.03430613559626348
0.025721659756915843,-0.03345701779602145,-0.05917867755293729,0.03345701779602145
0.024267249763459793,-0.03262891646029363,-0.056896166223753424,0.03262891646029363
0.022869079197209524,-0.03182131167871308,-0.054690390875922604,0.03182131167871308
0.021525255830044228,-0.031033696261926237,-0.052558952091970465,0.031033696261926237
0.020233945015237606,-0.03026557529286416,-0.050499520308101765,0.03026557529286416
0.018993369520383635,-0.02951646609560108,-0.048509835615984716,0.02951646609560108
0.017801809043447123,-0.028785898130839378,-0.0465877071742865,0.028785898130839378
0.016657598732019663,-0.02807341274342201,-0.04473101147544167,0.02807341274342201
0.015559124402327474,-0.027378562324496977,-0.04293768672682445,0.027378562324496977
0.01450482207386758,-0.02670091022836792,-0.041205732302235495,0.02670091022836792
0.013493177464043367,-0.02604003067289077,-0.03953320813693414,0.02604003067289077
0.012522725926804297,-0.025395508717877078,-0.03791823464468137,0.025395508717877078
0.011592048595145274,-0.0247669395847919,-0.03635898817993717,0.0247669395847919
0.01069977041090962,-0.024153928300637225,-0.034853698711546845,0.024153928300637225
0.009844559967400872,-0.023556089667222512,-0.033400649634623386,0.023556089667222512
0.00902512919588751,-0.02297304818847591,-0.03199817738436342,0.02297304818847591
0.008240231842647586,-0.022404437799163027,-0.03064466964181061,0.022404437799163027
0.007488660149519492,-0.021849901258353174,-0.029338561407872665,0.021849901258353174
0.006769244605902267,-0.021309090103096416,-0.028078334708998683,0.021309090103096416
0.006080853517000488,-0.020781664557935627,-0.026862518074936115,0.020781664557935627
0.005422392783838355,-0.020267293490487556,-0.025689686274325912,0.020267293490487556
0.004792802640024651,-0.019765653808279934,-0.024558456448304584,0.019765653808279934
0.004191056761915212,-0.01927643029085875,-0.02346748705277396,0.01927643029085875
0.0036161620441717375,-0.018799315543179457,-0.022415477587351195,0.018799315543179457
0.003067158452335005,-0.018334009956931963,-0.021401168409266966,0.018334009956931963
0.0025431169781373847,-0.01788022132886971,-0.020423338307007096,0.01788022132886971
0.0020431378929987865,-0.017437664526416995,-0.019480802419415782,0.017437664526416995
0.0015663506345810676,-0.017006061464407005,-0.01857241209898807,0.017006061464407005
0.001111913579699188,-0.016585141050393888,-0.017697054630093075,0.016585141050393888
0.0006790130496127506,-0.016174638995283104,-0.016853652044895855,0.016174638995283104
0.00026686114282182746,-0.01577429739243259,-0.016041158535254417,0.01577429739243259
-0.00012530445587704298,-0.015383864679595498,-0.015258560223718456,0.015383864679595498
-0.0004982207401642996,-0.015003095578470568,-0.014504874838306267,0.015003095578470568
-0.0008525997455431022,-0.014631751021935702,-0.0137791512763926,0.014631751021935702
-0.0011891306791914932,-0.014269597733871237,-0.013080467054679744,0.014269597733871237
-0.001508480318976369,-0.013916408148895198,-0.012407927829918829,0.013916408148895198
-0.0018112932614219284,-0.013571960357179618,-0.01176066709575769,0.013571960357179618
-0.0020981919661365927,-0.013236038090926808,-0.011137846124790216,0.013236038090926808
-0.002369778570935927,-0.012908430360424687,-0.01053865178948876,0.012908430360424687
-0.00262663561087255,-0.01258893130705596,-0.009962295696183409,0.01258893130705596
-0.0028693261624464965,-0.012277340171316632,-0.009408014008870137,0.012277340171316632
-0.0030983938849831194,-0.011973461276362599,-0.00887506739137948,0.011973461276362599
-0.0033143640668291713,-0.011677103815750814,-0.008362739748921643,0.011677103815750814
-0.0035177449330184092,-0.011388081581691797,-0.007870336648673388,0.011388081581691797
-0.0037090276984266804,-0.011106212953600526,-0.007397185255173845,0.011106212953600526
-0.0038886868070571526,-0.01083132084012817,-0.006942634033071018,0.01083132084012817
-0.004057179920492075,-0.01056323268091912,-0.006506052760427045,0.01056323268091912
-0.004214949634269475,-0.010301780085270029,-0.006086830451000554,0.010301780085270029
-0.004362423850077737,-0.01004679875222825,-0.005684374902150512,0.01004679875222825
-0.004500015862137129,-0.009798128450496804,-0.005298112588359676,0.009798128450496804
-0.004628124433501292,-0.00955561299275395,-0.004927488559252658,0.00955561299275395
-0.004747134227786761,-0.00931910014638141,-0.00457196591859465,0.00931910014638141
-0.004857417221986261,-0.009088441326222677,-0.004231024104236415,0.009088441326222677
-0.004959332801714439,-0.00886349157343559,-0.003904158771721151,0.00886349157343559
-0.005053227880946655,-0.008644109526421083,-0.003590881645474428,0.008644109526421083
-0.005139436870935782,-0.008430157418897197,-0.0032907205479614154,0.008430157418897197
-0.005218282296792727,-0.008221500948644931,-0.0030032186518522044,0.008221500948644931
-0.0052900759317460275,-0.00801800902312268,-0.002727933091376653,0.00801800902312268
-0.005355118833665503,-0.007819553751081912,-0.002464434917416409,0.007819553751081912
-0.00541370145014215,-0.007626010416223452,-0.0022123089660813023,0.007626010416223452
-0.00546610358746548,-0.007437257475141649,-0.0019711538876761693,0.007437257475141649
-0.005512594871784684,-0.007253176458202664,-0.0017405815864179799,0.007253176458202664
-0.005553435832608565,-0.007073651719602402,-0.001520215886993837,0.007073651719602402
-0.005588877945094315,-0.006898570427363082,-0.001309692482268767,0.006898570427363082
-0.00561916368439108,-0.006727822549436326,-0.0011086588650452457,0.006727822549436326
-0.005644526600367189,-0.0065613008263025584,-0.0009167742259353698,0.0065613008263025584
-0.005665191368644686,-0.00639890076406636,-0.0007337093954216745,0.00639890076406636
-0.005681374951940788,-0.006240520360098171,-0.0005591454081573834,0.006240520360098171
-0.005693286718436606,-0.00608606007428936,-0.0003927733558527543,0.00608606007428936
-0.00570112844474739,-0.005935422828284034,-0.00023429438353664463,0.005935422828284034
-0.005705094494769398,-0.0057885139546358854,-8.341945986648728e-05,0.0057885139546358854
-0.005705371541589834,-0.005645241262963104,6.013027862672958e-05,0.005645241262963104
-0.00570213953876655,-0.005505514807783945,0.00019662473098260459,0.005505514807783945
-0.0056955721191462565,-0.005369246789234941,0.00032632532991131585,0.005369246789234941
-0.005685836594864522,-0.005236351553070889,0.0004494850417936331,0.005236351553070889
-0.00567309401622247,-0.005106745574267388,0.0005663484419550814,0.005106745574267388
-0.005657499182080502,-0.004980347444467714,0.0006771517376127877,0.004980347444467714
-0.005639200696607082,-0.004857077864696075,0.0007821228319110076,0.004857077864696075
-0.005618341877018012,-0.004736859415392395,0.0008814824616256165,0.004736859415392395
-0.005595060823665893,-0.0046196165380735215,0.0009754442855923716,0.0046196165380735215
-0.005569490420040129,-0.004505275535333207,0.0010642148847069223,0.004505275535333207
-0.005541758434759769,-0.00439376454030234,0.001147993894457429,0.00439376454030234
-0.005511987372695765,-0.004285013548021302,0.0012269738246744634,0.004285013548021302
-0.005480294848023642,-0.004178954326325394,0.0013013405216982478,0.004178954326325394
-0.005446794199613049,-0.004075520252080121,0.001371273947532928,0.004075520252080121
-0.005411594499812411,-0.003974646308759566,0.001436948191052845,0.003974646308759566
-0.005374800554448932,-0.003876269086446415,0.001498531468002517,0.003876269086446415
-0.0053365130081233485,-0.0037803267483565743,0.0015561862597667743,0.0037803267483565743
-0.005296828155106728,-0.003686759076221244,0.0016100690788854836,0.003686759076221244
-0.005255838346784728,-0.003595507367781058,0.00166033097900367,0.003595507367781058
-0.005213632477589071,-0.0035065143015831396,0.0017071181760059313,0.0035065143015831396
-0.005170295987568157,-0.0034197239362371472,0.0017505720513310095,0.0034197239362371472
-0.005125910862387077,-0.003335081710415297,0.0017908291519717796,0.003335081710415297
-0.005080555708321736,-0.0032525344180730693,0.0018280212902486667,0.0032525344180730693
-0.005034305633438956,-0.0031720302339768706,0.0018622753994620854,0.0031720302339768706
-0.004987232443095739,-0.0030935186676660544,0.0018937137754296849,0.0030935186676660544
-0.004939405164845761,-0.0030169504116100603,0.001922454753235701,0.0030169504116100603
-0.0048908900603748294,-0.002942277337610799,0.0019486127227640302,0.002942277337610799
-0.004841750625500869,-0.002869452496802632,0.001972298128698237,0.002869452496802632
-0.004792047616442438,-0.002798430110825625,0.001993617505616813,0.002798430110825625
-0.004741839080569376,-0.002729165552342587,0.002012673528226789,0.002729165552342587
-0.004691180212802412,-0.0026616153950926383,0.0020295648177097734,0.0026616153950926383
-0.00464012394394725,-0.0025957372391716125,0.002044386704775637,0.0025957372391716125
-0.004588721017783815,-0.002531489686987801,0.002057231330796014,0.002531489686987801
-0.004537019991066246,-0.002468832343261945,0.002068187647804301,0.002468832343261945
-0.00448506723352291,-0.002407725815027252,0.0020773414184956577,0.002407725815027252
-0.004432906999993895,-0.002348131684123014,0.002084775315870881,0.002348131684123014
-0.004380581270601159,-0.002290012551179692,0.0020905687194214674,0.002290012551179692
-0.004328129975819113,-0.0022333319748948314,0.0020947980009242816,0.0022333319748948314
-0.004275591339139269,-0.0021780543616712823,0.002097536977467987,0.0021780543616712823
-0.004223001879327975,-0.002124144964852382,0.0020988569144755925,0.002124144964852382
-0.004170396410426399,-0.0020715698847219516,0.0020988265257044477,0.0020715698847219516
-0.00411780804295533,-0.002020296068061091,0.002097511974894239,0.002020296068061091
-0.004065268262504985,-0.0019702912740789825,0.0020949769884260026,0.0019702912740789825
-0.004012806710141795,-0.0019215241471666844,0.002091282562975111,0.0019215241471666844
-0.003960451537458722,-0.0018739641059206259,0.0020864874315380958,0.0018739641059206259
-0.003908229589290832,-0.0018275812801642611,0.002080648309126571,0.0018275812801642611
-0.0038561664037152954,-0.0017823465109480646,0.002073819892767231,0.0017823465109480646
-0.0038042862120513912,-0.0017382313505495415,0.00206605486150185,0.0017382313505495415
-0.0037526119392349943,-0.0016952080623257512,0.0020574038769092433,0.0016952080623257512
-0.003701165270979985,-0.0016532495893783858,0.0020479156816015994,0.0016532495893783858
-0.003649966459240259,-0.0016123296220922222,0.0020376368371480364,0.0016123296220922222
-0.003599034598646216,-0.0015724225085778625,0.0020266120900683535,0.0015724225085778625
-0.003548387801932105,-0.0015335031902213748,0.0020148846117107305,0.0015335031902213748
-0.0034980431999360314,-0.001495547201684302,0.0020024959982517295,0.001495547201684302
-0.0034480169415999438,-0.0014585306709036525,0.0019894862706962913,0.0014585306709036525
-0.0033983241939696484,-0.0014224303190919084,0.00197589387487774,0.0014224303190919084
-0.003348979178160877,-0.0013872234435852457,0.001961755734575631,0.0013872234435852457
-0.003299995087620529,-0.0013528879397475073,0.0019471071478730216,0.0013528879397475073
-0.003251384119982331,-0.0013194023011143681,0.0019319818188679627,0.0013194023011143681
-0.0032031577453059605,-0.0012867455156872157,0.0019164122296187447,0.0012867455156872157
-0.0031553267137403034,-0.0012548970627630268,0.0019004296509772766,0.0012548970627630268
-0.003107901055523449,-0.0012238369129343645,0.0018840641425890844,0.0012238369129343645
-0.0030608900809826842,-0.0011935455280893748,0.0018673445528933094,0.0011935455280893748
-0.003014302382109067,-0.0011640038606661825,0.0018502985214428845,0.0011640038606661825
-0.002968145877481948,-0.001135193325976454,0.001832952551505494,0.001135193325976454
-0.0029224276470816764,-0.0011070958714993278,0.0018153317755823487,0.0011070958714993278
-0.002877154157437395,-0.0010796938922513688,0.0017974602651860262,0.0010796938922513688
-0.002832331363517347,-0.0010529701868607162,0.0017793611766566307,0.0010529701868607162
-0.002787964708728868,-0.0010269079575670808,0.0017610567511617873,0.0010269079575670808
-0.0027440591249184012,-0.0010014908102217515,0.0017425683146966497,0.0010014908102217515
-0.0027006190323714805,-0.000976702754287588,0.0017239162780838925,0.000976702754287588
-0.002657648342634277,-0.0009525282013326911,0.001705120141301586,0.0009525282013326911
-0.002615150489471024,-0.0009289519405833485,0.0016861985488876756,0.0009289519405833485
-0.002573128284755895,-0.0009059592075069684,0.0016671690772489267,0.0009059592075069684
-0.00253158412212952,-0.000883535599418865,0.001648048522710655,0.000883535599418865
-0.0024905200466699873,-0.000861667042300222,0.0016288530043697654,0.000861667042300222
-0.0024499377548928545,-0.0008403397907980996,0.001609597964094755,0.0008403397907980996
-0.0024098385947511434,-0.0008195404282254302,0.0015902981665257133,0.0008195404282254302
-0.0023702235656353357,-0.000799255866561018,0.001570967699074318,0.000799255866561018
-0.002331093318373382,-0.0007794733464495422,0.00155161997192384,0.0007794733464495422
-0.0022924481814711314,-0.0007601804175809918,0.0015322677638901396,0.0007601804175809918
-0.0022542880652352323,-0.0007413649801944782,0.0015129230850407542,0.0007413649801944782
-0.0022166125356395125,-0.0007230152623682348,0.0014935972732712777,0.0007230152623682348
-0.002179420934717536,-0.0007051197574296336,0.0014743011772879026,0.0007051197574296336
-0.0021427123809596776,-0.0006876672237257667,0.0014550451572339109,0.0006876672237257667
-0.0021064857693131305,-0.0006706466846234509,0.0014358390846896797,0.0006706466846234509
-0.002070739771181899,-0.0006540474285092227,0.0014166923426726763,0.0006540474285092227
-0.0020354728344268054,-0.0006378590087893424,0.0013976138256374632,0.0006378590087893424
-0.0020006831855711874,-0.0006220712423086163,0.001378611943262571,0.0006220712423086163
-0.0019663688441454888,-0.0006066741887884855,0.0013596946553570033,0.0006066741887884855
-0.001932527519122887,-0.0005916582145497877,0.0013408693045730991,0.0005916582145497877
-0.0018991567464089125,-0.0005770139234946407,0.0013221428229142718,0.0005770139234946407
-0.0018662539319222985,-0.0005627321308764928,0.0013035218010458056,0.0005627321308764928
-0.001833816351594977,-0.000548803863300122,0.001285012488294855,0.000548803863300122
-0.001801841151372075,-0.0005352203587216334,0.0012666207926504416,0.0005352203587216334
-0.001770325347211922,-0.0005219730664484637,0.0012483522807634584,0.0005219730664484637
-0.0017392658250860462,-0.0005090536471393781,0.001230212177946668,0.0005090536471393781
-0.0017086593412851021,-0.0004964539725463584,0.0012122053687387436,0.0004964539725463584
-0.001678502536686722,-0.00048416610454941525,0.001194336432137307,0.00048416610454941525
-0.0016487918509637974,-0.0004721823512895488,0.0011766094996742485,0.0004721823512895488
-0.0016195236115859365,-0.0004604952226173154,0.001159028388968621,0.0004604952226173154
-0.001590694083849337,-0.00044909739483563546,0.0011415966890137015,0.00044909739483563546
-0.0015622994708767767,-0.0004379817106997898,0.0011243177601769868,0.0004379817106997898
-0.0015343359136176218,-0.000427141179417423,0.0011071947342001988,0.000427141179417423
-0.0015067994908478232,-0.0004165689766485418,0.0010902305141992814,0.0004165689766485418
-0.0014796862191699136,-0.00040625844450551426,0.0010734277746643993,0.00040625844450551426
-0.0014529920530130147,-0.0003962030915530721,0.0010567889614599426,0.0003962030915530721
-0.0014267128882258031,-0.0003863965881792385,0.0010403163000465647,0.0003863965881792385
-0.0014008445484550785,-0.0003768327589683318,0.0010240117894867466,0.0003768327589683318
-0.0013753827403413766,-0.00036750563406130646,0.0010078771062800702,0.00036750563406130646
-0.0013503231439211728,-0.00035840938336681395,0.0009919137605543587,0.00035840938336681395
-0.0013256614241147079,-0.00034953830601690825,0.0009761231180977996,0.00034953830601690825
-0.001301393230725984,-0.00034088683036704464,0.0009605064003589393,0.00034088683036704464
-0.001277514198442764,-0.00033244951399607873,0.0009450646844466852,0.00033244951399607873
-0.0012540199468365745,-0.00032422104370626845,0.0009297989031303061,0.00032422104370626845
-0.0012309060803627056,-0.00031619623552327296,0.0009147098448394327,0.00031619623552327296
-0.001208168188360206,-0.00030837003469615185,0.0008997981536640542,0.00030837003469615185
-0.0011858018456981948,-0.00030073751456944313,0.0008850643311287517,0.00030073751456944313
-0.0011638026096810164,-0.0002932938596803397,0.0008705087500006767,0.0002932938596803397
-0.0011421659728085756,-0.0002860344212653634,0.0008561315515432121,0.0002860344212653634
-0.001120887425095536,-0.00027895467029239536,0.0008419327548031406,0.00027895467029239536
-0.0010999624720583272,-0.0002720501763982995,0.0008279122956600278,0.0002720501763982995
-0.0010793866347151514,-0.00026531660788892456,0.0008140700268262269,0.00026531660788892456
-0.0010591554495859767,-0.0002587497317391022,0.0008004057178468745,0.0002587497317391022
-0.0010392644686925423,-0.00025234541359264837,0.0007869190550998939,0.00025234541359264837
-0.0010197092595583563,-0.0002460996177623628,0.0007736096417959935,0.0002460996177623628
-0.0010004854052086936,-0.00024000840723002834,0.0007604769979786653,0.00024000840723002834
-0.0009815885041706005,-0.00023406794364641225,0.0007475205605241883,0.00023406794364641225
-0.0009630141709143661,-0.00022827448522283608,0.00073473968569153,0.00022827448522283608
-0.0009447580234940953,-0.0002226243739903346,0.0007221336495037607,0.0002226243739903346
-0.0009268156603745371,-0.00021711408832467602,0.000709701572049861,0.00021711408832467602
-0.0009091827059096737,-0.00021174019470255283,0.0006974425112071208,0.00021174019470255283
-0.0008918548178443759,-0.00020649933349362146,0.0006853554843507544,0.00020649933349362146
-0.0008748276873144062,-0.0002013882189605036,0.0006734394683539026,0.0002013882189605036
-0.0008580970388464154,-0.0001964036392587848,0.0006616933995876307,0.0001964036392587848
-0.0008416586303579456,-0.00019154245643701563,0.00065011617392093,0.00019154245643701563
-0.000825508253157429,-0.00018680160643671115,0.0006387066467207178,0.00018680160643671115
-0.0008096417319441863,-0.00018217809909235055,0.0006274636328518358,0.00018217809909235055
-0.0007940549248084299,-0.0001776690181313781,0.0006163859066770518,0.0001776690181313781
-0.0007787437232312603,-0.00017327152117420204,0.0006054722020570583,0.00017327152117420204
-0.0007637040499304087,-0.0001689828329495666,0.000594721216980842,0.0001689828329495666
-0.000748931835786721,-0.00016480025122371007,0.000584131584563011,0.00016480025122371007
-0.0007344230336280329,-0.00016072117896732312,0.0005737018546607097,0.00016072117896732312
-0.0007201736376445924,-0.00015674307656675967,0.0005634305610778327,0.00015674307656675967
-0.0007061796837444954,-0.000152863458503483,0.0005533162252410124,0.000152863458503483
-0.0006924372495536838,-0.00014907989335406546,0.0005433573561996184,0.00014907989335406546
-0.0006789424544159488,-0.00014539000379018904,0.0005335524506257597,0.00014539000379018904
-0.000665691459392929,-0.00014179146657864532,0.0005238999928142837,0.00014179146657864532
-0.0006526804672641094,-0.00013828201258133473,0.0005143984546827747,0.00013828201258133473
-0.0006399057225268247,-0.0001348594267552676,0.0005050462957715571,0.0001348594267552676
-0.0006273635113962549,-0.00013152154815256327,0.0004958419632436916,0.00013152154815256327
-0.0006150501618054301,-0.00012826626992045088,0.0004867838918849792,0.00012826626992045088
-0.000602962043391041,-0.00012509153926841679,0.00047787050412262426,0.00012509153926841679
-0.0005910955530095687,-0.00012199534391399772,0.000469100209095571,0.00012199534391399772
-0.000579447110692246,-0.00011897574985167459,0.00046047136084057146,0.00011897574985167459
-0.0005680131824957159,-0.00011603088664766338,0.00045198229584805257,0.00011603088664766338
-0.0005567902776492831,-0.00011315892243780695,0.0004436313552114761,0.00011315892243780695
-0.0005457749485549086,-0.00011035806392757385,0.00043541688462733476,0.00011035806392757385
-0.0005349637907872138,-0.00010762655639205912,0.0004273372343951546,0.00010762655639205912
-0.0005243534430934781,-0.0001049626836759839,0.00041939075941749423,0.0001049626836759839
-0.0005139405873936425,-0.00010236476819369619,0.0004115758191999463,0.00010236476819369619
-0.0005037219487803046,-9.983117092916973e-05,0.00040389077785113486,9.983117092916973e-05
-0.0004936942955187214,-9.736029143600454e-05,0.00039633400408271683,9.736029143600454e-05
-0.00048385443904681104,-9.495056783742749e-05,0.00038890387120938357,9.495056783742749e-05
-0.0004741992339751486,-9.260047682629118e-05,0.0003815987571488574,9.260047682629118e-05
-0.0004647255780869682,-9.030853366507455e-05,0.0003744170444218936,9.030853366507455e-05
-0.0004554304097509055,-8.80732898781529e-05,0.0003673571198727526,8.80732898781529e-05
-0.0004463106836264139,-8.5893327350502e-05,0.0003604173562759119,8.5893327350502e-05
-0.00043736340366747864,-8.376729722487713e-05,0.0003535961064426015,8.376729722487713e-05
-0.00042858561874903675,-8.169388485832652e-05,0.00034689173389071024,8.169388485832652e-05
-0.000419974417791858,-7.967180231042727e-05,0.00034030261548143075,7.967180231042727e-05
-0.0004115269297625473,-7.769978834328592e-05,0.00033382714141926137,7.769978834328592e-05
-0.0004032403236735458,-7.577660842153882e-05,0.000327463715252007,7.577660842153882e-05
-0.00039511180858312815,-7.390105471235126e-05,0.0003212107538707769,7.390105471235126e-05
-0.00038713863359540366,-7.207194608541798e-05,0.0003150666875099857,7.207194608541798e-05
-0.0003793180878603182,-7.028812811296345e-05,0.0003090299597473548,7.028812811296345e-05
-0.0003716475005736509,-6.854847306974116e-05,0.0003030990275039098,6.854847306974116e-05
-0.00036412424097701624,-6.685187993303414e-05,0.0002972723610439821,6.685187993303414e-05
-0.000356745718357863,-6.519727438265466e-05,0.00029154844397520836,6.519727438265466e-05
-0.00034950938204947655,-6.358360880094476e-05,0.0002859257732485318,6.358360880094476e-05
-0.0003424127214309754,-6.20098622727755e-05,0.0002804028591581999,6.20098622727755e-05
-0.00033545325830767683,-6.0475036842437676e-05,0.00027497822146523916,6.0475036842437676e-05
-0.00032862852914349283,-5.897816189483242e-05,0.0002696503672486604,5.897816189483242e-05
-0.0003219361310664827,-5.751831678705706e-05,0.00026441781427942565,5.751831678705706e-05
-0.000315373698578158,-5.609460118148231e-05,0.0002592790973966757,5.609460118148231e-05
-0.00030893890048945273,-5.4706132689438173e-05,0.00025423276780001455,5.4706132689438173e-05
-0.00030262943992072025,-5.335204687121335e-05,0.0002492773930495069,5.335204687121335e-05
-0.0002964430543017348,-5.203149723605553e-05,0.00024441155706567927,5.203149723605553e-05
-0.00029037751537169294,-5.0743655242171684e-05,0.00023963386012952126,5.0743655242171684e-05
-0.0002844306291792107,-4.948771029672749e-05,0.0002349429188824832,4.948771029672749e-05
-0.0002786002360823255,-4.8262869755847706e-05,0.0002303373663264778,4.8262869755847706e-05
-0.0002728842107484951,-4.706835892461601e-05,0.00022581585182387907,4.706835892461601e-05
-0.00026728046215459953,-4.590342105707532e-05,0.0002213770410975242,4.590342105707532e-05
-0.00026178693358693835,-4.4767317356227276e-05,0.0002170196162307111,4.4767317356227276e-05
-0.000256401602641232,-4.365932697403255e-05,0.00021274227566719947,4.365932697403255e-05
-0.00025112248122262316,-4.2578747011411006e-05,0.00020854373421121217,4.2578747011411006e-05
-0.00024594761554567394,-4.1524892518241284e-05,0.00020442272302743266,4.1524892518241284e-05
-0.0002408750762817554,-4.049709358624893e-05,0.00020037798269550647,4.049709358624893e-05
-0.00023590294906716968,-3.949470254769742e-05,0.00019640824651947226,3.949470254769742e-05
-0.00023102937922724043,-3.851710548331574e-05,0.0001925122737439247,3.851710548331574e-05
-0.00022625254193784912,-3.75637012860399e-05,0.0001886888406518092,3.75637012860399e-05
-0.0002215706399986993,-3.663390061271532e-05,0.000184936739385984,3.663390061271532e-05
-0.00021698190383331463,-3.5727125884096345e-05,0.00018125477794921828,3.5727125884096345e-05
-0.00021248459148903978,-3.484281128484655e-05,0.00017764178020419322,3.484281128484655e-05
-0.00020807698863704142,-3.398040276353884e-05,0.0001740965858735026,3.398040276353884e-05
-0.00020375740857230633,-3.3139358032655114e-05,0.00017061805053965123,3.3139358032655114e-05
-0.0001995241922136424,-3.231914656858646e-05,0.00016720504564505595,3.231914656858646e-05
-0.00019537570810367947,-3.151924961163329e-05,0.00016385645849204618,3.151924961163329e-05
-0.0001913103524088675,-3.073916016600506e-05,0.00016057119224286245,3.073916016600506e-05
-0.0001873265489194778,-2.9978382999820406e-05,0.00015734816591965738,2.9978382999820406e-05
-0.0001834227490496025,-2.9236434645107133e-05,0.00015418631440449536,2.9236434645107133e-05
-0.00017959743183715562,-2.851284339780235e-05,0.00015108458843935327,2.851284339780235e-05
-0.00017584910394387136,-2.7807149317752197e-05,0.00014804195462611916,2.7807149317752197e-05
-0.00017217629965530498,-2.7118904228711987e-05,0.00014505739542659298,2.7118904228711987e-05
-0.00016857757233714133,-2.6447672800572568e-05,0.00014212989953656875,2.6447672800572568e-05
-0.00016505149590519372,-2.579303973244074e-05,0.00013925845617275296,2.579303973244074e-05
-0.00016159668732477442,-2.515460279077336e-05,0.00013644208453400108,2.515460279077336e-05
-0.00015821178577213912,-2.453196768695018e-05,0.00013367981808518894,2.453196768695018e-05
-0.00015489545201225358,-2.3924748043381002e-05,0.0001309707039688726,2.3924748043381002e-05
-0.0001516463683987944,-2.3332565393505834e-05,0.00012831380300528855,2.3332565393505834e-05
-0.00014846323887414956,-2.275504918179497e-05,0.00012570818969235458,2.275504918179497e-05
-0.00014534478896941722,-2.219183676374879e-05,0.00012315295220566844,2.219183676374879e-05
-0.00014228976580440644,-2.1642573405897874e-05,0.00012064719239850857,2.1642573405897874e-05
-0.00013929693808763696,-2.1106912285802973e-05,0.000118190025801834,2.1106912285802973e-05
-0.00013636509611633988,-2.058451449205512e-05,0.00011578058162428475,2.058451449205512e-05
-0.00013349305177645638,-2.007504902427543e-05,0.00011341800275218095,2.007504902427543e-05
-0.00013067963854263855,-1.95781927931152e-05,0.00011110144574952334,1.95781927931152e-05
-0.00012792371147824974,-1.909363062025602e-05,0.00010883008085799372,1.909363062025602e-05
-0.00012522414723536358,-1.8621055238409553e-05,0.00010660309199695404,1.8621055238409553e-05
-0.00012257984405476444,-1.816016729131767e-05,0.00010441967676344677,1.816016729131767e-05
