x1,x2,xdot1,xdot2
-1.2,-0.8,-0.8,1.8880000000000001
-1.219456578021636,-0.7526133080128145,-0.7526133080128145,1.893178101164091
-1.2377240674129788,-0.7051178651265282,-0.7051178651265282,1.8966751733869085
-1.2548002737927906,-0.657555965277903,-0.657555965277903,1.8984830018538346
-1.2706840640893422,-0.6099699953445439,-0.6099699953445439,1.8985966599077355
-1.2853753662193044,-0.562402408897307,-0.562402408897307,1.8970145370846399
-1.2988751685074116,-0.514895687784596,-0.514895687784596,1.893738353072741
-1.3111855314247254,-0.46749225962773905,-0.46749225962773905,1.8887731608021028
-1.3223095788343555,-0.4202343856187768,-0.4202343856187768,1.882127296099162
-1.3322514820824176,-0.37316401788126763,-0.37316401788126763,1.873812293325211
-1.3410164593088412,-0.32632279401181985,-0.32632279401181985,1.863842885142195
-1.3486107681102788,-0.2797519611555015,-0.2797519611555015,1.8522369494606288
-1.3550417082967197,-0.2334923174771668,-0.2334923174771668,1.8390154732800417
-1.3603175830212761,-0.18758405039259157,-0.18758405039259157,1.8242023935529412
-1.3644476888993042,-0.1420666936600428,-0.1420666936600428,1.8078245348778563
-1.3674423101202011,-0.09697910241715958,-0.09697910241715958,1.7899115556301555
-1.3693127029260712,-0.05235936592826898,-0.05235936592826898,1.7704958415691463
-1.370071061600565,-0.008244712173205743,-0.008244712173205743,1.7496123604542275
-1.3697304966115995,0.03532854782124222,0.03532854782124222,1.7272985493705502
-1.3683050222066473,0.07832505720435969,0.07832505720435969,1.703594220363654
-1.3658095332694977,0.12071047650908596,0.12071047650908596,1.6785414312489235
-1.3622597584890626,0.16245156875036962,0.16245156875036962,1.6521843040336135
-1.3576722463725666,0.2035162227188897,0.2035162227188897,1.624568920727188
-1.3520643487591435,0.24387348945436954,0.24387348945436954,1.595743204669056
-1.3454541724271525,0.2834936494286427,0.2834936494286427,1.5657567337331577
-1.3378605418148253,0.32234825842813397,0.32234825842813397,1.53466057846977
-1.329302978916259,0.3604101654413741,0.3604101654413741,1.5025071781466999
-1.3198016957532062,0.39765352872306936,0.39765352872306936,1.4693502346142793
-1.3093775198898894,0.4340538760993129,0.4340538760993129,1.4352444797588326
-1.2980518572211426,0.4695881332889517,0.4695881332889517,1.4002455153837183
-1.285846680880427,0.5042346268307953,0.5042346268307953,1.3644097048112713
-1.2727845026956845,0.5379730927986534,0.5379730927986534,1.3277940343568182
-1.2588883452147326,0.5707846928430768,0.5707846928430768,1.2904559719366917
-1.244181647905914,0.6026520436505887,0.6026520436505887,1.2524532206777947
-1.2286882614517496,0.6335592185607871,0.6335592185607871,1.2138436209372205
-1.212432427348778,0.6634917417786154,0.6634917417786154,1.1746850346368405
-1.1954387512607398,0.6924365752165699,0.6924365752165699,1.1350352252556224
-1.1777321641572434,0.7203821248725849,0.7203821248725849,1.0949517118190517
-1.159337828266336,0.7473182289647506,0.7473182289647506,1.0544915537938215
-1.1402811343860955,0.7732361574110613,0.7732361574110613,1.013711268767933
-1.1205876890383082,0.7981286014222145,0.7981286014222145,0.9726667420920443
-1.1002832737338408,0.8219896280132112,0.8219896280132112,0.931413116218927
-1.0793938343695022,0.8448146878865485,0.8448146878865485,0.8900047003612072
-1.0579453727028458,0.8666005591517822,0.8666005591517822,0.8484947754516274
-1.035963937767347,0.8873453417838548,0.8873453417838548,0.8069355229463052
-1.0134756232533946,0.9070484542267768,0.9070484542267768,0.7653779639257775
-0.9905065234486424,0.9257105621786527,0.9257105621786527,0.7238718769581792
-0.9670827419199163,0.9433335856868361,0.9433335856868361,0.6824657550203669
-0.9432302917109229,0.9599206175553322,0.9599206175553322,0.6412066595734713
-0.918975068703723,0.975475895037324,0.975475895037324,0.6001401565648635
-0.8943428516187321,0.9900047998351729,0.9900047998351729,0.5593102789494507
-0.8693592782907072,1.0035138060862143,1.0035138060862143,0.518759486197628
-0.8440498367807368,1.0160104349311372,1.0160104349311372,0.47852864470908585
-0.8184398146182355,1.0275032127085468,1.0275032127085468,0.43865695429442836
-0.7925542444820516,1.0380015911142102,1.0380015911142102,0.3991818950142496
-0.7664179040474408,1.0475159469317556,1.0475159469317556,0.36013921131045745
-0.7400553086857268,1.0560575605738765,1.0560575605738765,0.3215629003815738
-0.713490692152359,1.0636385278404141,1.0636385278404141,0.2834852217897625
-0.6867479945582944,1.070271759766774,1.070271759766774,0.24593667628087526
-0.6598507984462232,1.0759708660861516,1.0759708660861516,0.20894598064517106
-0.6328223243870085,1.0807501452835653,1.0807501452835653,0.17254007059374107
-0.6056854298568369,1.0846245801755487,1.0846245801755487,0.13674410775723483
-0.5784625947855558,1.087609751338087,1.087609751338087,0.10158151382972001
-0.5511759249215923,1.0897218384504739,1.0897218384504739,0.0670739857389899
-0.5238471002825836,1.090977511364116,1.090977511364116,0.03324150149541987
-0.49649736344646367,1.091393896169674,1.091393896169674,0.00010234174348459912
-0.46914751955146283,1.0909885751970625,1.0909885751970625,-0.03232688902681037
-0.44181793145370574,1.0897795361581342,1.0897795361581342,-0.06403121971455505
-0.4145285242935738,1.0877851340340143,1.0877851340340143,-0.09499726323283178
-0.38729875821208054,1.0850240380601435,1.0850240380601435,-0.12521319519546725
-0.360147610200382,1.0815151608931617,1.0815151608931617,-0.1546687100195896
-0.3330935740867286,1.0772776585373889,1.0772776585373889,-0.1833549893623916
-0.3061546604568539,1.0723309123432543,1.0723309123432543,-0.21126466049088294
-0.27934840381114645,1.0666944665039197,1.0666944665039197,-0.23839172329844635
-0.2526918530912404,1.0603880201410993,1.0603880201410993,-0.26473152245557224
-0.22620155529736857,1.053431339163299,1.053431339163299,-0.29028068556049125
-0.19989355490614247,1.0458442502981566,1.0458442502981566,-0.31503708358433286
-0.1737833942219707,1.0376466376709237,1.0376466376709237,-0.33899979099202937
-0.14788612404053672,1.0288583909340288,1.0288583909340288,-0.3621690102897311
-0.12221630440596412,1.019499404852992,1.019499404852992,-0.3845460330080016
-0.0967879953735959,1.0095895073530248,1.0095895073530248,-0.40613317509322866
-0.0716147569998731,0.9991484410717107,0.9991484410717107,-0.4269337288519521
-0.04670964934557664,0.9881958633463516,0.9881958633463516,-0.4469519240592018
-0.022085242494305126,0.9767513196768794,0.9767513196768794,-0.46619286575692814
0.0022463735813830904,0.9648342294515155,0.9648342294515155,-0.4846624790682874
0.026273593820399357,0.9524638490069272,0.9524638490069272,-0.5023674579774151
0.04998529404763746,0.9396592418185734,0.9396592418185734,-0.5193152090327184
0.07337083097397254,0.9264392785007063,0.9264392785007063,-0.5355138144567635
0.09642003479143008,0.912822626499064,0.912822626499064,-0.550971983419126
0.11912319293595627,0.898827733829191,0.898827733829191,-0.5656989928315004
0.14147105281005604,0.8844728110872708,0.8844728110872708,-0.5797046465970543
0.16345481303983675,0.8697758048707955,0.8697758048707955,-0.5929992202940569
0.18506612329610606,0.8547543974262853,0.8547543974262853,-0.6055934280108788
0.20629707534854044,0.8394259958798046,0.8394259958798046,-0.6174983766289704
0.2271401920279054,0.8238077360072998,0.8238077360072998,-0.6287255266646606
0.24758842340004855,0.8079164742388717,0.8079164742388717,-0.6392866550391401
0.267635129299827,0.7917687549538054,0.7917687549538054,-0.6491937942896626
0.28727407911257397,0.7753808101266482,0.7753808101266482,-0.6584592048699026
0.30649945177409954,0.7587685593272077,0.7587685593272077,-0.6670953486501386
0.3253058336001432,0.7419476092284043,0.7419476092284043,-0.6751148611394886
0.3436881822034338,0.7249332508704578,0.7249332508704578,-0.6825304943214026
0.3616418452492566,0.707740468437392,0.707740468437392,-0.6893551146208952
0.3791625362307081,0.6903839206050233,0.6903839206050233,-0.6956016507570392
0.39624632334800425,0.6728779362916636,0.6728779362916636,-0.7012830617404737
0.41288962950848246,0.6552365146581185,0.6552365146581185,-0.7064123176064113
0.42908923232660034,0.6374733251076884,0.6374733251076884,-0.7110023810207183
0.4448422602563526,0.6196017085639696,0.6196017085639696,-0.7150661872363413
0.46014615384468693,0.6016346945760829,0.6016346945760829,-0.7186166045531167
0.4749986902254151,0.583584994188307,0.583584994188307,-0.7216664361763966
0.4893979539802067,0.5654649992623811,0.5654649992623811,-0.7242283821393948
0.5033423282516802,0.5472867844221592,0.5472867844221592,-0.7263150205807953
0.5168304947434019,0.5290621070536109,0.5290621070536109,-0.7279387962108655
0.529861433719888,0.5108024073048198,0.5108024073048198,-0.7291120095835589
0.5424344157943414,0.49251881385233387,0.49251881385233387,-0.7298468036328786
0.5545489737708481,0.47422216910426584,0.47422216910426584,-0.7301551454609209
0.5662049229343113,0.45592301308397876,0.45592301308397876,-0.7300488265252908
0.5774023288700203,0.43763159722830114,0.43763159722830114,-0.7295394376072663
0.5881415043116043,0.4193578862217301,0.4193578862217301,-0.7286383616036859
0.5984230091410315,0.4011115579964319,0.4011115579964319,-0.7273567685653661
0.6082476503886092,0.38290200373224315,0.38290200373224315,-0.725705611414078
0.6176164665857211,0.36473834382651105,0.36473834382651105,-0.7236956185394103
0.6265307203176377,0.3466294433050953,0.3466294433050953,-0.7213372932698378
0.634991900365961,0.328583901817525,0.328583901817525,-0.7186409085686485
0.6430016977492254,0.31061007104336025,0.31061007104336025,-0.7156164966092282
0.6505620055838518,0.29271605481297963,0.29271605481297963,-0.712273848368485
0.6576749190841478,0.2749097091075785,0.2749097091075785,-0.708622513799469
0.6643427347644913,0.257198642955448,0.257198642955448,-0.7046718023953427
0.6705679302813005,0.23959024596755882,0.23959024596755882,-0.7004307834407304
0.6763531765352935,0.22209168137630472,0.22209168137630472,-0.6959082933415695
0.6817013182653728,0.2047098959006265,0.2047098959006265,-0.6911129287507366
0.6866153641142914,0.187451628889173,0.187451628889173,-0.6860530469113176
0.6910984866286518,0.17032341232030074,0.17032341232030074,-0.6807367691447197
0.6951540222589069,0.15333157080207524,0.15333157080207524,-0.6751719847273971
0.6987854676302178,0.136482226699013,0.136482226699013,-0.6693663550254879
0.7019964667637151,0.11978132623923199,0.11978132623923199,-0.6633273220135831
0.7047908216696965,0.10323462476051593,0.10323462476051593,-0.6570621135879853
0.7071724692333031,0.08684770474186101,0.08684770474186101,-0.6505777413559282
0.7091454787217608,0.07062597847323641,0.07062597847323641,-0.6438810059600759
0.71071405178438,0.05457468805558388,0.05457468805558388,-0.6369785031314179
0.7118825224525559,0.03869890540081761,0.03869890540081761,-0.6298766299982819
0.712655349667177,0.023003544731390293,0.023003544731390293,-0.622581592551023
0.713037118519391,0.007493373170597898,0.007493373170597898,-0.6150994186274028
0.7130325353866352,-0.007826994726159657,-0.007826994726159657,-0.6074359587195768
0.7126464135419336,-0.02295308395264957,-0.02295308395264957,-0.5995968894187726
0.7118836731098932,-0.03788055899824694,-0.03788055899824694,-0.5915877208026831
0.7107493410667051,-0.052605223847933716,-0.052605223847933716,-0.5834138039773871
0.7092485501234568,-0.06712302043812532,-0.06712302043812532,-0.575080338733949
0.7073865325128382,-0.08143001234737851,-0.08143001234737851,-0.5665923850630415
0.7051686274109261,-0.09552239144799099,-0.09552239144799099,-0.5579548730700087
0.7026002632247369,-0.10939646919865462,-0.10939646919865462,-0.5491726026487156
0.6996869544278231,-0.12304867379395565,-0.12304867379395565,-0.5402502506915489
0.6964343015602733,-0.13647555016437418,-0.13647555016437418,-0.5311923792001371
0.6928479912287115,-0.14967375997628532,-0.14967375997628532,-0.5220034434506367
0.6889337891704249,-0.16264007451021048,-0.16264007451021048,-0.5126877987431757
0.6846975514424539,-0.17537137166072062,-0.17537137166072062,-0.5032497182218353
0.6801452159240763,-0.18786463718737656,-0.18786463718737656,-0.4936933943815063
0.6752827873910229,-0.2001169581242151,-0.2001169581242151,-0.4840229397395975
0.670116337512192,-0.21212552277770402,-0.21212552277770402,-0.47424239496318926
0.6646520048496496,-0.22388762072674173,-0.22388762072674173,-0.464355736976147
0.6588959948586299,-0.23540064282265627,-0.23540064282265627,-0.45436688703915307
0.6528545774349427,-0.24666207916992738,-0.24666207916992738,-0.44427971799442745
0.646534088773177,-0.257669512114729,-0.257669512114729,-0.43409806712666
0.6399409352039046,-0.26842062233257996,-0.26842062233257996,-0.423825743927685
0.6330815732868526,-0.27891318474553334,-0.27891318474553334,-0.4134665252270146
0.6259625087229092,-0.2891450680693312,-0.2891450680693312,-0.4030241622229079
0.6185902963541222,-0.2991142348134077,-0.2991142348134077,-0.3925023879987222
0.6109715401637009,-0.3088187412808863,-0.3088187412808863,-0.38190492494525685
0.603112892232695,-0.3182567374373564,-0.3182567374373564,-0.37123549135855954
0.5950210523779278,-0.3274264657661365,-0.3274264657661365,-0.36049780894027217
0.5867027757676737,-0.33632626265669624,-0.33632626265669624,-0.3496956150206269
0.5781648526396398,-0.34495455867898317,-0.34495455867898317,-0.33883265393458495
0.5694141056941944,-0.3533098784676215,-0.3533098784676215,-0.3279126817076798
0.5604573900943695,-0.36139084072191024,-0.36139084072191024,-0.3169394725111359
0.5513015934658598,-0.36919615820582397,-0.36919615820582397,-0.3059168249713486
0.5419536348973308,-0.37672463815914947,-0.37672463815914947,-0.2948485673420702
0.5324204652173817,-0.3839751859368904,-0.3839751859368904,-0.28373856189247787
0.5227090730892014,-0.3909468042362875,-0.3909468042362875,-0.27259071595310325
0.5128264652341837,-0.39763859488894326,-0.39763859488894326,-0.26140897110079464
0.5027796641024049,-0.4040497592974873,-0.4040497592974873,-0.25019730632667586
0.49257570787262234,-0.4101795984355774,-0.4101795984355774,-0.23895974305759066
0.48222165045227694,-0.4160275128478973,-0.4160275128478973,-0.2277003499953447
0.4717245597041246,-0.42159300418114565,-0.42159300418114565,-0.2164232455679417
0.4610915206830785,-0.4268756815463984,-0.4268756815463984,-0.20513260182071255
0.4503296346998977,-0.4318752590962649,-0.4318752590962649,-0.19383264917397658
0.4394460020893018,-0.43659155846201014,-0.43659155846201014,-0.18252766510784257
0.4284477214550125,-0.4410245090035256,-0.4410245090035256,-0.1712219769492513
0.41734188966975205,-0.44517414780932996,-0.44517414780932996,-0.15991996519046317
0.4061356018528856,-0.44904061970727743,-0.44904061970727743,-0.14862606658076577
0.3948359479169615,-0.4526241822027037,-0.4526241822027037,-0.13734477166211256
0.3834500209459654,-0.45592520965758526,-0.45592520965758526,-0.12608063240448053
0.3719849024613294,-0.45894419108077505,-0.45894419108077505,-0.11483825338910894
0.36044765387632927,-0.46168173163947185,-0.46168173163947185,-0.10362228581960332
0.3488453164960811,-0.4641385526592212,-0.4641385526592212,-0.09243742919822028
0.33718491151754426,-0.4663154916239148,-0.4663154916239148,-0.08128843279456804
0.325473438433252,-0.46821350339684836,-0.46821350339684836,-0.07018009490971504
0.3137178756611409,-0.4698336685403505,-0.4698336685403505,-0.05911726028909782
0.3019251802322007,-0.4711771909473075,-0.4711771909473075,-0.0481048218668976
0.29010227096028735,-0.47224539713959574,-0.47224539713959574,-0.03714770686722628
0.2782560274505219,-0.47303973646054076,-0.47303973646054076,-0.02625087585774241
0.26639329009928986,-0.47356178107491703,-0.47356178107491703,-0.015419322559846462
0.2545208595101074,-0.4738132261779405,-0.4738132261779405,-0.004658072835984361
0.24264549359591647,-0.4737958961437836,-0.4737958961437836,0.006027821588456512
0.23077391197970154,-0.4735117465175511,-0.4735117465175511,0.01663328096915703
0.21891277881237828,-0.4729628591375503,-0.4729628591375503,0.02715321170186833
0.20706869969053032,-0.47215144197939574,-0.47215144197939574,0.03758251057747295
0.19524822165640815,-0.47107982915600943,-0.47107982915600943,0.047916066533594544
0.1834578328744212,-0.4697504809339763,-0.4697504809339763,0.058148762881162774
0.1717039591074159,-0.4681659875830534,-0.4681659875830534,0.06827548459874302
0.15999296758666168,-0.4663290733484658,-0.4663290733484658,0.07829111902300853
0.1483311517700082,-0.4642425886375468,-0.4642425886375468,0.08819056866584865
0.13672472762598387,-0.4619095089248143,-0.4619095089248143,0.09796875706530318
0.12517983363379473,-0.4593329347519704,-0.4593329347519704,0.10762063189190738
0.11370253027850423,-0.4565160916247357,-0.4565160916247357,0.11714116861221047
0.10229879702126204,-0.4534623328698074,-0.4534623328698074,0.12652537818804113
0.09097453372130623,-0.4501751422113746,-0.4501751422113746,0.1357683105415429
0.07973554719289838,-0.44665812378328584,-0.44665812378328584,0.14486506619597472
0.0685875489832262,-0.44291500088529706,-0.44291500088529706,0.15381080183452764
0.057536155372405764,-0.4389496159830724,-0.4389496159830724,0.16260073445413795
0.04658688614584403,-0.43476593022250304,-0.43476593022250304,0.17123014655756066
0.03574516306290593,-0.43036802671478847,-0.43036802671478847,0.17969439363096706
0.025016306182985133,-0.42576010678249676,-0.42576010678249676,0.18798891032327142
0.014405524829793973,-0.42094648070773644,-0.42094648070773644,0.1961092193531986
0.003917917226266741,-0.41593156742248116,-0.41593156742248116,0.2040509365000522
-0.00644152966019871,-0.4107198943460054,-0.4107198943460054,0.21180977549407407
-0.01666794237356385,-0.4053160967658604,-0.4053160967658604,0.21938155481708774
-0.02675656229216763,-0.3997249186328212,-0.3997249186328212,0.2267622043337172
-0.03670275340492146,-0.3939512007134561,-0.3939512007134561,0.23394777218315
-0.04650200387003629,-0.38799987839933625,-0.38799987839933625,0.24093443034249018
-0.0561499262489769,-0.3818759812864266,-0.3818759812864266,0.2477184797357433
-0.06564225956889952,-0.3755846311468179,-0.3755846311468179,0.25429635639057063
-0.07497486981737174,-0.369131043692881,-0.369131043692881,0.2606646378846386
-0.08414375691642015,-0.362520513981853,-0.362520513981853,0.2668200482729486
-0.09314505590780375,-0.3557584139733471,-0.3557584139733471,0.2727594631824909
-0.10197503707192132,-0.34885019217090424,-0.34885019217090424,0.2784799147945374
-0.11063010799344543,-0.34180136869433625,-0.34180136869433625,0.2839785964995418
-0.11910681246586545,-0.3346175425251223,-0.3346175425251223,0.2892528702835824
-0.12740183680904477,-0.3273043721919406,-0.3273043721919406,0.2943002685094787
-0.13551201163634746,-0.3198675701864908,-0.3198675701864908,0.2991184977891388
-0.143434311854639,-0.3123129029634941,-0.3123129029634941,0.3037054436998288
-0.15116585693067464,-0.30464618907111884,-0.30464618907111884,0.3080591747265511
-0.15870391182601098,-0.29687329510050475,-0.29687329510050475,0.31217794570203905
-0.16604588782870455,-0.28900013883389203,-0.28900013883389203,0.3160602046186151
-0.17318934620502122,-0.28103266672295146,-0.28103266672295146,0.3197045894942815
-0.18013199852025555,-0.2729768516693421,-0.2729768516693421,0.32310993173310687
-0.18687170663872918,-0.26483869302471336,-0.26483869302471336,0.3262752600995001
-0.19340648263776733,-0.25662421397152435,-0.25662421397152435,0.3291998031287921
-0.19973448888730844,-0.24833945750475095,-0.24833945750475095,0.3318829908498988
-0.20585403967170765,-0.2399904865466673,-0.2399904865466673,0.3343244600748735
-0.21176360137444455,-0.23158336223342377,-0.23158336223342377,0.3365240470645714
-0.21746179245238587,-0.22312414246221804,-0.22312414246221804,0.33848178991881583
-0.22294738343578624,-0.21461888189129416,-0.21461888189129416,0.340197931537606
-0.22821929627458348,-0.20607362853161737,-0.20607362853161737,0.3416729199788054
-0.23327660406286224,-0.19749442076836526,-0.19749442076836526,0.34290740924766516
-0.2381185321544023,-0.18888728333991345,-0.18888728333991345,0.34390226089543247
-0.24274445547370166,-0.18025820883579668,-0.18025820883579668,0.3446585340242448
-0.24715389840089744,-0.17161315703537786,-0.17161315703537786,0.3451774868175386
-0.25134653477176716,-0.16295805490784548,-0.16295805490784548,0.345460578334045
-0.25532218608195906,-0.15429879153691664,-0.15429879153691664,0.3455094655915515
-0.25908082228397467,-0.14564121845792372,-0.14564121845792372,0.34532600600800456
-0.2626225597859072,-0.1369911384390994,-0.1369911384390994,0.34491225078715737
-0.2659476577932046,-0.12835429383242764,-0.12835429383242764,0.3442704360465567
-0.26905651830246086,-0.11973636655549702,-0.11973636655549702,0.34340298358841786
-0.27194968582370904,-0.111142977582082,-0.111142977582082,0.3423125009386729
-0.2746278443302882,-0.10257968123474134,-0.10257968123474134,0.3410017755239591
-0.2770918194919608,-0.09405196656032272,-0.09405196656032272,0.3394737780579953
-0.27934257143572905,-0.08556524129607342,-0.08556524129607342,0.33773164652703086
-0.2813811929749495,-0.07712482842673832,-0.07712482842673832,0.3357786823403198
-0.28320890960933354,-0.06873596618455895,-0.06873596618455895,0.3336183499980345
-0.2848270775013062,-0.06040380556252673,-0.06040380556252673,0.3312542730981566
-0.286237182629248,-0.052133408450487854,-0.052133408450487854,0.32869023179839785
-0.28744083750487365,-0.04392974084361519,-0.04392974084361519,0.3259301549397819
-0.2884397746435251,-0.03579766401750951,-0.03579766401750951,0.32297810737156135
-0.28923584648288836,-0.027741934425418467,-0.027741934425418467,0.3198382886737322
-0.28983102466515226,-0.019767203169528125,-0.019767203169528125,0.3165150308216067
-0.290227396985392,-0.011878013280243861,-0.011878013280243861,0.3130127920176972
-0.29042716490395715,-0.0040787952996340325,-0.0040787952996340325,0.30933615017660426
-0.29043263676218833,0.003626139010498637,0.003626139010498637,0.30548979055626646
-0.29024622724186194,0.011232597095622819,0.011232597095622819,0.30147850317967745
-0.28987045503914793,0.018736506984191104,0.018736506984191104,0.29730717768797293
-0.28930794223568645,0.026133918297373056,0.026133918297373056,0.29298080017512934
-0.2885614064556596,0.03342100801002035,0.03342100801002035,0.2885044395097831
-0.2876336577259646,0.04059408246227737,0.04059408246227737,0.2838832407061894
-0.2865275973007041,0.04764957780091442,0.04764957780091442,0.2791224212032298
-0.2852462156995303,0.05458406056983879,0.05458406056983879,0.2742272661287915
-0.28379259087898084,0.06139422908659066,0.06139422908659066,0.26920312326324647
-0.2821698776609159,0.06807691810943106,0.06807691810943106,0.2640553865780356
-0.28038130708511333,0.07462909910368065,0.07462909910368065,0.2587894930058243
-0.2784301851858676,0.08104788037450274,0.08104788037450274,0.2534109186031435
-0.2763198892663391,0.08733050687147963,0.08733050687147963,0.24792517207143167
-0.2740538704845845,0.09347436035544326,0.09347436035544326,0.24233779509237918
-0.271635638780167,0.09947696256995897,0.09947696256995897,0.2366543415462894
-0.2690687611899079,0.10533597551945054,0.10533597551945054,0.230880373079837
-0.2663568618478876,0.11104920146919867,0.11104920146919867,0.2250214566839792
-0.263503619007305,0.11661458226264564,0.11661458226264564,0.2190831593219716
-0.2605127634017288,0.12203019750507979,0.12203019750507979,0.2130710446282299
-0.2573880774000046,0.1272942663313115,0.1272942663313115,0.20699066871188299
-0.25413338011606207,0.13240514652232213,0.13240514652232213,0.20084756183274396
-0.25075252687655386,0.13736133443666187,0.13736133443666187,0.1946472256052183
-0.247249409220855,0.1421614650104503,0.1421614650104503,0.18839513078764222
-0.2436279526750955,0.14680431054793008,0.14680431054793008,0.18209671326606217
-0.23989211341266944,0.1512887769927111,0.1512887769927111,0.17575737013183332
-0.23604587975980976,0.15561390679657372,0.15561390679657372,0.16938245783183942
-0.23209325650895543,0.15977887434705362,0.15977887434705362,0.16297727527881498
-0.22803826390131304,0.1637829855606464,0.1637829855606464,0.1565470610816148
-0.22388493762685557,0.16762567788280874,0.16762567788280874,0.1500969917446874
-0.21963732762810395,0.17130651929670998,0.17130651929670998,0.14363217911727197
-0.21529949377621255,0.17482520267997656,0.17482520267997656,0.13715766684028294
-0.21087550900236227,0.17818154953693863,0.17818154953693863,0.130678430293294
-0.20636944427945253,0.18137550270392813,0.18137550270392813,0.12419936243393048
-0.20178536678352843,0.1844071251700164,0.1844071251700164,0.11772527104811285
-0.1971273398937818,0.18727660007701316,0.18727660007701316,0.11126087748199495
-0.19239942245103994,0.18998422988737762,0.18998422988737762,0.10481081505924988
-0.18760566493776812,0.19253042990466926,0.19253042990466926,0.09837962708878191
-0.18275011239010996,0.19491573206340806,0.19491573206340806,0.0919717670741255
-0.17783679110185668,0.19714077590742898,0.19714077590742898,0.08559158800202328
-0.1728697065501293,0.1992063067635489,0.1992063067635489,0.0792433402569004
-0.1678528433953794,0.2011131757415662,0.2011131757415662,0.07293117093177905
-0.1627901648327212,0.20286233877328186,0.20286233877328186,0.06665912299933319
-0.1576856099032316,0.20445485008942652,0.20445485008942652,0.06043113517262917
-0.15254309529522012,0.2058918656572401,0.2058918656572401,0.05425104165104939
-0.14736650395427922,0.20717463288394156,0.20717463288394156,0.04812256480984976
-0.1421596835152169,0.2083044888144213,0.2083044888144213,0.04204931423143559
-0.13692644630205497,0.20928286013124126,0.20928286013124126,0.036034786575816255
-0.1316705686056857,0.21011126171005862,0.21011126171005862,0.030082365478045322
-0.12639578944029595,0.21079129086983006,0.21079129086983006,0.024195323123028044
-0.12110581053517899,0.21132462968388405,0.21132462968388405,0.018376819162313505
-0.11580428721810124,0.21171303414423662,0.21171303414423662,0.012629896733601426
-0.1104948276346981,0.21195833299858327,0.21195833299858327,0.006957482522210796
-0.10518099274847563,0.2120624277502988,0.2120624277502988,0.0013623871204372097
-0.09986629552413191,0.21202729027084835,0.21202729027084835,-0.004152694214949613
-0.0945542012270478,0.2118549590332373,0.2118549590332373,-0.009585178895633845
-0.08924812505123741,0.21154753865941686,0.21154753865941686,-0.014932598713438754
-0.08395142592387023,0.21110719015182292,0.21110719015182292,-0.020192600769111016
-0.078667406311514,0.2105361305075625,0.2105361305075625,-0.025362946779111082
-0.07339931222013243,0.20983663271841357,0.20983663271841357,-0.030441512332196656
-0.06815033246173441,0.2090110218490243,0.2090110218490243,-0.035426284899848746
-0.06292360005498632,0.20806167485158608,0.20806167485158608,-0.04031536148203075
-0.05772218769281186,0.20699101508380807,0.20699101508380807,-0.04510694965868334
-0.05254910479600318,0.20580150593460372,0.20580150593460372,-0.04979936648832642
-0.047407297512634936,0.20449565082236995,0.20449565082236995,-0.054391037527059746
-0.04229964865883122,0.2030759928416895,0.2030759928416895,-0.05888049570668142
-0.03722897786592959,0.2015451103113386,0.2015451103113386,-0.06326637793115134
-0.03219804201776989,0.19990561849603597,0.19990561849603597,-0.06754742444829248
-0.02720953089096517,0.198160160306422,0.198160160306422,-0.07172247754798455
-0.022266066446210896,0.19631140402030436,0.19631140402030436,-0.07579048002094388
-0.017370202828286038,0.19436204328265858,0.19436204328265858,-0.07975047402378409
-0.012524426435931884,0.19231479555881742,0.19231479555881742,-0.08360159909196702
-0.007731157070404129,0.1901724001310992,0.1901724001310992,-0.08734308883721602
-0.002992746015170085,0.18793761588532837,0.18793761588532837,-0.09097427062175184
0.0016885257591278784,0.18561321431460834,0.18561321431460834,-0.0944945626925842
0.006310447623203114,0.1832019793030637,0.1832019793030637,-0.09790347292489392
0.010870879250308198,0.18070670687530938,0.18070670687530938,-0.10120059748482792
0.015367749557144962,0.17813020273558539,0.17813020273558539,-0.10438561737964742
0.019799057101896375,0.1754752819629103,0.1754752819629103,-0.10745829755092669
0.02416287154485943,0.17274476232705144,0.17274476232705144,-0.11041848383612649
0.028457333702642033,0.16994146307362595,0.16994146307362595,-0.1132661012711623
0.0326806555289783,0.16706820463806552,0.16706820463806552,-0.1160011527988503
0.03683111927135897,0.1641278062618603,0.1641278062618603,-0.1186237161329329
0.04090707698825319,0.16112308862168134,0.16112308862168134,-0.12113394350954929
0.04490695142896925,0.1580568655791536,0.1580568655791536,-0.12353205736121729
0.04882923609791714,0.15493194237247312,0.15493194237247312,-0.12581834842457246
0.052672495254609035,0.1517511156164066,0.1517511156164066,-0.12799317471154298
0.05643536365987739,0.1485171725981223,0.1485171725981223,-0.13005695990465402
0.060116544700218405,0.1452328897729136,0.1452328897729136,-0.13201018979733653
0.06371481122070104,0.14190103491342393,0.14190103491342393,-0.13385341324363506
0.0672290049881284,0.13852435867912918,0.13852435867912918,-0.1355872365053542
0.07065803652793962,0.13510559371370998,0.13510559371370998,-0.13721232175959788
0.07400088512420896,0.1316474546450523,0.1316474546450523,-0.13872938624690184
0.07725659873801802,0.12815263796739443,0.12815263796739443,-0.14013920131200183
0.08042429154659769,0.12462382023098506,0.12462382023098506,-0.1414425883279358
0.08350314490828838,0.12106366105660683,0.12106366105660683,-0.1426404203946769
0.08649240634112636,0.11747479637817927,0.11747479637817927,-0.1437336172592803
0.0893913886182383,0.11385983631314052,0.11385983631314052,-0.1447231427029892
0.09219946976784055,0.11022136516244804,0.11022136516244804,-0.1456100039039704
0.09491609307323859,0.10656194141057941,0.10656194141057941,-0.14639525083367075
0.09754076557644703,0.10288409694739076,0.10288409694739076,-0.14707997386029453
0.10007305691296825,0.0991903385091727,0.0991903385091727,-0.14766530282357335
0.10251260001783524,0.09548314500849697,0.09548314500849697,-0.14815240588960038
0.10485908851563583,0.09176496359473792,0.09176496359473792,-0.1485424846241388
0.10711227668702195,0.0880382096209147,0.0880382096209147,-0.14883677353406385
0.10927197946871005,0.08430526664369062,0.08430526664369062,-0.14903653969115332
0.11133807177592221,0.08056848619350059,0.08056848619350059,-0.1491430816273164
0.11331048619690096,0.07683018846833392,0.07683018846833392,-0.14915772717463233
0.11518921460862216,0.07309266191827717,0.07309266191827717,-0.1490818345353305
0.11697430457576886,0.0693581590897163,0.0693581590897163,-0.14891678653443005
0.11866585899075466,0.06562889636711139,0.06562889636711139,-0.1486639899563076
0.1202640360737233,0.06190705397299726,0.06190705397299726,-0.14832487538567357
0.12176904903609341,0.058194775901977316,0.058194775901977316,-0.14790089672645118
0.12318116363469828,0.054494170524996596,0.054494170524996596,-0.14739352908231693
0.12450069987000888,0.05080731087684715,0.05080731087684715,-0.14680427045480807
0.1257280280497556,0.04713623117540865,0.04713623117540865,-0.14613463623000392
0.12686356801818982,0.04348292643425155,0.04348292643425155,-0.14538615825725443
0.12790778915608353,0.03984935246263818,0.03984935246263818,-0.1445603848820432
0.12886121013693871,0.036237425850384676,0.036237425850384676,-0.14365888076653982
0.12972439667559899,0.03264902470423079,0.03264902470423079,-0.14268322520914475
0.13049796305536246,0.029085988876853687,0.029085988876853687,-0.14163501382146956
0.131182567986926,0.02555011733778681,0.02555011733778681,-0.1405158534270905
0.13177891367215344,0.022043167870827232,0.022043167870827232,-0.13932736118984448
0.13228774580407573,0.018566857074034146,0.018566857074034146,-0.13807116480310808
0.1327098534875166,0.015122860508086696,0.015122860508086696,-0.13674890269902432
-1.0,0.7,0.7,0.8500000000000001
-0.9821928688345303,0.7208612718087716,0.7208612718087716,0.8147027992480254
-0.9638739838059319,0.7408360648047646,0.7408360648047646,0.7792665627351332
-0.9450656341586059,0.7599214538704647,0.7599214538704647,0.7437347177968952
-0.9257901380587884,0.778115570570567,0.778115570570567,0.708149828718887
-0.9060698276689653,0.7954175961755028,0.7954175961755028,0.6725535361036276
-0.8859270491413836,0.8118277616531517,0.8118277616531517,0.6369865155948797
-0.8653841340033229,0.8273473027548177,0.8273473027548177,0.6014884225028503
-0.8444633996070355,0.8419784432520387,0.8419784432520387,0.5660978646361905
-0.8231870900464052,0.8557243557760443,0.8557243557760443,0.5308523092021967
-0.801577331254326,0.8685891139882593,0.8685891139882593,0.4957880178563578
-0.7796561310027013,0.8805776925803037,0.8805776925803037,0.4609400212345697
-0.7574453710952465,0.8916959507906564,0.8916959507906564,0.42634209373864135
-0.734966785326961,0.901950564050475,0.901950564050475,0.39202673840849295
-0.7122419511835802,0.9113490300020286,0.9113490300020286,0.35802515558772463
-0.6892922232037263,0.9198995776908527,0.9198995776908527,0.32436718815212706
-0.6661387280594611,0.9276111593564715,0.9276111593564715,0.2910813093853606
-0.6428023639152549,0.934493448720441,0.934493448720441,0.2581946153660424
-0.6193037815661133,0.9405567730927047,0.9405567730927047,0.22573282979217862
-0.5956633902556473,0.9458121128481735,0.9458121128481735,0.1937203087297309
-0.5719013045866672,0.9502710206097073,0.9502710206097073,0.16218001471939997
-0.5480373268428023,0.9539455842041598,0.9539455842041598,0.13113351706332327
-0.5240909469885012,0.9568484266623781,0.9568484266623781,0.10060099780037296
-0.5000813365072999,0.9589926757204338,0.9589926757204338,0.07060126727166849
-0.4760273465338712,0.9603919125530731,0.9603919125530731,0.0411517971869503
-0.4519474878152222,0.9610601518904532,0.9610601518904532,0.012268718218493672
-0.42785990014815356,0.9610117626674926,0.9610117626674926,-0.016033162354635123
-0.4037823518502004,0.9602614662441225,0.9602614662441225,-0.04374034373872502
-0.3797322388140713,0.9588243289771007,0.9588243289771007,-0.07084061103552966
-0.3557265830498923,0.9567156995559877,0.9567156995559877,-0.09732298635043116
-0.33178203120573607,0.9539512132443272,0.9539512132443272,-0.12317771217022672
-0.30791482622235317,0.9505467065046568,0.9505467065046568,-0.14839621898846683
-0.2841408040150965,0.9465182021638197,0.9465182021638197,-0.17297109776554423
-0.26047539346754145,0.9418819092881274,0.9418819092881274,-0.19689607505610815
-0.23693361808343982,0.936654182528241,0.936654182528241,-0.22016596530505878
-0.21353010221236343,0.9308515101598289,0.9308515101598289,-0.24277663195738652
-0.19027905381535962,0.9244904633303774,0.9244904633303774,-0.26472495418565545
-0.16719425903132618,0.9175876578841756,0.9175876578841756,-0.28600878586015477
-0.1442890821770113,0.9101597543623153,0.9101597543623153,-0.3066269271570495
-0.12157646785167614,0.9022234447982186,0.9022234447982186,-0.32657908704037525
-0.09906895207220251,0.8937954187106968,0.8937954187106968,-0.34586582583020903
-0.07677865448992098,0.8848923528373823,0.8848923528373823,-0.3644885295717136
-0.054717275121706196,0.8755308579613901,0.8755308579613901,-0.38244935781963996
-0.032896094453009936,0.8657274764904785,0.8657274764904785,-0.39975121318617707
-0.011325974400776487,0.8554986795989721,0.8554986795989721,-0.41639770985948416
0.00998262819961808,0.8448608399831185,0.8448608399831185,-0.43239311761802296
0.031019663042824643,0.8338302287486246,0.8338302287486246,-0.44774233351807885
0.05177548564263652,0.8224229729930597,0.8224229729930597,-0.4624508319564602
0.07224085598255502,0.8106550483528778,0.8106550483528778,-0.4765246319043755
0.09240693800202907,0.7985422780496992,0.7985422780496992,-0.4899702685886965
0.11226528651160037,0.7861003165891634,0.7861003165891634,-0.5027947458950758
0.131807844979314,0.7733446507316053,0.7733446507316053,-0.5150055087454984
0.151026940398727,0.7602905667641842,0.7602905667641842,-0.5266103964355789
0.1699152803261964,0.7469531418781128,0.7469531418781128,-0.5376176107675869
0.18846595288087906,0.7333472441686587,0.7333472441686587,-0.5480356918861489
0.20667241571205075,0.7194875212415731,0.7194875212415731,-0.5578734788495863
0.22452849038838085,0.7053884104472332,0.7053884104472332,-0.5671400870127804
0.2420283569939494,0.6910641226312578,0.6910641226312578,-0.5758448731917402
0.259166542225327,0.676528620531062,0.676528620531062,-0.5839973931690516
0.2759379193901692,0.6617956187737932,0.6617956187737932,-0.5916073817055907
0.29233770840721685,0.6468785838763312,0.6468785838763312,-0.5986847331940258
0.30836147288861343,0.6317907336661835,0.6317907336661835,-0.6052394801292982
0.32400509065591515,0.616545037189912,0.616545037189912,-0.6112817494966816
0.33926477126173465,0.6011542204256772,0.6011542204256772,-0.6168217644707178
0.3541370340655624,0.5856307491397267,0.5856307491397267,-0.621869800856075
0.36861870159741217,0.569986826307352,0.569986826307352,-0.6264361653176158
0.38270689955782056,0.5542343921128892,0.5542343921128892,-0.6305311814204332
0.3963990568178472,0.5383851239497192,0.5383851239497192,-0.634165176343491
0.4096928987891538,0.5224504385528158,0.5224504385528158,-0.6373484638019097
0.4225864202400751,0.5064415060179964,0.5064415060179964,-0.6400913167348091
0.4350779049796647,0.4903692414117007,0.4903692414117007,-0.6424039690052162
0.4471658989050045,0.4742443038892854,0.4742443038892854,-0.644296582620943
0.45884920674567486,0.45807709727629353,0.45807709727629353,-0.6457792364775946
0.47012689206375446,0.44187777006845347,0.44187777006845347,-0.6468619181696762
0.4809982772538206,0.4256562154316797,0.4256562154316797,-0.6475545164254317
0.4914629297799876,0.40942208060468566,0.40942208060468566,-0.6478668078127445
0.5015206522280453,0.3931847802379149,0.3931847802379149,-0.647808449424754
0.5111714873717943,0.3769534859023635,0.3769534859023635,-0.6473889724225976
0.5204156958805412,0.36073713464529755,0.36073713464529755,-0.6466177638994244
0.5292537560953329,0.3445444291099664,0.3445444291099664,-0.6455040629821125
0.5376863640289578,0.3283838375356023,0.3283838375356023,-0.6440569575842228
0.5457144323845213,0.3122635945710859,0.3122635945710859,-0.6422853813275122
0.5533390704142659,0.2961917222241898,0.2961917222241898,-0.640198106156976
0.5605615953056978,0.2801760251615587,0.2801760251615587,-0.6378037474601435
0.5673835137176376,0.26422409558721505,0.26422409558721505,-0.6351107511835306
0.5738065133080075,0.24834331868625592,0.24834331868625592,-0.6321273897081968
0.5798324627338307,0.23254087262485396,0.23254087262485396,-0.6288617620782618
0.5854634116512322,0.21682372855025794,0.21682372855025794,-0.6253217946499011
0.5907015851361267,0.20119865677642668,0.20119865677642668,-0.6215152409878735
0.5955493725015123,0.1856722467194621,0.1856722467194621,-0.6174496848438543
0.600009334895266,0.1702508951451518,0.1702508951451518,-0.61313254207555
0.604084183949393,0.15494081947837324,0.15494081947837324,-0.6085710534290188
0.6077767805465855,0.1397480588577481,0.1397480588577481,-0.603772286981145
0.6110901348202222,0.12467847413564052,0.12467847413564052,-0.598743141313123
0.614027405928258,0.1097377481205109,0.1097377481205109,-0.5934903489423162
0.6165918904586598,0.0949314022853766,0.0949314022853766,-0.5880204797254713
0.6187870295996614,0.08026479661349642,0.08026479661349642,-0.5823399503062552
0.6206163955439185,0.06574313241646779,0.06574313241646779,-0.5764550196685672
0.6220836828211824,0.05137145916705627,0.05137145916705627,-0.5703717907182374
0.6231927082983012,0.037154674499195406,0.037154674499195406,-0.5640962152126646
0.6239474111792184,0.023097524207987594,0.023097524207987594,-0.5576340988997625
0.6243518496539558,0.009204606849965966,0.009204606849965966,-0.5509911066456756
0.6244101964582174,-0.004519611688415304,-0.004519611688415304,-0.5441727719258118
0.6241267409422447,-0.018070806042548272,-0.018070806042548272,-0.537184500169133
0.6235058731005739,-0.03144478161574956,-0.03144478161574956,-0.5300315675345174
0.6225520827959032,-0.044637473857495544,-0.044637473857495544,-0.5227191267084521
0.6212699597590932,-0.057644948263422535,-0.057644948263422535,-0.5152522130475689
0.6196641924856287,-0.07046339923005367,-0.07046339923005367,-0.5076357505808285
0.6177395628517306,-0.08308913840408998,-0.08308913840408998,-0.4998745601472362
0.615500953154151,-0.09551859896657248,-0.09551859896657248,-0.491973369004131
0.6129533290018977,-0.10774832961008626,-0.10774832961008626,-0.4839368074899528
0.6101017364443916,-0.11977499266289217,-0.11977499266289217,-0.4757694143504531
0.6069513019714662,-0.13159536408892825,-0.13159536408892825,-0.46747564333403047
0.6035072325109517,-0.14320633348659492,-0.14320633348659492,-0.4590598698290487
0.5997748086074688,-0.15460489825068738,-0.15460489825068738,-0.45052639527409993
0.5957593955243787,-0.16578816155683004,-0.16578816155683004,-0.4418794632748491
0.5914664330097498,-0.17675333316977704,-0.17675333316977704,-0.4331232581494059
0.5869014225275241,-0.1874977251337712,-0.1874977251337712,-0.4242619040076722
0.5820699272575175,-0.19801875177254347,-0.19801875177254347,-0.41529947132773143
0.57697757209542,-0.20831392968931245,-0.20831392968931245,-0.4062399835105387
0.571630043652795,-0.21838087776678547,-0.21838087776678547,-0.397087423408103
0.5660330866282134,-0.2282173145598934,-0.2282173145598934,-0.3878457383166942
0.5601925086972326,-0.23782105426259753,-0.23782105426259753,-0.378518852205834
0.5541141778513424,-0.2471900110688252,-0.2471900110688252,-0.369110667897756
0.5478040062335728,-0.2563221958984906,-0.2563221958984906,-0.3596250624352171
0.5412679498770987,-0.2652157163007657,-0.2652157163007657,-0.35006589301388435
0.5345120087052395,-0.27386877645408003,-0.27386877645408003,-0.3404370029881775
0.5275422265314604,-0.28227967716612035,-0.28227967716612035,-0.3307422277936461
0.5203646887352251,-0.2904468154266274,-0.2904468154266274,-0.32098539916540986
0.5129855255980369,-0.29836868362018043,-0.29836868362018043,-0.3111703538933278
0.5054109115913538,-0.30604387126581195,-0.30604387126581195,-0.3013009380473271
0.4976470487411253,-0.3134710643349297,-0.3134710643349297,-0.2913809995495101
0.4897001660544942,-0.3206490451970342,-0.3206490451970342,-0.2814143929292172
0.48157651951979474,-0.32757669261971895,-0.32757669261971895,-0.2714049843793754
0.47328239210655393,-0.3342529817686705,-0.3342529817686705,-0.26135665668659835
0.46482409122903173,-0.34067698498840593,-0.34067698498840593,-0.2512733115774497
0.45620795397720987,-0.3468478741565307,-0.3468478741565307,-0.2411588774445301
0.4474403417963347,-0.35276492023129413,-0.35276492023129413,-0.23101730978732346
0.43852762658658767,-0.35842749382561756,-0.35842749382561756,-0.22085258381784575
0.4294761905083145,-0.3638350652272249,-0.3638350652272249,-0.21066869825199522
0.42029242598202526,-0.36898720439864224,-0.36898720439864224,-0.20046967911513291
0.4109827356121158,-0.37388358099773783,-0.37388358099773783,-0.19025958331900322
0.40155352881959205,-0.3785239674128529,-0.3785239674128529,-0.18004249781167223
0.39201123042112473,-0.3829082411488648,-0.3829082411488648,-0.1698225488914355
0.3823622655107942,-0.3870363836024383,-0.3870363836024383,-0.15960389329226565
0.37261305247070553,-0.3909084806447456,-0.3909084806447456,-0.14939071477402538
0.36277000297098805,-0.3945247226214662,-0.3945247226214662,-0.1391872266491408
0.3528395219697955,-0.3978854043527872,-0.3978854043527872,-0.12899767414062716
0.3428280063703467,-0.40099092582028373,-0.40099092582028373,-0.11882633506983155
0.3327418454421441,-0.4038417978872213,-0.4038417978872213,-0.10867751935688469
0.3225874219586709,-0.4064386412011899,-0.4064386412011899,-0.09855557239688764
0.31237109584071315,-0.4087821852766091,-0.4087821852766091,-0.08846486289906301
0.30209920298838766,-0.4108732686232054,-0.4108732686232054,-0.07840978298754116
0.29177805528114287,-0.41271283874601195,-0.41271283874601195,-0.06839474919940776
0.2814139403642594,-0.41430195219143656,-0.41430195219143656,-0.05842420310227331
0.2710131184446805,-0.415641778337852,-0.415641778337852,-0.04850260720193243
0.2605818284246282,-0.4167336027349234,-0.4167336027349234,-0.03863444919614202
0.25012627246590835,-0.4175788229810354,-0.4175788229810354,-0.028824230539852697
0.2396526112640587,-0.41817894840350434,-0.41817894840350434,-0.01907646224517013
0.2291669640483493,-0.4185356000585782,-0.4185356000585782,-0.00939566453683271
0.21867540858103449,-0.41865051073140475,-0.41865051073140475,0.0002136336482843615
0.20818397808288444,-0.41852552660928444,-0.41852552660928444,0.009746898967840761
0.19769866541430303,-0.41816261288930345,-0.41816261288930345,0.019199593491668002
0.18722541236481707,-0.41756384831485405,-0.41756384831485405,0.02856718279964511
0.17677010207947838,-0.4167314231774634,-0.4167314231774634,0.03784514330709117
0.1663385590588608,-0.41566763931679396,-0.41566763931679396,0.0470289638454918
0.15593654915906272,-0.4143749101206429,-0.4143749101206429,0.0561141473739861
0.14556977690878034,-0.41285576114986394,-0.41285576114986394,0.06509621565600604
0.13524388807261134,-0.4111128356857974,-0.4111128356857974,0.07397071162248675
0.1249644606311172,-0.40914888833756763,-0.40914888833756763,0.08273320682183183
0.11473699753484469,-0.4069667814793571,-0.4069667814793571,0.09137930892549606
0.10456692670242623,-0.40456948524985137,-0.40456948524985137,0.09990466435449757
0.09445960097061958,-0.40196007752499235,-0.40196007752499235,0.10830496103498234
0.08442029534236188,-0.39914174398158153,-0.39914174398158153,0.1165759339015672
0.07445420911096719,-0.396117782829977,-0.396117782829977,0.12471336815488925
0.06456645566333942,-0.39289159561818965,-0.39289159561818965,0.1327131075851406
0.05476205834033166,-0.38946668406115864,-0.38946668406115864,0.14057106029698163
0.0450459504367486,-0.3858466500407524,-0.3858466500407524,0.1482832021137776
0.03542297471598156,-0.3820351952243218,-0.3820351952243218,0.1558455803237251
0.025897881571623302,-0.37803612182664253,-0.37803612182664253,0.16325431939567756
0.016475327928710343,-0.3738533326984682,-0.3738533326984682,0.17050562570659547
0.0071598685563945275,-0.369490820801098,-0.369490820801098,0.17759579458770344
-0.0020440448612599124,-0.3649526681804357,-0.3649526681804357,0.18452121457535675
-0.011132063745220244,-0.36024304593797746,-0.36024304593797746,0.1912783712828545
-0.020099944098254396,-0.3553662129690714,-0.3553662129690714,0.19786385213334068
-0.028943547398624998,-0.350326517247898,-0.350326517247898,0.2042743518097773
-0.0376588466303628,-0.3451283857504165,-0.3451283857504165,0.21050667725147687
-0.04624192829639648,-0.3397763210814217,-0.3397763210814217,0.21655775202362115
-0.05468899253339691,-0.33427490122041864,-0.33427490122041864,0.2224246203244698
-0.06299635476295856,-0.32862877684168246,-0.32862877684168246,0.2281044513264839
-0.07116044530473926,-0.3228426747132998,-0.3228426747132998,0.23359454445658293
-0.07917781532008186,-0.3169213839638426,-0.3169213839638426,0.23889233258977538
-0.08704513822884577,-0.3108697527408682,-0.3108697527408682,0.24399538581713565
-0.09475920970940505,-0.3046926882109212,-0.3046926882109212,0.24890141537981586
-0.10231694892202411,-0.2983951522595999,-0.2983951522595999,0.25360827665916647
-0.10971539793232057,-0.2919821665563764,-0.2919821665563764,0.25811397491919824
-0.11695172534244075,-0.28545880095002346,-0.28545880095002346,0.26241666702956723
-0.12402322897521818,-0.27883016339121663,-0.27883016339121663,0.2665146629359144
-0.13092733587420397,-0.27210139993241367,-0.27210139993241367,0.2704064292962341
-0.13766160232415023,-0.26527769447104543,-0.26527769447104543,0.2740905929105634
-0.14422371429499198,-0.2583642626252191,-0.2583642626252191,0.2775659415606102
-0.15061148761761925,-0.251366358671091,-0.251366358671091,0.2808314309936432
-0.15682287062702494,-0.24428925736872814,-0.24428925736872814,0.2838861818617291
-0.1628559448134066,-0.2371382474040648,-0.2371382474040648,0.2867294802676525
-0.16870892482216532,-0.22991863138890398,-0.22991863138890398,0.2893607807795475
-0.17438015841958207,-0.2226357254767107,-0.2226357254767107,0.29177970908802514
-0.17986812577108882,-0.2152948528502155,-0.2152948528502155,0.29398606072987743
-0.18517144078586142,-0.20790134950257114,-0.20790134950257114,0.29597980803368934
-0.1902888510800271,-0.20046054563113455,-0.20046054563113455,0.2977610932646657
-0.19521923764472449,-0.19297776000501915,-0.19297776000501915,0.2993302277965515
-0.1999616148461042,-0.18545829996509403,-0.18545829996509403,0.30068769431102355
-0.20451513026154014,-0.17790746077491282,-0.17790746077491282,0.3018341483501755
-0.2088790630234398,-0.17033051957357634,-0.17033051957357634,0.302770415404138
-0.21305282587987207,-0.16273273917818923,-0.16273273917818923,0.30349749679204646
-0.2170359623045103,-0.15511935010131722,-0.15511935010131722,0.3040165591418579
-0.22082814566580328,-0.14749554672339535,-0.14749554672339535,0.3043289330111404
-0.22442917922697536,-0.139866487292727,-0.139866487292727,0.3044361141710376
-0.22783899553406023,-0.13223729251061636,-0.13223729251061636,0.3043397633665623
-0.2310576545714655,-0.12461304127784412,-0.12461304127784412,0.3040417031576009
-0.23408534526829083,-0.11699877044658687,-0.11699877044658687,0.3035439202654593
-0.23692238019674833,-0.10939945947455187,-0.10939945947455187,0.3028485527816428
-0.23956919501844168,-0.10182002902336465,-0.10182002902336465,0.30195788937048085
-0.24202634848436627,-0.09426534095856817,-0.09426534095856817,0.30087436963578557
-0.24429452049675748,-0.0867401953942001,-0.0867401953942001,0.29960058074280566
-0.24637451204555705,-0.07924932995589543,-0.07924932995589543,0.29813925706064204
-0.2482672425851504,-0.07179741248018492,-0.07179741248018492,0.29649327357340965
-0.24997374511630074,-0.06438903243544955,-0.06438903243544955,0.29466563598351936
-0.25149516615663503,-0.05702870087445198,-0.05702870087445198,0.2926594803138917
-0.25283276527010246,-0.049720849940457085,-0.049720849940457085,0.29047807167915635
-0.253987912066901,-0.04246982974482566,-0.04246982974482566,0.2881247988345346
-0.25496208724403785,-0.03527990769120199,-0.03527990769120199,0.2856031742760061
-0.25575687462724506,-0.028155258296966232,-0.028155258296966232,0.2829168195595474
-0.25637395990936257,-0.021099961760495313,-0.021099961760495313,0.28006946225353174
-0.256815130600517,-0.014118003926417506,-0.014118003926417506,0.2770649348247979
-0.2570822730771535,-0.007213274340442912,-0.007213274340442912,0.2739071692734782
-0.25717737303121424,-0.00038956571739015046,-0.00038956571739015046,0.27060019612975655
-0.2571025081907704,0.006349433003833109,0.006349433003833109,0.2671481316324509
-0.25685984527568156,0.013000139026469886,0.013000139026469886,0.263555171785456
-0.256451639951542,0.01955907571412497,0.01955907571412497,0.2598255908212466
-0.2558802343383921,0.026022873475829034,0.026022873475829034,0.25596373646549164
-0.255148056042073,0.03238827094378813,0.03238827094378813,0.2519740266705887
-0.2542576110920503,0.03865211945380072,0.03865211945380072,0.24786093792479721
-0.253211481506497,0.0448113842214552,0.0448113842214552,0.24362900026911244
-0.2520123240078845,0.050863144719022896,0.050863144719022896,0.23928279393874405
-0.25066286860075127,0.056804594801987546,0.056804594801987546,0.234826945938789
-0.24916591755058085,0.06263304342990537,0.06263304342990537,0.23026612672939273
-0.24752433497914728,0.06834591838082435,0.06834591838082435,0.2256050350701089
-0.24574104627760626,0.0739407664461286,0.0739407664461286,0.22084839541966447
-0.24381903785468345,0.07941525343584438,0.07941525343584438,0.21600095578083797
-0.2417613521414382,0.08476716376614361,0.08476716376614361,0.21106748053621768
-0.23957109270082597,0.08999440001739852,0.08999440001739852,0.20605275438370027
-0.23725141149000378,0.09509498498657035,0.09509498498657035,0.20096156544751845
-0.23480550448519666,0.1000670620473503,0.1000670620473503,0.19579869844883108
-0.23223661168169746,0.10490889515016015,0.10490889515016015,0.1905689328676965
-0.22954801670857466,0.10961886871539284,0.10961886871539284,0.18527704074584625
-0.22674304118524116,0.11419548515464317,0.11419548515464317,0.17992777995310597
-0.22382505056595425,0.11863736608270369,0.11863736608270369,0.1745258981767728
-0.2207974403192325,0.1229432514785153,0.1229432514785153,0.16907611651027987
-0.21766363172940598,0.1271119989241394,0.1271119989241394,0.16358312358286314
-0.21442707189661597,0.1311425836047583,0.1311425836047583,0.15805157392666813
-0.21109123369434613,0.13503409828569607,0.13503409828569607,0.1524860863400183
-0.20765961069852062,0.13878574965969637,0.13878574965969637,0.14689123865176468
-0.20413572146169529,0.1423968593551886,0.1423968593551886,0.14127157033943835
-0.20052309921661307,0.14586686210020122,0.14586686210020122,0.1356315708303996
-0.19682528537536614,0.14919530300279799,0.14919530300279799,0.129975672466586
-0.19304582952939667,0.15238183755107704,0.15238183755107704,0.12430824921359672
-0.18918828944949645,0.15542623161317146,0.15542623161317146,0.11863361541587601
-0.18525622777932438,0.15832835809345186,0.15832835809345186,0.11295602271880344
-0.18125321344545553,0.16108819589121168,0.16108819589121168,0.10727966097671046
-0.17718281580298684,0.16370582909609394,0.16370582909609394,0.1016086512981149
-0.17304859631777994,0.1661814417256898,0.1661814417256898,0.09594703879244583
-0.16885410854237393,0.16851531770678127,0.16851531770678127,0.09029879168331126
-0.16460289811598414,0.17070784087534194,0.17070784087534194,0.08466780049194939
-0.1602985004624153,0.17275949188932274,0.17275949188932274,0.07905787636785373
-0.15594444132309257,0.17467084617723488,0.17467084617723488,0.07347275199038943
-0.1515442325382697,0.17644257330458246,0.17644257330458246,0.06791607676910111
-0.1471013640202428,0.17807543018408914,0.17807543018408914,0.062391411187521416
-0.14261930367188247,0.17957026099195925,0.17957026099195925,0.05690222633187337
-0.13810149738663502,0.18092799716787744,0.18092799716787744,0.05145190351878245
-0.13355136719241079,0.18214965411841819,0.18214965411841819,0.04604373366899412
-0.12897231210578597,0.1832363295440139,0.1832363295440139,0.04068091879176147
-0.12436770370821743,0.1841892016311599,0.1841892016311599,0.03536656803776847
-0.11974087970372169,0.18500952201518475,0.18500952201518475,0.03010369435057354
-0.11509514387360541,0.18569861572008375,0.18569861572008375,0.024895214442220717
-0.11043376607646636,0.18625788115851877,0.18625788115851877,0.019743948835173317
-0.10575998062145875,0.1866887861287675,0.1866887861287675,0.01465262225728527
-0.10107698784025539,0.18699286782191513,0.18699286782191513,0.00962386542346965
-0.09638794863632745,0.18717172836967735,0.18717172836967735,0.004660211779952633
-0.09169598030814471,0.18722702899042745,0.18722702899042745,-0.0002359036261346788
-0.08700415654889554,0.18716048998870521,0.18716048998870521,-0.005062143794100123
-0.08231550739992112,0.18697389064168637,0.18697389064168637,-0.009816269369220773
-0.0776330181189934,0.18666906451398751,0.18666906451398751,-0.014496137037547568
-0.07295963078276456,0.18624790139720446,0.18624790139720446,-0.019099698371046206
-0.06829823832410532,0.18571233966352765,0.18571233966352765,-0.023625001636023248
-0.06365168257294222,0.1850643626992105,0.1850643626992105,-0.028070191437789712
-0.05902275425625707,0.1843059989045691,0.1843059989045691,-0.032433508092028586
-0.054414192845312,0.183439321075523,0.183439321075523,-0.03671328681584814
-0.0498286865010337,0.18246644232018847,0.18246644232018847,-0.040907955059376874
-0.045268872165490075,0.18138951765591965,0.18138951765591965,-0.04501603250504266
-0.040737330810057745,0.18021073521576528,0.18021073521576528,-0.04903613077351928
-0.03623658687011086,0.1789323148184108,0.1789323148184108,-0.05296695249349552
-0.031769108245020536,0.17755650796817832,0.17755650796817832,-0.056807290491331854
-0.027337306190225865,0.17608559620265404,0.17608559620265404,-0.06055602624915352
-0.02294353623790372,0.1745218893112632,0.1745218893112632,-0.06421212724670787
-0.01859009621669317,0.17286772344526577,0.17286772344526577,-0.06777464717047052
-0.014279223920301076,0.17112545442833632,0.17112545442833632,-0.07124272404671386
-0.010013097065788106,0.16929745757542206,0.16929745757542206,-0.07461557929935314
-0.005793833291274155,0.1673861275695601,0.1673861275695601,-0.07789251679266447
-0.0016234906897886724,0.1653938757182655,0.1653938757182655,-0.08107292002494011
0.0024959319370427176,0.16332313074458912,0.16332313074458912,-0.0841562513740904
0.006562497376528548,0.16117633215498123,0.16117633215498123,-0.08714205017965578
0.010574330357124951,0.1589559281996946,0.1589559281996946,-0.09002993116447192
0.014529617548436048,0.15666437587278448,0.15666437587278448,-0.09281958352760751
0.018426607233934765,0.15430413958178207,0.15430413958178207,-0.09551076905399507
0.022263608397691582,0.15187769068857657,0.15187769068857657,-0.09810332009020271
0.026038992077033488,0.14938750407856355,0.14938750407856355,-0.1005971382946377
0.02975119175259224,0.14683605412234307,0.14683605412234307,-0.10299219213162387
0.03339870334743648,0.14422581464958678,0.14422581464958678,-0.10528851599517185
0.03698008506446201,0.14155925790003057,0.14155925790003057,-0.10748620867620232
0.04049395628081699,0.1388388541214682,0.1388388541214682,-0.10958543124249655
0.043938997902278724,0.13606707155573977,0.13606707155573977,-0.11158640657281732
0.0473139526651916,0.1332463694438028,0.1332463694438028,-0.11348941536373221
0.05061762512911193,0.13037919769719689,0.13037919769719689,-0.1152947951829681
0.05384888167680653,0.12746799689804483,0.12746799689804483,-0.1170029397142604
0.057006650078492004,0.12451519742806275,0.12451519742806275,-0.11861429716188904
0.06008991776572562,0.12152321898433784,0.12152321898433784,-0.1201293676144762
0.06309773297354748,0.11849447115168342,0.11849447115168342,-0.12154870376810897
0.0660292038012343,0.11543134657738562,0.11543134657738562,-0.12287290593900212
0.06888349810239276,0.11233622056677223,0.11233622056677223,-0.12410262112361442
0.07165984348495993,0.10921145108321226,0.10921145108321226,-0.12523854239290827
0.07435752717911062,0.10605937858874104,0.10605937858874104,-0.1262814081038427
0.07697589374164901,0.10288232478002111,0.10288232478002111,-0.12723199848819444
0.079514346306992,0.09968259486139418,0.09968259486139418,-0.12809113748396345
0.08197234517275694,0.09646247154188059,0.09646247154188059,-0.1288596878690729
0.08434940708657364,0.09322421363389358,0.09322421363389358,-0.12953854940834914
0.08664510524608382,0.0899700560532398,0.0899700560532398,-0.13012865842008275
0.08885906929894062,0.08670220981912016,0.08670220981912016,-0.13063098736916592
0.09099098371474566,0.08342286133780928,0.08342286133780928,-0.13104654256017487
0.0930405875022438,0.08013417399255139,0.08013417399255139,-0.13137636431396696
0.09500767400574192,0.07683828495526372,0.07683828495526372,-0.13162152485937753
0.09689208883023546,0.0735373024638335,0.0735373024638335,-0.131783124686575
0.09869372983915169,0.07023330582016729,0.07023330582016729,-0.13186229228732266
0.10041254715434939,0.06692834539019166,0.06692834539019166,-0.13186018392424032
0.10204854226218707,0.0636244423585972,0.0636244423585972,-0.1317779824459182
0.10360176658251617,0.06032358966623889,0.06032358966623889,-0.13161689620783198
0.10507232226649753,0.05702775073739676,0.05702775073739676,-0.13137815905390096
0.10646035906966432,0.05373885643302192,0.05373885643302192,-0.1310630256755269
0.10776607421227727,0.05045880496294299,0.05045880496294299,-0.13067277134352354
0.10898971237932485,0.047189461885865674,0.047189461885865674,-0.1302086918413521
0.11013156513580669,0.04393266003071454,0.04393266003071454,-0.12967210282331149
0.11119196924676969,0.04069020031870169,0.04069020031870169,-0.12906433860112562
0.11217130768304,0.03746385112904698,0.03746385112904698,-0.12838675279409884
0.11307000601441868,0.034255345711220186,0.034255345711220186,-0.1276407136180086
0.11388853209524659,0.031066382049105886,0.031066382049105886,-0.1268276035712375
0.11462739606440424,0.027898622861004165,0.027898622861004165,-0.12594881950920517
0.11528714981652463,0.024753695600515973,0.024753695600515973,-0.12500577223421908
0.11586838550998303,0.02163319334632044,0.02163319334632044,-0.12399988563100524
0.11637173629373032,0.01853867412891731,0.01853867412891731,-0.12293259715658547
0.11679787254132283,0.015471659087532237,0.015471659087532237,-0.12180535347905312
0.11714750152289333,0.012433632384827229,0.012433632384827229,-0.12061961029269568
0.11742136740515088,0.009426041206901516,0.009426041206901516,-0.11937683250394256
0.11762025056065398,0.006450295867828798,0.006450295867828798,-0.11807849382617817
0.1177449666619933,0.003507770742616812,0.003507770742616812,-0.11672607659845492
0.11779636642015599,0.0005998032291557806,0.0005998032291557806,-0.11532107124637556
0.11777533216099642,-0.0022723072084312144,-0.0022723072084312144,-0.1138649727836542
0.11768277768171545,-0.005107299053590751,-0.005107299053590751,-0.11235928092234326
0.11751964824996161,-0.007903948737248086,-0.007903948737248086,-0.11080550033637862
0.11728691945588278,-0.010661070235513947,-0.010661070235513947,-0.10920514004303566
0.11698559740648085,-0.013377514603898733,-0.013377514603898733,-0.10755971410442124
0.11661671622513065,-0.01605217106761575,-0.01605217106761575,-0.10587073899069624
0.11618133626704569,-0.01868396716569791,-0.01868396716569791,-0.10413973210483746
0.11568054411927825,-0.02127186875099717,-0.02127186875099717,-0.1023682120862332
0.11511545181822497,-0.02381487992534922,-0.02381487992534922,-0.10055769840608754
0.11448719663132646,-0.026312042359424002,-0.026312042359424002,-0.09870971181311446
0.1137969412032863,-0.028762435551010355,-0.028762435551010355,-0.09682577466233629
0.11304586898575855,-0.031165177282366056,-0.031165177282366056,-0.09490740664562647
0.1122351840443187,-0.03351942362743725,-0.03351942362743725,-0.09295612492310765
0.11136611105846388,-0.03582436895185798,-0.03582436895185798,-0.09097344444407766
0.1104398948053673,-0.03807924579536886,-0.03807924579536886,-0.08896087783475874
0.10945779880081467,-0.04028332391904737,-0.04028332391904737,-0.08691993489762706
0.1084211074711043,-0.042435910851262595,-0.042435910851262595,-0.08485212473642084
0.10733112040558324,-0.04453635184527321,-0.04453635184527321,-0.08275895060144307
0.10618915167121033,-0.04658402980779992,-0.04658402980779992,-0.0806419095807801
0.10499652981255637,-0.04857836529902503,-0.04857836529902503,-0.07850249290850805
0.10375459785180437,-0.05051881653259201,-0.05051881653259201,-0.07634218627043043
0.10246471180101986,-0.05240487870079898,-0.05240487870079898,-0.07416246901772716
0.10112824183292986,-0.054236083604038074,-0.054236083604038074,-0.07196481577166691
0.09974657042765843,-0.056012000229244185,-0.056012000229244185,-0.06975069465062037
0.09832108841591286,-0.057732233969478464,-0.057732233969478464,-0.06752156414571568
0.09685319496248411,-0.0593964266190662,-0.0593964266190662,-0.0652788733780628
0.09534429756624721,-0.061004256373596424,-0.061004256373596424,-0.06302406236376878
0.09379581189651286,-0.06255543775256771,-0.06255543775256771,-0.0607585621543638
0.09220916016559161,-0.06404972041526172,-0.06404972041526172,-0.058483794114272
0.09058577344791918,-0.06548689016426476,-0.06548689016426476,-0.056201171895555256
0.08892708662502315,-0.06686676787850582,-0.06686676787850582,-0.053912097338647366
0.08723453707692176,-0.06818920905467245,-0.06818920905467245,-0.05161795965778057
0.08550956468212427,-0.0694541038072105,-0.0694541038072105,-0.049320135648093746
0.08375361181763129,-0.07066137686832384,-0.07066137686832384,-0.04701998988496967
0.0819681234015864,-0.07181098731296481,-0.07181098731296481,-0.04471887509430846
0.08015454539367786,-0.07290292758719172,-0.07290292758719172,-0.04241813137062857
-0.6,1.1,1.1,0.12199999999999993
-0.572396480810034,1.1026128576059653,1.1026128576059653,0.08661759825579372
-0.5447385087231852,1.1043473730419957,1.1043473730419957,0.05191283077937928
-0.5170478994295578,1.1052208127101937,1.1052208127101937,0.017905199135364536
-0.48934601674646144,1.1052508683226947,1.1052508683226947,-0.015387512593760283
-0.461653764249545,1.1044556383570652,1.1044556383570652,-0.04794921531983267
-0.4339915851806078,1.102853627386713,1.102853627386713,-0.07976548931123337
-0.4063794586642826,1.1004636802438161,1.1004636802438161,-0.11082352857277039
-0.37883690562152217,1.0973049686750576,1.0973049686750576,-0.14111209850382858
-0.35138295817733234,1.093396909239874,1.093396909239874,-0.17062149978311414
-0.3240361490334187,1.0887591150480957,1.0887591150480957,-0.19934352331454758
-0.2968145114681868,1.0834113957599458,1.0834113957599458,-0.2272714155681664
-0.269735580445351,1.0773737298892117,1.0773737298892117,-0.2543998278276167
-0.24281640198618873,1.0706662150419861,1.0706662150419861,-0.28072474452010066
-0.21607351953400505,1.0633090447868054,1.0633090447868054,-0.30624344969063527
-0.18952296378982442,1.0553224333106146,1.0553224333106146,-0.33095446210474705
-0.16318025262112257,1.0467266136573263,1.0467266136573263,-0.3548574952384419
-0.1370603922748371,1.0375418302808137,1.0375418302808137,-0.3779534126394633
-0.11117789141833895,1.0277882893092896,1.0277882893092896,-0.40024414852826024
-0.08554675734420168,1.017486156487831,1.017486156487831,-0.4217326713612923
-0.06018049166433666,1.006655486582826,1.006655486582826,-0.44242291331168415
-0.035092090816685115,0.9953162137808284,0.9953162137808284,-0.46231972510615177
-0.010294046377974863,0.9834881507981885,0.9834881507981885,-0.481428835542953
0.014201640097046143,0.9711909582108013,0.9711909582108013,-0.4997567818861576
0.03838345293937679,0.9584441384708748,0.9584441384708748,-0.5173108642829044
0.062240362059191326,0.9452669903304625,0.9452669903304625,-0.5340990846905708
0.08576181946652986,0.9316785920993625,0.9316785920993625,-0.5501300975805692
0.1089377591937476,0.9176978015057088,0.9176978015057088,-0.5654131728709709
0.13175858359801668,0.9033432381042212,0.9033432381042212,-0.5799581377797761
0.15421515574203484,0.888633283708492,0.888633283708492,-0.5937753347441728
0.17629879376949886,0.8735860502547024,0.8735860502547024,-0.606875565959934
0.19800126387260564,0.8582193619225504,0.8582193619225504,-0.619270044734851
0.2193147802920521,0.8425507551352506,0.8425507551352506,-0.6309703632887671
0.24023199893401564,0.8265974728723462,0.8265974728723462,-0.6419884527078221
0.2607459968041384,0.8103764585062899,0.8103764585062899,-0.6523365310874066
0.28085027952984143,0.7939043653528051,0.7939043653528051,-0.662027086303846
0.3005387554566712,0.7771975202916492,0.7771975202916492,-0.6710728068962069
0.3198057336521667,0.7602719214192215,0.7602719214192215,-0.6794865529064174
0.3386459239058595,0.7431432380485634,0.7431432380485634,-0.6872813305745306
0.3570544367292737,0.725826810709358,0.725826810709358,-0.6944702679263409
0.3750267632603504,0.7083376517980315,0.7083376517980315,-0.7010665745270592
0.39255875517894745,0.6906904532403926,0.6906904532403926,-0.7070835065456148
0.40964663997422557,0.6728995778118272,0.6728995778118272,-0.7125343549517046
0.42628698862791503,0.6549790521094698,0.6549790521094698,-0.7174323953479587
0.4424767151074296,0.6369425665107404,0.6369425665107404,-0.7217908696803476
0.4582130763658667,0.6188034751733441,0.6188034751733441,-0.7256229692820044
0.47349367234200745,0.6005747960352718,0.6005747960352718,-0.7289418188100592
0.48831642108313783,0.5822692232024547,0.5822692232024547,-0.7317604472644762
0.5026795507898756,0.5638991368417753,0.5638991368417753,-0.7340917730543011
0.5165816034870336,0.5454765926789779,0.5454765926789779,-0.7359485892142755
0.5300214078390896,0.5270133300775728,0.5270133300775728,-0.7373435343243299
0.542998079123158,0.5085207720497729,0.5085207720497729,-0.7382890823617566
0.5555110192289905,0.4900100252564924,0.4900100252564924,-0.7387975333602703
0.5675599157564835,0.471491880682018,0.471491880682018,-0.7388810045027911
0.579144712373343,0.45297683942980943,0.45297683942980943,-0.7385514125142473
0.5902656221906412,0.4344751076405111,0.4344751076405111,-0.7378204750628757
0.6009231078942926,0.415996601624419,0.415996601624419,-0.736699692386235
0.6111178680510273,0.3975509563975263,0.3975509563975263,-0.7352003365195439
0.6208508371083896,0.37914752568152416,0.37914752568152416,-0.7333334475615141
0.6301231853947387,0.36079538190380156,0.36079538190380156,-0.731109830592237
0.6389363146064639,0.34250332090814634,0.34250332090814634,-0.7285400522359591
0.6472918341846323,0.324279892742793,0.324279892742793,-0.7256344368356077
0.6551915784347091,0.30613338468854506,0.30613338468854506,-0.7224030698886285
0.6626375780279243,0.2880718402397721,0.2880718402397721,-0.7188557861848677
0.6696320555958706,0.2701030629628894,0.2701030629628894,-0.715002169101005
0.6761774257305025,0.25223461649635726,0.25223461649635726,-0.7108515517651753
0.6822762949841376,0.23447382455068172,0.23447382455068172,-0.706413018720022
0.6879314521803217,0.21682778377305786,0.21682778377305786,-0.7016954074870654
0.6931458602297162,0.19930338420310548,0.19930338420310548,-0.6967073156205503
0.6979226605680113,0.18190729641187336,0.18190729641187336,-0.6914571007470817
0.7022651502364149,0.16464599180842282,0.16464599180842282,-0.6859528778933115
0.7061767814082831,0.14752574315513522,0.14752574315513522,-0.6802025236658182
0.7096611613891214,0.1305526245677118,0.1305526245677118,-0.674213680876146
0.7127220523770574,0.1137325118232079,0.1137325118232079,-0.6679937634997484
0.7153633579071713,0.09707110486529238,0.09707110486529238,-0.6615499635725728
0.7175891315900118,0.08057392604267254,0.08057392604267254,-0.6548892622561266
0.7194035623417969,0.06424632550473558,0.06424632550473558,-0.6480184279921511
0.7208109641011061,0.04809349147480467,0.04809349147480467,-0.6409440206448351
0.72181577582888,0.032120450250138946,0.032120450250138946,-0.6336723981068598
0.7224225615084202,0.016332066201934073,0.016332066201934073,-0.6262097231341098
0.7226360080176925,0.000733045026325721,0.000733045026325721,-0.618561970514106
0.722460917267159,-0.014672045184658887,-0.014672045184658887,-0.6107349392791286
0.7219022136606199,-0.029878784674007786,-0.029878784674007786,-0.6027342601059953
0.7209649248286362,-0.04488288884658059,-0.04488288884658059,-0.5945653958387136
0.719654179235602,-0.0596802057011679,-0.0596802057011679,-0.5862336488467645
0.7179752061797452,-0.074266715830493,-0.074266715830493,-0.5777441689267291
0.7159333357851081,-0.08863853241369828,-0.08863853241369828,-0.5691019613205806
0.7135339916717699,-0.10279189044716233,-0.10279189044716233,-0.5603118949939788
0.7107827004352076,-0.11672314406620168,-0.11672314406620168,-0.5513787189545135
0.7076850808266937,-0.13042876638471484,-0.13042876638471484,-0.5423070629093995
0.704246831729004,-0.14390534151927864,-0.14390534151927864,-0.5331014409692967
0.7004737321564191,-0.1571495645891481,-0.1571495645891481,-0.5237662599736165
0.6963716412547231,-0.170158241716256,-0.170158241716256,-0.5143058278478357
0.6919464982504523,-0.18292828998975993,-0.18292828998975993,-0.5047243619673597
0.6872043153823837,-0.1954567286213468,-0.1954567286213468,-0.4950259968556761
0.6821511915304563,-0.20774067873892885,-0.20774067873892885,-0.4852148025397076
0.676793298228498,-0.2197773639711332,-0.2197773639711332,-0.4752947825375297
0.6711368683027797,-0.23156410537357253,-0.23156410537357253,-0.46526987641694095
0.6651881958720164,-0.24309832142884508,-0.24309832142884508,-0.4551439679721002
0.658953636347366,-0.2543775280465351,-0.2543775280465351,-0.44492089335301516
0.6524396064324304,-0.26539933856321185,-0.26539933856321185,-0.43460444914248353
0.6456525813768834,-0.27616146181759227,-0.27616146181759227,-0.4241983993003607
0.6385990995965938,-0.28666169775906186,-0.28666169775906186,-0.41370648871594673
0.6312857618631746,-0.2968979419157232,-0.2968979419157232,-0.4031324482790793
0.623719213555269,-0.30686818261035187,-0.30686818261035187,-0.39247999077849244
0.6159061441435393,-0.31657050079327276,-0.31657050079327276,-0.3817528180681505
0.6078532871906669,-0.3260030700423605,-0.3260030700423605,-0.37095462841978677
0.5995674203513519,-0.3351641565630397,-0.3351641565630397,-0.36008912376047714
0.5910553637531772,-0.3440521193422962,-0.3440521193422962,-0.349160015477749
0.5823239826602141,-0.3526654108858581,-0.3526654108858581,-0.33817103306103435
0.5733801899796317,-0.3610025777065049,-0.3610025777065049,-0.3271259326741635
0.5642309273664908,-0.3690622612933543,-0.3690622612933543,-0.31602848884044366
0.5548831640341356,-0.37684319817834994,-0.37684319817834994,-0.3048824997992539
0.5453438967541926,-0.38434421993626083,-0.38434421993626083,-0.2936917936406527
0.5356201498565718,-0.39156425318468147,-0.39156425318468147,-0.2824602342777558
0.5257189734335965,-0.3985023208437403,-0.3985023208437403,-0.2711917252061114
0.5156474472059028,-0.40515754684556454,-0.40515754684556454,-0.25989021582112765
0.5054126797200265,-0.4115291543764653,-0.4115291543764653,-0.2485597071674382
0.49502179090862614,-0.4176164684159932,-0.4176164684159932,-0.23720424200575282
0.484481911355485,-0.42341891594782866,-0.42341891594782866,-0.22582790889543788
0.4738001822955093,-0.4289360259597825,-0.4289360259597825,-0.2144348467669665
0.462983755614729,-0.43416742944379544,-0.43416742944379544,-0.20302924930020744
0.45203979095471364,-0.4391128630731044,-0.4391128630731044,-0.19161536489688522
0.44097546326111353,-0.4437721742727857,-0.4437721742727857,-0.18019750428504994
0.42979795210556276,-0.44814531891644654,-0.44814531891644654,-0.16878003672051237
0.41851442992608723,-0.4522323637810677,-0.4522323637810677,-0.15736738242428183
0.4071320620056101,-0.4560334865568094,-0.4560334865568094,-0.14596401554461738
0.3956580064719527,-0.4595489758470115,-0.4595489758470115,-0.134574466931375
0.384099413621981,-0.4627792316298321,-0.4627792316298321,-0.12320332589811504
0.37246342402598115,-0.46572477304354415,-0.46572477304354415,-0.11185523705677751
0.36075717470702207,-0.4683862383591365,-0.4683862383591365,-0.10053490770693524
0.34898777997596975,-0.47076438454600283,-0.47076438454600283,-0.08924709358845716
0.3371623282210825,-0.47286008799882456,-0.47286008799882456,-0.07799659710737802
0.32528788190801006,-0.4746743445375708,-0.4746743445375708,-0.06678826841598476
0.31337147757979383,-0.4762082694074985,-0.4762082694074985,-0.05562700628393594
0.3014201224366761,-0.477463101051783,-0.477463101051783,-0.04451775386883643
0.28944080007307443,-0.4784402078211273,-0.4784402078211273,-0.0334655008131225
0.2774404585592672,-0.4791410834596264,-0.4791410834596264,-0.022475275220338688
0.2654260006161065,-0.47956734729464573,-0.47956734729464573,-0.011552134608171357
0.2534042836142691,-0.4797207442370508,-0.4797207442370508,-0.000701165304931502
0.24138211957425745,-0.4796031447812077,-0.4796031447812077,0.010072518346378618
0.2293662729020245,-0.4792165463946351,-0.4792165463946351,0.020763777724286267
0.21736346173245516,-0.47856308141160214,-0.47856308141160214,0.03136745387260921
0.20538035284737866,-0.4776450129670915,-0.4776450129670915,0.04187837150330985
0.19342354845055373,-0.47646473212117657,-0.47646473212117657,0.052291351429075296
0.1814995858682081,-0.47502475786422915,-0.47502475786422915,0.06260121299797268
0.16961493754903817,-0.47332773711691895,-0.47332773711691895,0.07280277641737412
0.15777600909723066,-0.4713764452715106,-0.4713764452715106,0.08289086734785453
0.1459891392564774,-0.46917379289152866,-0.46917379289152866,0.09286032294545635
0.134260595505155,-0.4667228218125333,-0.4667228218125333,0.1027059969021914
0.1225965618713784,-0.46402669953669684,-0.46402669953669684,0.11242277129350656
0.11100313858551086,-0.46108871914688987,-0.46108871914688987,0.1220055603431009
0.09948634208016269,-0.4579122993066803,-0.4579122993066803,0.1314493140252757
0.08805210254773219,-0.45450098432877756,-0.45450098432877756,0.14074902416927187
0.0767062645009475,-0.4508584499011372,-0.4508584499011372,0.14989973065235898
0.06545457913401817,-0.4469884957517944,-0.4469884957517944,0.1588965291278013
0.054302696350136445,-0.4428950399005147,-0.4428950399005147,0.1677345801662999
0.04325616472735902,-0.43858211864155056,-0.43858211864155056,0.17640911375080034
0.0323204313664666,-0.43405388648029364,-0.43405388648029364,0.18491543393042312
0.02150083967404473,-0.42931461715972236,-0.42931461715972236,0.19324892612715425
0.010802626678137733,-0.4243687028772448,-0.4243687028772448,0.20140506410911413
0.00023091520050740055,-0.41922064472153625,-0.41922064472153625,0.20937941782462668
-0.010209287493860207,-0.41387505135540054,-0.41387505135540054,0.21716765908178695
-0.020513090326559555,-0.4083366383726716,-0.4083366383726716,0.22476556688784446
-0.030675720223882767,-0.4026102287351489,-0.4026102287351489,0.232169034553708
-0.04069252530129299,-0.396700749040931,-0.396700749040931,0.23937407614483777
-0.05055898078808403,-0.3906132201389983,-0.3906132201389983,0.24637683296524918
-0.06027068934246659,-0.3843527566700123,-0.3843527566700123,0.2531735788762359
-0.06982338271533858,-0.37792456431478577,-0.37792456431478577,0.259760725827494
-0.07921292175266997,-0.37133394332994185,-0.37133394332994185,0.26613483081215983
-0.08843530142166486,-0.3645862782388253,-0.3645862782388253,0.2722926010485856
-0.09748665492430339,-0.35768702885798925,-0.35768702885798925,0.27823089893096403
-0.106363253701617,-0.35064173028835305,-0.35064173028835305,0.2839467471933924
-0.115061508296535,-0.34345599024572626,-0.34345599024572626,0.28943733355769286
-0.123577969308896,-0.33613548921274217,-0.33613548921274217,0.29470001681496916
-0.131909328988523,-0.3286859778684682,-0.3286859778684682,0.29973233213759753
-0.14005242661085887,-0.32111325875387126,-0.32111325875387126,0.3045319924277125
-0.14800424868634274,-0.31342318555791693,-0.31342318555791693,0.30909689299114296
-0.15576192896041113,-0.305621663117569,-0.305621663117569,0.3134251162218893
-0.16332274909399722,-0.2977146418726635,-0.2977146418726635,0.31751493410465315
-0.17068413901438523,-0.2897081217893128,-0.2897081217893128,0.321364814971258
-0.17784367953514596,-0.2816081402574817,-0.2816081402574817,0.32497342453400674
-0.1847991042382327,-0.27342075740004546,-0.27342075740004546,0.3283396247237061
-0.19154829947739188,-0.2651520560436075,-0.2651520560436075,0.33146247770573173
-0.19808930437792346,-0.2568081417134612,-0.2568081417134612,0.33434124973643997
-0.20442031046537362,-0.2483951357269421,-0.2483951357269421,0.33697541099499667
-0.21053966265764268,-0.23991917974713417,-0.23991917974713417,0.3393646424416086
-0.21644586014312545,-0.23138641994429018,-0.23138641994429018,0.34150883218989003
-0.22213755604794516,-0.2228029948881199,-0.2228029948881199,0.34340807225339587
-0.22761355743595404,-0.21417503554778908,-0.21417503554778908,0.3450626615155787
-0.23287282527299785,-0.20550866511796237,-0.20550866511796237,0.3464731083821047
-0.2379144728411153,-0.19680999147690573,-0.19680999147690573,0.34764012785702136
-0.24273776773600486,-0.18808511186411173,-0.18808511186411173,0.34856464844515245
-0.2473421296650717,-0.17934009398829373,-0.17934009398829373,0.3492478024806692
-0.25172712900451166,-0.17058096807168277,-0.17058096807168277,0.34969092253572387
-0.2558924867993115,-0.16181372685002665,-0.16181372685002665,0.349895543184392
-0.25983807439669615,-0.15304432459608028,-0.15304432459608028,0.3498634016759729
-0.2635639111222792,-0.14427867066801442,-0.14427867066801442,0.349596433505501
-0.2670701665480936,-0.13552263137075302,-0.13552263137075302,0.3490967770054754
-0.2703571546895893,-0.12678201091452776,-0.12678201091452776,0.3483667583652233
-0.2734253329277131,-0.11806254834602001,-0.11806254834602001,0.3474088896380493
-0.2762753020089076,-0.10936991754836276,-0.10936991754836276,0.3462258692831116
-0.278907804359167,-0.10070972432422623,-0.10070972432422623,0.34482057918777037
-0.281323723235387,-0.09208750394062482,-0.09208750394062482,0.34319608265670354
-0.28352408104071697,-0.08350871468333179,-0.08350871468333179,0.34135561928837943
-0.2855100329851425,-0.07497872576557692,-0.07497872576557692,0.3393025916549664
-0.2872828669523514,-0.06650281709102324,-0.06650281709102324,0.3370405646267355
-0.28884400310032865,-0.05808617878688032,-0.05808617878688032,0.3345732641191733
-0.29019499040518826,-0.04973390703381976,-0.04973390703381976,0.3319045704133516
-0.29133750800006236,-0.041451003541255194,-0.041451003541255194,0.3290385184842272
-0.2922733561739212,-0.03324236314715075,-0.03324236314715075,0.32597928069333015
-0.2930044546293974,-0.02511277166696882,-0.02511277166696882,0.3227311625494159
-0.2935328424458627,-0.01706690586790264,-0.01706690586790264,0.31929860129868354
-0.2938606753346083,-0.00910933150775625,-0.00910933150775625,0.3156861603901089
-0.2939902241572352,-0.001244500619920444,-0.001244500619920444,0.3118985248471997
-0.29392386794618525,0.006523255593864477,0.006523255593864477,0.3079404881789423
-0.2936640913059155,0.01418972881679377,0.01418972881679377,0.3038169466020244
-0.2932134833937176,0.0217508341722343,0.0217508341722343,0.29953289567637603
-0.29257473593099026,0.029202611589482102,0.029202611589482102,0.29509342535726696
-0.29175063862058837,0.03654122952365406,0.03654122952365406,0.2905037108858656
-0.2907440729485951,0.04376298879771652,0.04376298879771652,0.2857690017406844
-0.28955801144993604,0.05086432291400663,0.05086432291400663,0.28089461839190094
-0.2881955146349341,0.05784179906099841,0.05784179906099841,0.2758859460355738
-0.28665973245934745,0.06469211780739034,0.06469211780739034,0.2707484339983852
-0.2849538918728124,0.07141211842212272,0.07141211842212272,0.26548757676044354
-0.28308129486586586,0.07799877965988311,0.07799877965988311,0.26010890893651134
-0.28104531830149343,0.08444921977671725,0.08444921977671725,0.25461800260097234
-0.2788494084660763,0.09076069659028477,0.09076069659028477,0.24902045869131006
-0.2764970862408747,0.09693060664578633,0.09693060664578633,0.24332191065792028
-0.27399193341710265,0.10295648819320413,0.10295648819320413,0.237528005236029
-0.27133758708600086,0.10883602199551169,0.10883602199551169,0.23164439332137565
-0.2685377396388363,0.11456703132867463,0.11456703132867463,0.2256767274965661
-0.2655961380238016,0.12014748181368017,0.12014748181368017,0.21963065882359317
-0.2625165775650137,0.12557547895036894,0.12557547895036894,0.21351182878911878
-0.2593029081855266,0.13084926947726402,0.13084926947726402,0.2073258730855889
-0.25595901753629546,0.13596724073385247,0.13596724073385247,0.20107840090099835
-0.25248882729389016,0.14092792016044164,0.14092792016044164,0.19477498879531813
-0.24889629316049516,0.14572997529815948,0.14572997529815948,0.18842117846122247
-0.24518540453061516,0.15037221361600606,0.15037221361600606,0.1820224742415804
-0.24136017809574548,0.15485357790816046,0.15485357790816046,0.17558433625574724
-0.23742466385943142,0.15917314868860655,0.15917314868860655,0.16911218371688094
-0.23338293004600055,0.1633301407951908,0.1633301407951908,0.16261137805577644
-0.22923905796690264,0.1673239013733318,0.1673239013733318,0.15608721641974732
-0.2249971420207093,0.17115390987602067,0.17115390987602067,0.14954492986619644
-0.22066128963835066,0.17481977802094242,0.17481977802094242,0.14298968157685146
-0.21623561603641844,0.17832124443780017,0.17832124443780017,0.13642656214604823
-0.2117242484652303,0.18165817625994135,0.18165817625994135,0.12986059181289294
-0.20713131462383352,0.18483056504542797,0.18483056504542797,0.12329670840067904
-0.20246093602633983,0.18783852262593348,0.18783852262593348,0.11673976083670543
-0.1977172280019264,0.1906822811067422,0.1906822811067422,0.11019450789830844
-0.19290429968538234,0.19336219285677336,0.19336219285677336,0.10366561702441722
-0.18802625002658943,0.19587872502846676,0.19587872502846676,0.09715766165216835
-0.18308717079171646,0.19823246038586825,0.19823246038586825,0.09067512302048537
-0.17809113714125244,0.20042409265842406,0.20042409265842406,0.08422238143769328
-0.17304220109623475,0.20245442093263583,0.20245442093263583,0.07780371130196279
-0.16794439153825025,0.20432434965206012,0.20432434965206012,0.07142328044205082
-0.16280171418495085,0.2060348885834108,0.2060348885834108,0.06508514952155714
-0.15761814841343433,0.20758714691208835,0.20758714691208835,0.058793271099246036
-0.1523976500635002,0.2089823346849626,0.2089823346849626,0.05255149146999431
-0.14714414241282528,0.21022175624936953,0.21022175624936953,0.046363544017421675
-0.14186151123440033,0.21130680473192978,0.21130680473192978,0.04023304654237701
-0.13655360479652842,0.21223896203854903,0.21223896203854903,0.0341635011738392
-0.1312242337555974,0.21301979865634635,0.21301979865634635,0.028158294332372973
-0.12587716884447364,0.21365096729949865,0.21365096729949865,0.022220697521984342
-0.12051614329994406,0.21413420556336357,0.21413420556336357,0.016353868677440805
-0.11514484400061928,0.21447132670517552,0.21447132670517552,0.010560847668016909
-0.10976690862391543,0.21466421555967977,0.21466421555967977,0.004844555689845747
-0.10438592564605358,0.2147148285391324,0.2147148285391324,-0.0007922043289159395
-0.09900543407638379,0.2146251929312227,0.2146251929312227,-0.006346747193896924
-0.09362892246279984,0.21439740097325066,0.21439740097325066,-0.01181650299951649
-0.08825982975957744,0.2140336124731366,0.2140336124731366,-0.01719901696715294
-0.08290153777761573,0.21353604397852002,0.21353604397852002,-0.02249195121846559
-0.07755737005408662,0.2129069666405207,0.2129069666405207,-0.027693084136232417
-0.07223059185243609,0.2121487062137387,0.2121487062137387,-0.032800309574562626
-0.06692440978512933,0.21126364131626985,0.21126364131626985,-0.03781163554798801
-0.06164197232956911,0.21025419957226182,0.21025419957226182,-0.04272518090602593
-0.056386368174983686,0.2091228574852491,0.2091228574852491,-0.047539176064447894
-0.05116062136205885,0.20787213065697427,0.20787213065697427,-0.05225196213079789
-0.0459676910687002,0.20650457321088123,0.20650457321088123,-0.05686198981230292
-0.040810471610031616,0.20502277779211064,0.20502277779211064,-0.06136781836741707
-0.03569179229483231,0.2034293721146055,0.2034293721146055,-0.06576811295502694
-0.03061441865397593,0.20172701907008903,0.20172701907008903,-0.07006164235516439
-0.025581048800520614,0.19991841080915268,0.19991841080915268,-0.0742472785925088
-0.020594311669935965,0.19800626331162768,0.19800626331162768,-0.07832399485124618
-0.015656767020104163,0.1959933163865854,0.1959933163865854,-0.08229086430248418
-0.010770905438769574,0.19388233309657285,0.19388233309657285,-0.08614705862872267
-0.005939149286177312,0.19167609651953643,0.19167609651953643,-0.08989184427474221
-0.001163852076318441,0.1893774100287021,0.1893774100287021,-0.09352458202770149
0.0035527039848936084,0.18698908901817032,0.18698908901817032,-0.09704472415285792
0.008208308172929418,0.18451395978657972,0.18451395978657972,-0.10045181280160692
0.012800821242490188,0.18195485951997714,0.18195485951997714,-0.10374547879758232
0.017328174679960485,0.17931463418906443,0.17931463418906443,-0.10692543864694486
0.021788370249807128,0.1765961382328243,0.1765961382328243,-0.10999149275059075
0.02617948166844014,0.17380222882079252,0.17380222882079252,-0.11294352302675076
0.03049965474932446,0.17093576327206117,0.17093576327206117,-0.11578149059738946
0.03474710740041652,0.16799959898614458,0.16799959898614458,-0.11850543459894959
0.03892012904248667,0.16499659079286336,0.16499659079286336,-0.12111546914998159
0.04301707970333661,0.16192959419324798,0.16192959419324798,-0.12361178297071997
0.04703639081988328,0.1588014579930367,0.1588014579930367,-0.12599463540412947
0.05097656536805318,0.1556150210580407,0.1556150210580407,-0.12826435385372884
0.054836177862781534,0.15237311231414483,0.15237311231414483,-0.13042133273933423
0.058613874294634806,0.14907855056249192,0.14907855056249192,-0.1324660323239153
0.06230837030054777,0.1457341419354169,0.1457341419354169,-0.13439897466635417
0.06591845144755361,0.14234268358520863,0.14234268358520863,-0.1362207447919092
0.06944297305612854,0.13890695575838194,0.13890695575838194,-0.13793198563394465
0.07288085976142593,0.1354297193941969,0.1354297193941969,-0.13953339551461147
0.07623110551327664,0.1319137161246585,0.1319137161246585,-0.14102572728605062
0.0794927735761894,0.12836166827451606,0.12836166827451606,-0.14240978750328037
0.08266499488627586,0.12477627739889402,0.12477627739889402,-0.14368643330981326
0.08574696719270658,0.12116022620711142,0.12116022620711142,-0.14485657181971287
0.0887379556947517,0.1175161748675072,0.1175161748675072,-0.14592115817232854
0.0916372912049394,0.11384675657340566,0.11384675657340566,-0.14688119086376647
0.09444437014375337,0.11015457753483432,0.11015457753483432,-0.14773771110080047
0.09715865453963227,0.10644221697852473,0.10644221697852473,-0.1484918021985043
0.09977967135633906,0.10271222675210555,0.10271222675210555,-0.14914458816919604
0.1023070099666843,0.0989671316120237,0.0989671316120237,-0.1496972309150315
0.10474032402045125,0.09520942920243856,0.09520942920243856,-0.1501509315264887
0.10707932835003255,0.09144158471530558,0.09144158471530558,-0.15050692419570652
0.10932379862905782,0.08766603052444223,0.08766603052444223,-0.1507664753019416
0.11147357137239305,0.08388516618552898,0.08388516618552898,-0.15093088304225435
0.11352854373682778,0.08010135835506621,0.08010135835506621,-0.1510014768657599
0.11548867077877473,0.07631694081319694,0.07631694081319694,-0.15097961456972356
0.11735396723700153,0.07253421564847266,0.07253421564847266,-0.1508666843359852
0.11912450428926873,0.06875544872041231,0.06875544872041231,-0.15066409914504209
0.12080040848786422,0.06498286884184504,0.06498286884184504,-0.15037329517061976
0.12238186175960288,0.061218667778910954,0.061218667778910954,-0.14999573163150906
0.12386910135552616,0.05746500023818859,0.05746500023818859,-0.14953289062049532
0.12526241743606623,0.053723984025446175,0.053723984025446175,-0.14898627480440385
0.12656215437779533,0.04999770133996974,0.04999770133996974,-0.14835740926363042
0.12776870778608138,0.04628819535643151,0.04628819535643151,-0.14764783692643213
0.12888252273553774,0.042597469282469005,0.042597469282469005,-0.14685911644343697
0.12990409377002382,0.03892748635868344,0.03892748635868344,-0.1459928222337233
0.13083396487622564,0.035280169855609986,0.035280169855609986,-0.14505054453098395
0.13167272734926008,0.031657403447255504,0.031657403447255504,-0.1440338876473693
0.13242102090354632,0.028061032250428997,0.028061032250428997,-0.14294447167333332
0.13307953056412522,0.024492860228398285,0.024492860228398285,-0.1417839283872908
0.13364898468822695,0.02095464950183911,0.02095464950183911,-0.14055389921750772
0.13413015496527117,0.017448120348833657,0.017448120348833657,-0.13925603544548645
0.13452385634233938,0.013974951207251448,0.013974951207251448,-0.13789199836092222
0.13483094503626894,0.010536779337047381,0.010536779337047381,-0.13646345795691794
0.13505231973115706,0.007135201285391321,0.007135201285391321,-0.13497209456089937
0.13518891774083489,0.0037717709866575584,0.0037717709866575584,-0.133419594538176
0.13524171353011305,0.00044799948676461573,0.00044799948676461573,-0.1318076490577831
0.13521171871478185,-0.002834645056826176,-0.002834645056826176,-0.1301379544108077
0.1350999817515101,-0.006074737306521532,-0.006074737306521532,-0.12841221208439768
0.13490758647485496,-0.009270893772462006,-0.009270893772462006,-0.12663212821092987
0.13463565240032074,-0.012421773352009094,-0.012421773352009094,-0.12479941394486418
0.1342853306984184,-0.015526078210108703,-0.015526078210108703,-0.12291578158520731
0.13385780369177042,-0.01858255378826926,-0.01858255378826926,-0.12098294447579888
0.13335428484656428,-0.02158998880434481,-0.02158998880434481,-0.11900261738700416
0.1327760170604291,-0.024547214902102505,-0.024547214902102505,-0.11697651546809157
0.13212427440488395,-0.027453105965099638,-0.027453105965099638,-0.11490635664493071
0.13140035841398756,-0.030306578934370214,-0.030306578934370214,-0.11279385810853758
0.13060559551287287,-0.03310659398823727,-0.03310659398823727,-0.1106407342028998
0.12974133701774712,-0.03585215454231228,-0.03585215454231228,-0.10844869684036046
0.12880895912790377,-0.038542307248460514,-0.038542307248460514,-0.1062194559133507
0.12780986075267348,-0.04117614137128687,-0.04117614137128687,-0.1039547179659065
0.12674546615338805,-0.04375278833934215,-0.04375278833934215,-0.10165618934562905
0.1256172209665788,-0.04627142233434294,-0.04627142233434294,-0.09932557255873406
0.12442658889255079,-0.04873126015585584,-0.04873126015585584,-0.0969645636099357
0.12317505169538331,-0.05113156122129672,-0.05113156122129672,-0.09457485241270289
0.1218641092029297,-0.05347162756593107,-0.05347162756593107,-0.09215812319759945
0.12049527872671453,-0.0557508036387854,-0.0557508036387854,-0.0897160544682361
0.11907009358912722,-0.0579684750431833,-0.0579684750431833,-0.08725031863007086
0.11759010545376819,-0.06012406958621243,-0.06012406958621243,-0.08476258408053632
0.11605687784357767,-0.06221705659331595,-0.06221705659331595,-0.08225450976795988
0.1144719853840458,-0.06424694674437705,-0.06424694674437705,-0.07972774492430423
0.1128370138032129,-0.06621329207371834,-0.06621329207371834,-0.07718392942954844
0.11115355993166988,-0.06811568597010156,-0.06811568597010156,-0.07462469416952243
0.10942323032905904,-0.06995376244256535,-0.06995376244256535,-0.0720516604406471
0.10764764221607676,-0.07172719576273077,-0.07172719576273077,-0.06946644135977527
0.10582842175674666,-0.07343570099891002,-0.07343570099891002,-0.06687064028698687
0.10396719958347288,-0.07507903276371333,-0.07507903276371333,-0.06426584748377027
0.1020656107578737,-0.07665698519929824,-0.07665698519929824,-0.06165364037834903
0.10012529477078187,-0.07816939197736918,-0.07816939197736918,-0.059035583851510094
0.09814789533146742,-0.07961612618349732,-0.07961612618349732,-0.056413230368119426
0.0961350588970028,-0.0809970990997628,-0.0809970990997628,-0.05378811943729536
0.09408843680527998,-0.0823122614282044,-0.0823122614282044,-0.05116177930308555
0.09200967977638337,-0.08356160158267198,-0.08356160158267198,-0.04853572275053686
0.08990043674903238,-0.08474514518748008,-0.08474514518748008,-0.04591144644975898
0.08776235488058114,-0.08586295507740802,-0.08586295507740802,-0.04329043115504012
0.08559707954701914,-0.08691513129769966,-0.08691513129769966,-0.04067414189277357
0.08340625322536464,-0.08790181024545932,-0.08790181024545932,-0.038064027487216254
0.08119151667889817,-0.08882316504232847,-0.08882316504232847,-0.03546152168160997
0.07895450631996215,-0.08967940488363188,-0.08967940488363188,-0.03286804106450042
0.0766968511033955,-0.0904707734006106,-0.0904707734006106,-0.03028498300925491
0.07442017252169449,-0.09119754865744063,-0.09119754865744063,-0.027713725777342414
0.07212608460501334,-0.09186004315123264,-0.09186004315123264,-0.02515562861330711
0.069816193406954,-0.09245860335807825,-0.09245860335807825,-0.022612031555547432
0.06749209698807984,-0.09299360930679369,-0.09299360930679369,-0.02008425570351332
0.06515538499064287,-0.09346547494479393,-0.09346547494479393,-0.017573602679590128
0.0628076346656825,-0.09387464557842946,-0.09387464557842946,-0.015081352082008196
0.060450410693276856,-0.09422159774060843,-0.09422159774060843,-0.012608761392375474
0.05808526518254251,-0.0945068391907966,-0.0945068391907966,-0.010157065980878958
0.055713737497948244,-0.09473090869742351,-0.09473090869742351,-0.007727479040038432
0.053337353960099615,-0.09489437533723011,-0.09489437533723011,-0.0053211916259915705
0.05095762732905221,-0.0949978387060036,-0.0949978387060036,-0.0029393720194490916
0.04857605380192786,-0.09504192647476083,-0.09504192647476083,-0.000583163963953887
0.04619411275764001,-0.09502729413832428,-0.09502729413832428,0.0017463135222152435
0.043813266756894204,-0.0949546250153222,-0.0949546250153222,0.004047966219549052
0.5,-1.0,-1.0,0.05
0.4749550780772932,-0.9985035475975689,-0.9985035475975689,0.06941316095977278
0.4499537483355225,-0.9965208765245496,-0.9965208765245496,0.08879836505498964
0.42500819935840817,-0.9940528217674466,-0.9940528217674466,0.10814460542969041
0.400130585558521,-0.9911005053788052,-0.9911005053788052,0.1274405642307626
0.37533302146412384,-0.9876653381622359,-0.9876653381622359,0.1466746230172718
0.35062758171917163,-0.9837490196724141,-0.9837490196724141,0.1658348683294823
0.3260262983617542,-0.9793535410978685,-0.9793535410978685,0.1849091016318736
0.30154115068356696,-0.9744812140607442,-0.9744812140607442,0.20388486945791906
0.2771840714278395,-0.9691346682703801,-0.9691346682703801,0.22274946459801326
0.2529669113703364,-0.9633168562817033,-0.9633168562817033,0.24148996842016476
0.2289014349891689,-0.9570310556162754,-0.9570310556162754,0.26009326620698897
0.20499932046479463,-0.950280868762293,-0.950280868762293,0.2785460581945574
0.18127215671443375,-0.9430702254928676,-0.9430702254928676,0.29683487499198047
0.15773143156862438,-0.9354034070047851,-0.9354034070047851,0.31494611283470564
0.1343885321523573,-0.9272850422523331,-0.9272850422523331,0.3328660444886223
0.1112547136796831,-0.9187201026068134,-0.9187201026068134,0.35058085988691323
0.08834109621583217,-0.9097139025489955,-0.9097139025489955,0.36807668491478857
0.0656586646772147,-0.9002720996691177,-0.9002720996691177,0.3853395972067831
0.04321826335420699,-0.8904007002188367,-0.8904007002188367,0.40235565041268206
0.021030583906403888,-0.8801060720561275,-0.8801060720561275,0.4191109092135487
-0.0008938483617020043,-0.8693949286284712,-0.8693949286284712,0.4355914724689164
-0.02254468557380951,-0.8582743267381991,-0.8582743267381991,0.45178350151243346
-0.04391175871182171,-0.8467516663577422,-0.8467516663577422,0.46767324040132585
-0.06498508641038755,-0.8348346952533647,-0.8348346952533647,0.4832470463282231
-0.08575488324173283,-0.8225315064894202,-0.8225315064894202,0.49849141648640355
-0.10621157686882408,-0.8098505232317941,-0.8098505232317941,0.5133930182969135
-0.12634580980243132,-0.7968004975552775,-0.7968004975552775,0.5279387113109965
-0.1461484475125164,-0.7833905065178165,-0.7833905065178165,0.5421155745134884
-0.16561057988965688,-0.7696299626906776,-0.7696299626906776,0.5559109340692734
-0.18472354122120888,-0.7555285874721499,-0.7555285874721499,0.5693123922935446
-0.20347891835673895,-0.741096400745436,-0.741096400745436,0.5823078527725827
-0.2218685507952115,-0.7263437207369078,-0.7263437207369078,0.5948855419300588
-0.23988453994627282,-0.7112811542170647,-0.7112811542170647,0.6070340355558521
-0.2575192495064861,-0.6959196111940205,-0.6959196111940205,0.6187422878767731
-0.2747653233431996,-0.6802702673087597,-0.6802702673087597,0.629999653579958
-0.29161569464988896,-0.6643445460948098,-0.6643445460948098,0.6407959103705213
-0.30806358594615685,-0.6481541189782406,-0.6481541189782406,0.6511212800324782
-0.3241025115717754,-0.6317108994836315,-0.6317108994836315,0.6609664489150177
-0.3397262867584402,-0.6150270359959192,-0.6150270359959192,0.6703225947393354
-0.35492903007325816,-0.5981149096534207,-0.5981149096534207,0.6791814081777173
-0.36970517855972485,-0.5809870829864916,-0.5809870829864916,0.6875351038637463
-0.3840494888246521,-0.5636562966197924,-0.5636562966197924,0.6953764391078436
-0.397957037038168,-0.5461354692722894,-0.5461354692722894,0.7026987323399523
-0.4114232230852951,-0.528437681033011,-0.528437681033011,0.7094958773005791
-0.42444377569317276,-0.5105761780656785,-0.5105761780656785,0.7157623684709473
-0.4370147577394114,-0.49256433613077266,-0.49256433613077266,0.721493305501205
-0.4491325712141793,-0.47441562571030216,-0.47441562571030216,0.7266843973744224
-0.46079395722268446,-0.45614361199322784,-0.45614361199322784,0.7313319774218866
-0.47199599608490644,-0.437761952215813,-0.437761952215813,0.7354330162568495
-0.48273611057680826,-0.41928437246097644,-0.41928437246097644,0.7389851272982614
-0.49301206981293716,-0.4007246744970179,-0.4007246744970179,0.7419865872576933
-0.5028219891133786,-0.3820966765254567,-0.3820966765254567,0.7444363179232939
-0.5121643300382607,-0.3634142019352084,-0.3634142019352084,0.746333891198573
-0.5210379003877532,-0.34469107930258536,-0.34469107930258536,0.7476795387671415
-0.5294418531872148,-0.3259411286389294,-0.3259411286389294,0.7484741526879419
-0.5373756901069353,-0.30717815203870436,-0.30717815203870436,0.7487192925898685
-0.5448392591756308,-0.28841590694022207,-0.28841590694022207,0.7484171763135519
-0.5518327494958064,-0.2696680678211864,-0.2696680678211864,0.7475706600896199
-0.5583566912029176,-0.2509482258694379,-0.2509482258694379,0.7461832430598507
-0.5644119543797892,-0.23226988443687757,-0.23226988443687757,0.7442590674475906
-0.5699997469727485,-0.21364643946106784,-0.21364643946106784,0.7418029090130818
-0.575121615916468,-0.19509117222353767,-0.19509117222353767,0.7388201766471107
-0.579779434105304,-0.17661720353941918,-0.17661720353941918,0.7353168743173069
-0.5839753991975686,-0.15823748948503694,-0.15823748948503694,0.731299597313679
-0.5877120328651328,-0.13996481961080393,-0.13996481961080393,0.7267755293854282
-0.5909921754481463,-0.12181179962954952,-0.12181179962954952,0.7217524255511076
-0.5938189873055396,-0.10379084569788949,-0.10379084569788949,0.7162386080913997
-0.5961959312579648,-0.08591414578136708,-0.08591414578136708,0.7102429218383587
-0.5981267696261023,-0.0681936532135244,-0.0681936532135244,0.7037747227415359
-0.5996155634790441,-0.05064108551444575,-0.05064108551444575,0.6968438710295253
-0.600666666522014,-0.0332679118156924,-0.0332679118156924,0.6894607112839939
-0.6012847193900184,-0.016085338711589243,-0.016085338711589243,0.6816360515001997
-0.6014746347735898,0.0008957111629919884,0.0008957111629919884,0.6733811264472984
-0.6012415951686448,0.017664602161246195,0.017664602161246195,0.6647075852402091
-0.6005910477419449,0.0342109926186273,0.0342109926186273,0.6556274727581847
-0.5995286997179503,0.05052484321488553,0.05052484321488553,0.6461532104676068
-0.5980605001445943,0.06659643614181607,0.06659643614181607,0.6362975544403268
-0.5961926364861939,0.0824163784970107,0.0824163784970107,0.6260735791977604
-0.5939315281902575,0.09797560732698307,0.09797560732698307,0.615494656562449
-0.5912838258644878,0.11326539260532051,0.11326539260532051,0.6045744421076168
-0.5882563881488077,0.1282773539318609,0.1282773539318609,0.5933268268224533
-0.5848562752914664,0.14300346493402646,0.14300346493402646,0.5817659153740148
-0.5810907451544786,0.15743605467115462,0.15743605467115462,0.5699060086397387
-0.5769672483176606,0.17156780955571294,0.17156780955571294,0.5577615846660546
-0.5724934215190426,0.18539177752775365,0.18539177752775365,0.5453472762916818
-0.5676770594616305,0.1989013789773571,0.1989013789773571,0.5326778187407527
-0.5625261135061908,0.21209040722390476,0.21209040722390476,0.5197680355695143
-0.5570486890932432,0.22495302843130413,0.22495302843130413,0.5066328232816913
-0.5512530337066941,0.23748377975650745,0.23748377975650745,0.4932871252626071
-0.5451475433677337,0.24967757104819555,0.24967757104819555,0.479745926651611
-0.5387407244820571,0.26152968822529177,0.26152968822529177,0.4660241940125016
-0.5320411885743771,0.2730357934344646,0.2730357934344646,0.452136857125072
-0.525057652288424,0.2841919250501292,0.2841919250501292,0.43809879740868574
-0.5177989293472761,0.29499449389509963,0.29499449389509963,0.4239248286463634
-0.5102739262292507,0.30544027729406525,0.30544027729406525,0.4096296835401011
-0.5024916343549244,0.3155264225037762,0.3155264225037762,0.39522799162237293
-0.4944610976000342,0.32525043836141204,0.32525043836141204,0.38073423382729427
-0.4861914115232729,0.33461019501829165,0.33461019501829165,0.36616273174192554
-0.4776917233662889,0.3436039239398736,0.3436039239398736,0.35152763791088315
-0.4689712215319819,0.35223020817873424,0.35223020817873424,0.3368429187676546
-0.46003913704530935,0.36048797774525837,0.36048797774525837,0.32212234969535875
-0.45090472596622116,0.3683765071095706,0.3683765071095706,0.30737948679117044
-0.44157724539793103,0.3758954010663834,0.3758954010663834,0.29262763759538424
-0.432065953425991,0.38304459469082763,0.38304459469082763,0.27787985370255935
-0.42238010902584894,0.38982435323414194,0.38982435323414194,0.26314892370891557
-0.4125289606742793,0.3962352557350954,0.3962352557350954,0.24844736148573182
-0.4025217526278827,0.402278196729488,0.402278196729488,0.2337874065308632
-0.39236769960369505,0.40795437175884514,0.40795437175884514,0.2191809960627316
-0.3820759723345673,0.41326526412205655,0.41326526412205655,0.20463975000062004
-0.37165569756916583,0.4182126448753761,0.4182126448753761,0.19017496663860242
-0.3611159572690885,0.42279857152485223,0.42279857152485223,0.17579761842553643
-0.35046577947269664,0.4270253672851272,0.4270253672851272,0.16151834834641401
-0.3397141438674188,0.43089562827966615,0.43089562827966615,0.1473474696363004
-0.32886995470164665,0.4344121973781035,0.4344121973781035,0.13329494543368753
-0.3179420344144026,0.4375781560148126,0.4375781560148126,0.11937038385651015
-0.3069391236353408,0.44039682418890574,0.44039682418890574,0.10558303666449415
-0.29586987916891533,0.44287175565526754,0.44287175565526754,0.09194179842116727
-0.28474287014109956,0.44500671916001244,0.44500671916001244,0.07845521098033155
-0.2735665765282035,0.4468057029739756,0.4468057029739756,0.06513145939988797
-0.2623493678950226,0.44827288509381186,0.44827288509381186,0.05197836351510027
-0.25109950178979046,0.44941263040170437,0.44941263040170437,0.03900337854875447
-0.23982512374417828,0.45022949066536466,0.45022949066536466,0.02621359640727803
-0.2285342643096489,0.4507281930380571,0.4507281930380571,0.013615749783330841
-0.21723484097531542,0.4509136324448262,0.4509136324448262,0.001216219979616448
-0.2059346474873374,0.450790861719807,0.450790861719807,-0.010978967565419315
-0.19464134295724117,0.4503650699363411,0.4503650699363411,-0.022964141533289715
-0.18336245181633343,0.44964158228977713,0.44964158228977713,-0.0347339815813357
-0.17210536358657616,0.448625859066015,0.448625859066015,-0.046283514711377816
-0.16087733158292647,0.44732347875888673,0.44732347875888673,-0.05760810463306832
-0.1496854748206011,0.4457401423347577,0.4457401423347577,-0.06870344807232401
-0.1385367646900797,0.44388164719011997,0.44388164719011997,-0.07956557187082139
-0.12743802232711676,0.44175387959589796,0.44175387959589796,-0.09019082756390287
-0.11639591861274062,0.43936281469744864,0.43936281469744864,-0.10057588676204295
-0.10541697392000735,0.43671451110412995,0.43671451110412995,-0.11071773395396733
-0.09450756060470053,0.43381510064814616,0.43381510064814616,-0.12061365391708231
-0.08367389829631093,0.4306707848435013,0.4306707848435013,-0.13026122987421943
-0.07292204731171201,0.42728781300969015,0.42728781300969015,-0.13965833419630674
-0.062257908497135764,0.4236724814256635,0.4236724814256635,-0.14880312278160845
-0.05168722323523926,0.41983113287216234,0.41983113287216234,-0.157694029391688
-0.041215575411629894,0.41577014589057115,0.41577014589057115,-0.16632975280235332
-0.030848392370141905,0.41149593634088144,0.41149593634088144,-0.17470925113793437
-0.020590939007236006,0.4070149379298746,0.4070149379298746,-0.18283173260386135
-0.010448316971941068,0.40233359589020806,0.40233359589020806,-0.19069664750765372
-0.0004254646658530675,0.3974583669804147,0.3974583669804147,-0.1983036826203179
0.00947284141560205,0.3923957152760634,0.3923957152760634,-0.2056527521087367
0.01924198340338494,0.38715210783156584,0.38715210783156584,-0.21274398653410864
0.028877505725732715,0.3817340062932909,0.3817340062932909,-0.21957772680499024
0.038375115501530575,0.37614785570430254,0.37614785570430254,-0.22615451345573068
0.04773068252825897,0.37040008440196165,0.37040008440196165,-0.2324750811183171
0.05694023819674325,0.3644971010392129,0.3644971010392129,-0.23854035057116932
0.0659999718736559,0.35844529274640946,0.35844529274640946,-0.24435141898939597
0.0749062323891217,0.3522510196060551,0.3522510196060551,-0.2499095534620026
0.08365552757665717,0.34592060225348603,0.34592060225348603,-0.2552161792445744
0.09224452423533813,0.3394603216266536,0.3394603216266536,-0.26027287459838416
0.10067004781417922,0.33287641817266694,0.33287641817266694,-0.26508136519513087
0.10892907784031629,0.32617508679702495,0.32617508679702495,-0.2696435124390004
0.11701874847235291,0.3193624840199287,0.3193624840199287,-0.2739613129835101
0.12493634648068674,0.31244471065943114,0.31244471065943114,-0.27803688367601387
0.132679310434414,0.305427808348039,0.305427808348039,-0.28187245472496314
0.14024523070133033,0.2983177595327122,0.2983177595327122,-0.2854703655207926
0.14763184941780716,0.29112048744323965,0.29112048744323965,-0.28883306054692254
0.15483705448714064,0.28384185263474626,0.28384185263474626,-0.29196307811606304
0.1618588796631702,0.2764876588166292,0.2764876588166292,-0.2948630496863215
0.16869550350632595,0.2690636424323071,0.2690636424323071,-0.2975356901418289
0.17534524567341847,0.26157546651545394,0.26157546651545394,-0.29998378789509117
0.1818065669176372,0.2540287206900003,0.2540287206900003,-0.30221020170776186
0.188078069088551,0.2464289211701333,0.2464289211701333,-0.3042178576592021
0.19415849318090722,0.23878151029111871,0.23878151029111871,-0.3060097442316105
0.2000467120538822,0.23109185854281358,0.23109185854281358,-0.3075889039245752
0.20574173557289024,0.22336526382587454,0.22336526382587454,-0.30895843513451854
0.21124270286304703,0.2156069427091441,0.2156069427091441,-0.31012147831504194
0.21654888147967466,0.2078220299238374,0.2078220299238374,-0.3110812128275737
0.22165966740830234,0.2000155783635411,0.2000155783635411,-0.3118408549589611
0.22657458488605417,0.19219255907088076,0.19219255907088076,-0.312403655918237
0.23129327933324262,0.18435786285317893,0.18435786285317893,-0.312772894546887
0.2358155204509555,0.17651630319229145,0.17651630319229145,-0.31295188010999025
0.2401411967021909,0.1686726092676123,0.1686726092676123,-0.312943942465285
0.244270311531749,0.16083142450683585,0.16083142450683585,-0.3127524267660034
0.24820298336623245,0.15299730658595623,0.15299730658595623,-0.31238069246883093
0.2519394456140454,0.14517472742926907,0.14517472742926907,-0.31183211247741743
0.2554800429072014,0.1373680744144169,0.1373680744144169,-0.3111100696496367
0.25882522904453614,0.12958165467290256,0.12958165467290256,-0.3102179565429961
0.2619755667188382,0.12181969048220156,0.12181969048220156,-0.3091591724484077
0.2649317201079597,0.11408631752133158,0.11408631752133158,-0.307937115604753
0.2676944548017677,0.10638558487270527,0.10638558487270527,-0.30655518301179724
0.2702646378021449,0.09872145502212966,0.09872145502212966,-0.3050167704239448
0.272643235578425,0.0910978046359728,0.0910978046359728,-0.3033252711150769
0.2748313102229622,0.08351842917529553,0.08351842917529553,-0.3014840749948359
0.2768300212596452,0.07598703994007441,0.07598703994007441,-0.2994965690955593
0.278640616839069,0.06850726262770318,0.06850726262770318,-0.2973661294824292
0.28026443322932115,0.06108263738277396,0.06108263738277396,-0.2950961214140376
0.2817028948159823,0.05371661879707527,0.05371661879707527,-0.2926899000249791
0.2829575128338614,0.04641257649835205,0.04641257649835205,-0.29015081026921247
0.2840298817169167,0.03917379946147603,0.03917379946147603,-0.28748218670602954
0.28492168086874375,0.03200349385962355,0.03200349385962355,-0.28468735495274144
0.2856346658322983,0.02490478222816264,0.02490478222816264,-0.28176962448135384
0.28617066751790987,0.01788070358842961,0.01788070358842961,-0.27873228912259546
0.2865315922032815,0.01093421344773092,0.01093421344773092,-0.27557862826103746
0.2867194202739682,0.004068184509158019,0.004068184509158019,-0.2723119073360991
0.28673620380081344,-0.002714589650060672,-0.002714589650060672,-0.2689353788617628
0.2865840664822322,-0.009411396720456364,-0.009411396720456364,-0.26545228268970555
0.28626519589560884,-0.01601960561990931,-0.01601960561990931,-0.2618658406094239
0.2857818430401804,-0.022536666383745258,-0.022536666383745258,-0.2581792574860193
0.28513632233703684,-0.028960110164734015,-0.028960110164734015,-0.25439572279149175
0.2843310091887462,-0.035287547754622665,-0.035287547754622665,-0.25051841075417675
0.28336834096850555,-0.04151666778420094,-0.04151666778420094,-0.24655048374375643
0.28225081194811963,-0.04764523815328519,-0.04764523815328519,-0.2424950887024025
0.28098096850687543,-0.05367110553363573,-0.05367110553363573,-0.2383553548074452
0.2795614091309824,-0.059592195368792775,-0.059592195368792775,-0.23413439515152587
0.2779947838462245,-0.06540651176082887,-0.06540651176082887,-0.22983530799666824
0.2762837907620307,-0.07111213546354221,-0.07111213546354221,-0.22546117642269206
0.2744311821929293,-0.07670722384676718,-0.07670722384676718,-0.22101507551758393
0.27243975295464185,-0.08219001097480359,-0.08219001097480359,-0.2165000636692428
0.27031233790943815,-0.08755880740450617,-0.08755880740450617,-0.2119191822019718
0.268051811966136,-0.09281200018528514,-0.09281200018528514,-0.20727545709382766
0.2656610900801008,-0.09794805285910678,-0.09794805285910678,-0.2025719006940379
0.26314312465925127,-0.10296550438464883,-0.10296550438464883,-0.19781151165584002
0.26050090693639055,-0.10786296721812369,-0.10786296721812369,-0.1929972788243923
0.25773746603819053,-0.11263912921809897,-0.11263912921809897,-0.18813218114918356
0.254855858687961,-0.11729275234565431,-0.11729275234565431,-0.1832191807736183
0.2518591690079051,-0.12182267261855712,-0.12182267261855712,-0.17826122449595605
0.24875050851911876,-0.12622780011126308,-0.12622780011126308,-0.1732612453657832
0.24553301613482634,-0.13050711895280528,-0.13050711895280528,-0.16822216425597072
0.24220985466422348,-0.13465968561484443,-0.13465968561484443,-0.1631468891175084
0.238784215588556,-0.13868462922217994,-0.13868462922217994,-0.15803832065461762
0.23525931171669864,-0.1425811518682969,-0.1425811518682969,-0.15289934703266725
0.231638370975489,-0.14634852732264714,-0.14634852732264714,-0.14773284033252979
0.22792463640972827,-0.14998610103064847,-0.14998610103064847,-0.14254165791790266
0.22412136618218034,-0.15349329011368562,-0.15349329011368562,-0.13732864376946413
0.22023183311108938,-0.156869583200088,-0.156869583200088,-0.13209662944795125
0.21625932217746507,-0.16011453892241703,-0.16011453892241703,-0.12684843383052524
0.2122071349037857,-0.16322778776895436,-0.16322778776895436,-0.12158686739849382
0.20807857840285826,-0.16620903003471865,-0.16620903003471865,-0.11631472442746804
0.20387696327206242,-0.16905803523869628,-0.16905803523869628,-0.11103478242210671
0.19960560359335022,-0.1717746421238417,-0.1717746421238417,-0.10574980313425625
0.1952678169332467,-0.1743587586570767,-0.1743587586570767,-0.10046253353873318
0.1908669225415521,-0.1768103612815816,-0.1768103612815816,-0.09517570547666473
0.18640624313881787,-0.17912949545362927,-0.17912949545362927,-0.08989203791577761
0.1818891014912319,-0.1813162754607501,-0.1813162754607501,-0.08461423471259932
0.1773188129867902,-0.18337088205003135,-0.18337088205003135,-0.07934497967396567
0.17269868555447118,-0.18529356239898576,-0.18529356239898576,-0.07408693715652988
0.16803201966423528,-0.1870846301155518,-0.1870846301155518,-0.068842752679971
0.1633221077413045,-0.18874446497253386,-0.18874446497253386,-0.06361505307962513
0.15857223307403737,-0.19027351248567503,-0.19027351248567503,-0.05840644621078248
0.15378567153729658,-0.19167228537136677,-0.19167228537136677,-0.053219522297577745
0.14896568236674043,-0.19294135982331126,-0.19294135982331126,-0.04805684755048708
0.14411550712118387,-0.19408137506021178,-0.19408137506021178,-0.04292096371251878
0.13923836968259806,-0.19509303332577277,-0.19509303332577277,-0.03781438830133811
0.13433747609956412,-0.1959770997994886,-0.1959770997994886,-0.032739614702859625
0.12941601283104257,-0.19673440170631312,-0.19673440170631312,-0.027699111102469087
0.12447714950826475,-0.19736583053320966,-0.19736583053320966,-0.022695322091719334
0.11952403080866178,-0.19787233776869598,-0.19787233776869598,-0.017730663136163803
0.11455977431687074,-0.19825493369764188,-0.19825493369764188,-0.012807519089743327
0.109587470524734,-0.19851468740126935,-0.19851468740126935,-0.007928244084897437
0.10461018277993905,-0.1986527267186349,-0.1986527267186349,-0.003095161352371151
0.0996309457114049,-0.19867023714814303,-0.19867023714814303,0.0016894379313363893
0.09465276754045351,-0.19856846420769747,-0.19856846420769747,0.006423293844008648
0.08967862338240792,-0.19834870887711065,-0.19834870887711065,0.011104182154500153
0.0847114527527025,-0.19801232575536032,-0.19801232575536032,0.015729916170472324
0.07975415956688431,-0.19756072306058972,-0.19756072306058972,0.02029834715705456
0.07480961208332038,-0.19699536257241188,-0.19699536257241188,0.024807364814896937
0.06988064166070022,-0.19631775841479954,-0.19631775841479954,0.029254898362481782
0.06497004443203352,-0.19552947935276294,-0.19552947935276294,0.03363891657904802
0.060080575358805,-0.19463214347996927,-0.19463214347996927,0.03795743148826865
0.05521494632285966,-0.19362741635739786,-0.19362741635739786,0.042208499915326526
0.050375826126402276,-0.19251701101334015,-0.19251701101334015,0.0463902241518513
0.04556584034969953,-0.1913026877442563,-0.1913026877442563,0.05050075268378348
0.040787570624197654,-0.18998625304193703,-0.18998625304193703,0.05453828108025564
0.03604355520880161,-0.18856956117928503,-0.18856956117928503,0.058501052955258884
0.03133628382443177,-0.18705450800352946,-0.18705450800352946,0.06238736271411803
0.026668196775716912,-0.18544302978435345,-0.18544302978435345,0.06619555666031349
0.02204168495099283,-0.18373710321389344,-0.18373710321389344,0.06992403383104966
0.017459089526721747,-0.18193874477585176,-0.18193874477585176,0.07357124682262454
0.012922701988359098,-0.18005001058564465,-0.18005001058564465,0.07713570254979922
0.008434762693404782,-0.17807299515937905,-0.17807299515937905,0.08061596393062356
0.003997457629075843,-0.17600982595802542,-0.17600982595802542,0.08401065128343611
-0.0003870817217694368,-0.17386266313793355,-0.17386266313793355,0.08731844325718807
-0.004716778399594998,-0.17163369948993404,-0.17163369948993404,0.09053807774425619
-0.008989610243793942,-0.16932515914790036,-0.16932515914790036,0.09366835243621119
-0.013203609981556407,-0.16693929824365225,-0.16693929824365225,0.09670812616669154
-0.017356867969768916,-0.16447839922245705,-0.16447839922245705,0.09965631975414144
-0.02144753282191198,-0.16194476922371787,-0.16194476922371787,0.1025119167666003
-0.025473811414180234,-0.15934074005663987,-0.15934074005663987,0.1052739644560932
-0.02943396922686838,-0.15666866643234123,-0.15666866643234123,0.10794157415192863
-0.033326329827568,-0.15393092794328259,-0.15393092794328259,0.11051392265116447
-0.03714927698663999,-0.15112992301653122,-0.15112992301653122,0.11299025225103161
-0.04090125549885108,-0.14826806606895207,-0.14826806606895207,0.11536987107360358
-0.04458077118337497,-0.14534778750720706,-0.14534778750720706,0.11765215396883939
-0.04818639095871198,-0.14237153276925776,-0.14237153276925776,0.11983654299806604
-0.05171674255767418,-0.13934176169066984,-0.13934176169066984,0.12192254769516445
-0.05517051494363147,-0.13626094891981025,-0.13626094891981025,0.12390974654736568
-0.058546459709038816,-0.13313157577186868,-0.13313157577186868,0.12579778518386558
-0.061843391142949455,-0.12995612972335388,-0.12995612972335388,0.12758637701023837
-0.065060186231014,-0.12673710441209457,-0.12673710441209457,0.12927530400354414
-0.0681957845170815,-0.12347699858382459,-0.12347699858382459,0.13086441681417385
-0.07124918749013533,-0.12017831527809113,-0.12017831527809113,0.13235363447278178
-0.07421945941518346,-0.11684356206505131,-0.11684356206505131,0.13374294607888554
-0.07710572744815411,-0.11347524278831067,-0.11347524278831067,0.13503240748337125
-0.07990718161324982,-0.1100758570820001,-0.1100758570820001,0.13622214168892444
-0.08262307480294684,-0.1066479003707766,-0.1066479003707766,0.1373123394863138
-0.08525272256920867,-0.10319386320872431,-0.10319386320872431,0.1383032595146633
-0.08779550211282713,-0.09971622965967841,-0.09971622965967841,0.13919522698091502
-0.09025085334315845,-0.09621747847851081,-0.09621747847851081,0.13998863588824753
-0.09261827780234909,-0.09270007495186305,-0.09270007495186305,0.14068394435489526
-0.09489733848427817,-0.08916647005735945,-0.08916647005735945,0.14128167448323783
-0.09708765983455785,-0.08561910046360663,-0.08561910046360663,0.1417824128047913
-0.09918892752994349,-0.0820603880962753,-0.0820603880962753,0.1421868102469892
-0.10120088714667476,-0.0784927384176234,-0.0784927384176234,0.14249558026734127
-0.1031233453594908,-0.0749185416068743,-0.0749185416068743,0.14270950103455451
-0.10495616781779611,-0.07134016523941455,-0.07134016523941455,0.14282940987010284
-0.1066992787586012,-0.06775995330263142,-0.06775995330263142,0.14285620262743806
-0.10835266100652277,-0.06418022619591252,-0.06418022619591252,0.14279083393391792
-0.10991635565745377,-0.060603280312548885,-0.060603280312548885,0.14263431686193137
-0.11139046065741696,-0.05703138676592349,-0.05703138676592349,0.142387720985473
-0.11277513188143255,-0.05346679176161816,-0.05346679176161816,0.14205217383641652
-0.11407058011281937,-0.04991171047369075,-0.04991171047369075,0.14162885479911977
-0.11527707063223915,-0.046368326373699864,-0.046368326373699864,0.14111899442179915
-0.11639492321769662,-0.042838791230704484,-0.042838791230704484,0.14052387446321957
-0.11742451152351915,-0.03932522456427928,-0.03932522456427928,0.1398448269869662
-0.11836626203377033,-0.03582971316318504,-0.03582971316318504,0.1390832330129323
-0.11922065426376355,-0.032354309964266595,-0.032354309964266595,0.1382405221265128
-0.11998821735070463,-0.02890102967119359,-0.02890102967119359,0.1373181666469014
-0.12066952986557615,-0.025471848550525557,-0.025471848550525557,0.13631768122843477
-0.12126521981313793,-0.022068704431710294,-0.022068704431710294,0.13524062273625878
-0.12177596328026642,-0.018693495974651808,-0.018693495974651808,0.1340885883141597
-0.12220248469151444,-0.015348083035173182,-0.015348083035173182,0.132863215662057
-0.12254555450472791,-0.012034283733675705,-0.012034283733675705,0.13156617895734
-0.12280598685399928,-0.008753872519067899,-0.008753872519067899,0.13019918519497017
-0.12298463954943742,-0.00550858016860677,-0.00550858016860677,0.1287639739467618
-0.12308241376723539,-0.0023000936783548706,-0.0023000936783548706,0.12726231672216662
-0.12310025259509841,0.0008699439970557459,0.0008699439970557459,0.12569601503436595
-0.12303914116788507,0.003999934529356717,0.003999934529356717,0.12406689995507286
-0.12290010265328705,0.007088326724805588,0.007088326724805588,0.12237682633732196
-0.12268419776713421,0.010133616760724246,0.010133616760724246,0.12062767186312515
-0.12239252469946701,0.013134348201414897,0.013134348201414897,0.1188213366192215
-0.12202621759699567,0.016089112127837882,0.016089112127837882,0.1169597410892826
-0.1215864471029413,0.018996547112840247,0.018996547112840247,0.11504482637034444
-0.1210744162651092,0.02185534104809281,0.02185534104809281,0.11307854859585019
-0.12049135932793704,0.024664231528395426,0.024664231528395426,0.11106287709827814
-0.11983854172767097,0.027422005852326455,0.027422005852326455,0.1089997940181907
-0.1191172582410347,0.030127501107754927,0.030127501107754927,0.1068912919293295
-0.11832883476194081,0.032779603579700965,0.032779603579700965,0.10473937559931407
-0.1174746242785937,0.03537724988107801,0.03537724988107801,0.10254605680793405
-0.11655600386837964,0.03791942750913123,0.03791942750913123,0.10031335052136717
-0.11557437469786709,0.040405174845436986,0.040405174845436986,0.0980432744925092
-0.11453116199368767,0.04283358115235945,0.04283358115235945,0.09573784883103281
-0.11342781258709811,0.04520378597353088,0.04520378597353088,0.09339909333399145
-0.11226579752100681,0.04751497899506674,0.04751497899506674,0.09102902988207898
-0.11104660711780016,0.049766400566670144,0.049766400566670144,0.0886296766249401
-0.10977174794620861,0.05195734156966384,0.05195734156966384,0.08620304449080989
-0.10844274282130686,0.05408714341698967,0.05408714341698967,0.08375113680693365
-0.10706113080451421,0.05615519805320819,0.05615519805320819,0.08127594892373838
-0.10562846579958637,0.05816094729280892,0.05816094729280892,0.0787794667106168
-0.10414631653266436,0.06010388195009667,0.06010388195009667,0.07626366660708041
-0.10261626574307109,0.061983542722406935,0.061983542722406935,0.07373051398087814
-0.101039904646319,0.06379951889407388,0.06379951889407388,0.0711819576654695
-0.0994188328151901,0.06555144829726509,0.06555144829726509,0.0686199295302245
-0.09775465817973623,0.0672390173119812,0.0672390173119812,0.06604634416291305
-0.0960489966347572,0.06886196060766692,0.06886196060766692,0.06346309828183247
-0.09430347020821687,0.07042005923932351,0.07042005923932351,0.06087206948721753
-0.09251970901040563,0.07191314214732498,0.07191314214732498,0.05827511724781716
-0.09069934504351368,0.0733410839429316,0.0733410839429316,0.055674077310312355
-0.08884401123899667,0.07470380442580586,0.07470380442580586,0.05307076069270073
-0.08695534145757595,0.07600126858401225,0.07600126858401225,0.05046695344717055
-0.08503497044673312,0.07723348655869974,0.07723348655869974,0.047864416407158605
-0.0830845320322305,0.07840051164493739,0.07840051164493739,0.045264884102364754
-0.08110566103751668,0.07950244135020598,0.07950244135020598,0.042670066012880196
-0.0790999886247675,0.08053941540214121,0.08053941540214121,0.04008164256378456
-0.07706914017898221,0.08151161433625377,0.08151161433625377,0.03750126348444085
-0.07501473530798386,0.08241925949592904,0.08241925949592904,0.03493054766268471
-0.0729383878424198,0.08326261303242703,0.08326261303242703,0.03237108301041653
-0.07084170466328496,0.08404197633160872,0.08404197633160872,0.02982442592140062
-0.06872628666906931,0.08475769010533893,0.08475769010533893,0.027292102112263666
-0.06659372596591663,0.08541013322351379,0.08541013322351379,0.024775604221764457
-0.06444560301471129,0.08599972029024963,0.08599972029024963,0.022276390019172428
-0.06228348662938274,0.08652690164214243,0.08652690164214243,0.019795882349654025
-0.06010893397690599,0.0869921633482678,0.0869921633482678,0.017335469091540098
-0.05792348981336727,0.0873960259145897,0.0873960259145897,0.014896502990504275
-0.05572868703317678,0.0877390439143314,0.0877390439143314,0.01248030238769943
-0.05352604472328937,0.08802180515318628,0.08802180515318628,0.010088149639440144
-0.05131706536018467,0.08824492770679013,0.08824492770679013,0.007721289746225898
-0.04910323479071871,0.08840905989636837,0.08840905989636837,0.0053809303759170144
-0.04688602223212432,0.08851488028873586,0.08851488028873586,0.003068241903906641
-0.04466687971923167,0.08856309645433874,0.08856309645433874,0.0007843575208327583
-0.042447242643746316,0.08855444467738689,0.08855444467738689,-0.0014696260133357148
-0.0402285279645783,0.08848968885073034,0.08848968885073034,-0.003692649568347501
-0.038012131943562996,0.0883696174817407,0.0883696174817407,-0.0058836923623283854
-0.03579943013080564,0.08819504366871492,0.08819504366871492,-0.008041771864013735
-0.03359177736468183,0.08796680510087529,0.08796680510087529,-0.010165943684452144
-0.031390507359071486,0.08768576269211498,0.08768576269211498,-0.012255301196534018
-0.029196933356468262,0.08735280078858147,0.08735280078858147,-0.014308974854338064
-0.027012346183099188,0.08696882524162033,0.08696882524162033,-0.01632613306844786
-0.024838012757754904,0.08653476087781538,0.08653476087781538,-0.018305982305601907
-0.02267517609084694,0.08605155149696853,0.08605155149696853,-0.02024776693548714
-0.020525055285373028,0.08552015986262092,0.08552015986262092,-0.022150769067043906
-0.018388845718559265,0.08494156677083606,0.08494156677083606,-0.02401430773748657
-0.016267718445251447,0.08431676998011146,0.08431676998011146,-0.02583773881212149
-0.014162818836587099,0.08364678235104672,0.08364678235104672,-0.027620455251456667
-0.012075266441998442,0.08293263118733003,0.08293263118733003,-0.029361886739737525
1.0,0.9,0.9,-1.25
1.0221640431862953,0.8687010525871133,0.8687010525871133,-1.2475507032432611
1.043544477924882,0.8374713082049179,0.8374713082049179,-1.244483116545838
1.064143249032534,0.8063258767604109,0.8063258767604109,-1.240826016520436
1.083962651562701,0.7752791859694315,0.7752791859694315,-1.2366072385508486
1.1030053208438226,0.7443449932996409,0.7443449932996409,-1.2318536699316862
1.12127423247933,0.7135363859705226,0.7135363859705226,-1.226591244580169
1.138772700052477,0.6828657845547863,0.6828657845547863,-1.2208449398529084
1.1555043225370225,0.6523450259071624,0.6523450259071624,-1.214638787610255
1.17147301629283,0.6219853146713731,0.6219853146713731,-1.2079958680480722
1.1866829634179774,0.5917973048371212,0.5917973048371212,-1.2009383247032432
1.201138586904425,0.5617911386972219,0.5617911386972219,-1.193487375262884
1.2148445506380177,0.531976446847603,0.531976446847603,-1.1856633176188418
1.2278057593984821,0.5023623481873049,0.5023623481873049,-1.177485536929718
1.2400273588591568,0.47295744991901917,0.47295744991901917,-1.168972513674823
1.2515146952203666,0.44376992853857744,0.44376992853857744,-1.16014185301915
1.2622733179134595,0.4148075291110782,0.4148075291110782,-1.1510102966457478
1.2723089782008674,0.38607756523781,0.38607756523781,-1.1415937336176654
1.2816275882466985,0.3575869986868714,0.3575869986868714,-1.1319072325991244
1.2902352211167363,0.32934243939317087,0.32934243939317087,-1.121965055651291
1.2981381107784402,0.3013501454584269,0.3013501454584269,-1.11178067257657
1.3053426521009452,0.2736160231511681,0.2736160231511681,-1.1013667757977434
1.3118553944675848,0.2461456428787231,0.2461456428787231,-1.090735300708206
1.3176830054962352,0.21894433776456668,0.21894433776456668,-1.0798974737838
1.3228323085566147,0.19201711529890586,0.19201711529890586,-1.068863802893823
1.3273102413273274,0.1653687497157445,0.1653687497157445,-1.057644120838718
1.3311238478137515,0.13900380099621987,0.13900380099621987,-1.0462476086681638
1.3342802783480388,0.1129266148686025,0.1129266148686025,-1.034682813544636
1.336786789589115,0.08714132280829637,0.08714132280829637,-1.0229576668292686
1.3386507445226798,0.06165184203783872,0.06165184203783872,-1.0110795023793742
1.3398796055609532,0.03646189847453078,0.03646189847453078,-0.9990550833185835
1.3404809192749234,0.011575097948355713,0.011575097948355713,-0.9868906492610725
1.340462340842961,-0.013005150758641337,-0.013005150758641337,-0.9745919080200023
1.3398316022699823,-0.03727555464816855,-0.03727555464816855,-0.9621640804576285
1.3385965095149381,-0.061232928096684305,-0.061232928096684305,-0.9496119224094808
1.336764942490814,-0.08487419285539718,-0.08487419285539718,-0.9369397437686215
1.33434485506463,-0.10819637805026605,-0.10819637805026605,-0.9241514275920072
1.3313442750574411,-0.13119662018200004,-0.13119662018200004,-0.9112504492207965
1.3277713033491925,-0.153872156666129,-0.153872156666129,-0.8982398982166052
1.3236341106679375,-0.17622026649031447,-0.17622026649031447,-0.8851225256380398
1.3189409453400343,-0.19823831324778343,-0.19823831324778343,-0.8719007452572498
1.3137001181070478,-0.21992371135711325,-0.21992371135711325,-0.8585766623655968
1.307919999581734,-0.24127391470754594,-0.24127391470754594,-0.8451520971667845
1.3016090202480408,-0.26228641665898744,-0.26228641665898744,-0.8316286036003342
1.2947756704611069,-0.2829587500420081,-0.2829587500420081,-0.8180074880765009
1.2874285004472619,-0.3032884871578429,-0.3032884871578429,-0.8042898281155635
1.2795761207556517,-0.3232732219193119,-0.3232732219193119,-0.7904765000343794
1.2712272134447242,-0.34291056558877464,-0.34291056558877464,-0.7765682050098491
1.2623905227782952,-0.3621981512115664,-0.3621981512115664,-0.7625654807724206
1.253074848578081,-0.3811336171724615,-0.3811336171724615,-0.748468724764054
1.2432890462232946,-0.3997146071934353,-0.3997146071934353,-0.734278212134811
1.2330420266506474,-0.4179387703336637,-0.4179387703336637,-0.7199941135864683
1.2223427563543476,-0.43580376098952356,-0.43580376098952356,-0.7056165130571972
1.211200257641492,-0.453307238150769,-0.453307238150769,-0.6911454257439442
1.1996236190938456,-0.4704468580088524,-0.4704468580088524,-0.6765808245918563
1.1876219987181127,-0.4872202772992091,-0.4872202772992091,-0.6619226577006672
1.175204610584153,-0.5036251516704093,-0.5036251516704093,-0.6471708594012981
1.1623807238752781,-0.5196591348163773,-0.5196591348163773,-0.6323253670197264
1.1491596628882526,-0.5353198784763906,-0.5353198784763906,-0.6173861374881688
1.135550807033293,-0.55060503243508,-0.55060503243508,-0.6023531637449604
1.1215635908340686,-0.5655122445224301,-0.5655122445224301,-0.5872264909159315
1.1072075072828,-0.5800391668419234,-0.5800391668419234,-0.57200623102516
1.0924921238772831,-0.5941834568316599,-0.5941834568316599,-0.5566925873146739
1.0774270692405619,-0.6079427755468173,-0.6079427755468173,-0.5412858635606919
1.0620220258856519,-0.621314797505076,-0.621314797505076,-0.5257864704398609
1.046286730208155,-0.6342972107388377,-0.6342972107388377,-0.5101949404768018
1.0302309724862602,-0.6468877167952259,-0.6468877167952259,-0.49451194275465016
1.0138645968807427,-0.6590840307360855,-0.6590840307360855,-0.47873829735106976
0.9971975015537445,-0.6708838848589199,-0.6708838848589199,-0.46287498770327845
0.9802396504878503,-0.6822850504454548,-0.6822850504454548,-0.4469231707874144
0.9630010757392664,-0.693285320760127,-0.693285320760127,-0.430884200984206
0.9454918588674766,-0.7038825313723077,-0.7038825313723077,-0.4147596221443875
0.9277221296588,-0.7140745639031834,-0.7140745639031834,-0.39855117773547644
0.9097020661263908,-0.7238593460257559,-0.7238593460257559,-0.38226082329058797
0.8914418945102387,-0.7332348514648421,-0.7332348514648421,-0.3658907385202169
0.872951889075787,-0.7421991011697151,-0.7421991011697151,-0.34944333836273245
0.8542423757920732,-0.7507501925129573,-0.7507501925129573,-0.33292127221581747
0.8353237452691241,-0.7588862865866286,-0.7588862865866286,-0.31632745009372254
0.8162064291475254,-0.7666056233223667,-0.7666056233223667,-0.29966503048999116
0.7969008949729259,-0.7739065318451249,-0.7739065318451249,-0.2829374217686334
0.777417646196038,-0.7807874304731713,-0.7807874304731713,-0.2661482916360547
0.7577672221726368,-0.7872468267180899,-0.7872468267180899,-0.249301576213745
0.7379601978885412,-0.7932833181889934,-0.7932833181889934,-0.23240148806050548
0.7180071831872095,-0.798895623505737,-0.798895623505737,-0.2154525084126548
0.6979188370427521,-0.804082574433165,-0.804082574433165,-0.19845940920634814
0.6777058417951844,-0.8088431278480752,-0.8088431278480752,-0.1814272362704829
0.6573788958859202,-0.8131763769731669,-0.8131763769731669,-0.16436130484809847
0.6369487138577734,-0.8170815513770404,-0.8170815513770404,-0.14726720535223886
0.6164260263549559,-0.8205580169741981,-0.8205580169741981,-0.13015080867430473
0.5958215789105983,-0.8236052791967202,-0.8236052791967202,-0.11301826853313451
0.5751461305071736,-0.8262230159470304,-0.8262230159470304,-0.0958760082461834
0.5544104626111767,-0.828411065310349,-0.828411065310349,-0.07873073774545436
0.533625350079511,-0.8301694414741967,-0.8301694414741967,-0.06158942649291649
0.51280155701464,-0.8314983399793063,-0.8314983399793063,-0.04445929964965904
0.4919498367645892,-0.832398137719623,-0.832398137719623,-0.027347839526236498
0.47108093192294614,-0.8328693929423041,-0.8328693929423041,-0.010262786567515808
0.4502055691204281,-0.8329128580970011,-0.8329128580970011,0.006787870821482182
0.4293344644988868,-0.8325295020987543,-0.8325295020987543,0.023795903031799542
0.4084783119921772,-0.8317204997398229,-0.8317204997398229,0.04075284415132992
0.3876477624414968,-0.8304872445892286,-0.8304872445892286,0.05765001739829735
0.3668534234135802,-0.8288313492050962,-0.8288313492050962,0.0744785380430206
0.3461058592006966,-0.8267546451346531,-0.8267546451346531,0.09122931652124046
0.32541558808539045,-0.8242591865171041,-0.8242591865171041,0.10789306616695368
0.3047930774986625,-0.8213472749758475,-0.8213472749758475,0.12446032400748236
0.28424874540395545,-0.818021452576545,-0.818021452576545,0.14092145073706158
0.26379293255050695,-0.8142845054860987,-0.8142845054860987,0.15726666244526163
0.24343590024347667,-0.8101394652186465,-0.8101394652186465,0.173486039871317
0.2231878303439458,-0.805589608635563,-0.805589608635563,0.18956953549656327
0.20305882292845254,-0.8006384597560477,-0.8006384597560477,0.20550698406338908
0.18305888898896328,-0.7952898084481532,-0.7952898084481532,0.22128812660268804
0.16319795093029896,-0.7895477073054608,-0.7895477073054608,0.23690261696000106
0.14348581674167737,-0.783416466593478,-0.783416466593478,0.25234005247626684
0.12393217752068734,-0.7769006546725153,-0.7769006546725153,0.26758998674057416
0.1045466074732901,-0.7700050979976868,-0.7700050979976868,0.28264194015238814
0.08533856063350859,-0.762734883959247,-0.762734883959247,0.29748541533231476
0.06631736369597731,-0.7550953736166484,-0.7550953736166484,0.3121099216578638
0.04749220606183854,-0.7470921903501647,-0.7470921903501647,0.32650499104056785
0.028872126593535163,-0.7387312150603402,-0.7387312150603402,0.3406602008754416
0.010466013301070887,-0.7300185862106188,-0.7300185862106188,0.35456518729112213
-0.0077174009153508916,-0.7209606999227367,-0.7209606999227367,0.3682096625320969
-0.025669542511059767,-0.7115642176718499,-0.7115642176718499,0.3815834364295301
-0.043382009007811445,-0.7018360545110831,-0.7018360545110831,0.3946764360044637
-0.060846579669117704,-0.6917833705450389,-0.6917833705450389,0.40747872619312325
-0.07805521555751142,-0.6814135708967376,-0.6814135708967376,0.4199805243410262
-0.09500006476022607,-0.6707343039581587,-0.6707343039581587,0.4321722192001949
-0.11167346597400635,-0.6597534666597982,-0.6597534666597982,0.44404439190443495
-0.12806796138792276,-0.648479185922128,-0.648479185922128,0.45558783489579846
-0.14417630342380514,-0.6369198103585875,-0.6369198103585875,0.46679356989688947
-0.15999145510514712,-0.6250839096860529,-0.6250839096860529,0.477652863089506
-0.1755065969518297,-0.6129802683575966,-0.6129802683575966,0.4881572442453504
-0.19071512587083572,-0.6006178966036377,-0.6006178966036377,0.4982985260198403
-0.2056106712969688,-0.5880059979610235,-0.5880059979610235,0.5080688199077186
-0.22018709965573874,-0.5751539607729981,-0.5751539607729981,0.517460551813199
-0.23443851436336305,-0.5620713581892015,-0.5620713581892015,0.5264664768613441
-0.24835925901686534,-0.5487679411164315,-0.5487679411164315,0.5350796938829624
-0.26194392168514774,-0.5352536404680418,-0.5352536404680418,0.5432936655407276
-0.27518733970944687,-0.5215385536407575,-0.5215385536407575,0.5511022309170981
-0.2880846098965704,-0.5076329120861035,-0.5076329120861035,0.558499614431474
-0.30063108871446087,-0.49354708074568826,-0.49354708074568826,0.5654804393876335
-0.31282239232862324,-0.4792915578457441,-0.4792915578457441,0.5720397410799359
-0.3246544004686147,-0.4648769597291235,-0.4648769597291235,0.5781729762819037
-0.33612325852707853,-0.4503140319920672,-0.4503140319920672,0.5838760435076844
-0.34722538357829125,-0.4356136110092773,-0.4356136110092773,0.5891452824831482
-0.357957467283904,-0.4207866047905615,-0.4207866047905615,0.5939774793560462
-0.3683164758929437,-0.40584399298083174,-0.40584399298083174,0.5983698776661991
-0.37829965031766577,-0.39079682442227204,-0.39079682442227204,0.6023201876148954
-0.38790450828826667,-0.3756562005348875,-0.3756562005348875,0.6058265900657828
-0.39712884726198505,-0.360433281836019,-0.360433281836019,0.6088877524455212
-0.4059707447938168,-0.3451392413677816,-0.3451392413677816,0.6115028146033968
-0.41442855858131444,-0.3297852568736453,-0.3297852568736453,0.6136713930516943
-0.4225009264645869,-0.3143825107984354,-0.3143825107984354,0.6153935884364914
-0.4301867656108975,-0.29894218176657394,-0.29894218176657394,0.6166699871555377
-0.43748527430021933,-0.2834754359616909,-0.2834754359616909,0.6175016653269724
-0.4443959318313885,-0.2679934130017241,-0.2679934130017241,0.6178901871779081
-0.4509184938410419,-0.2525071913530877,-0.2525071913530877,0.6178375871351605
-0.45705299219763723,-0.23702778752422649,-0.23702778752422649,0.6173463734951131
-0.46279973466727314,-0.22156615480986117,-0.22156615480986117,0.6164195309538234
-0.4681593018500067,-0.20613316734435214,-0.20613316734435214,0.61506051190392
-0.4731325507351445,-0.19073962148784815,-0.19073962148784815,0.6132732435920973
-0.4777206044248272,-0.17539619811612667,-0.17539619811612667,0.611062098661295
-0.4819248497354785,-0.16011345423383544,-0.16011345423383544,0.6084318890109089
-0.4857469371973069,-0.14490182297339751,-0.14490182297339751,0.6053878660833185
-0.48918877700964364,-0.12977160345794136,-0.12977160345794136,0.6019357106490525
-0.49225254056177953,-0.11473295700831479,-0.11473295700831479,0.5980815318038422
-0.4949406507031632,-0.09979588328252148,-0.09979588328252148,0.593831841888118
-0.4972557743404521,-0.08497020431234557,-0.08497020431234557,0.5891935375196093
-0.4992008224375118,-0.07026556450335542,-0.07026556450335542,0.5841738969136472
-0.5007789463952392,-0.055691424904983224,-0.055691424904983224,0.5787805694782759
-0.5019935364585482,-0.04125705652083997,-0.04125705652083997,0.5730215668482
-0.5028482123815426,-0.026971524181132252,-0.026971524181132252,0.5669052394111714
-0.5033468131936446,-0.012843671896167003,-0.012843671896167003,0.5604402520121677
-0.5034933971339673,0.001117877232369402,0.001117877232369402,0.5536355787092833
-0.5032922370971554,0.014904725776119558,0.014904725776119558,0.5465004893935475
-0.5027478182163952,0.028508707540493346,0.028508707540493346,0.5390445381904176
-0.5018648241187504,0.041921902427544976,0.041921902427544976,0.5312775332425268
-0.5006481302869973,0.05513664270955762,0.05513664270955762,0.5232095190041917
-0.49910280232515747,0.06814551413444596,0.06814551413444596,0.5148507667156995
-0.49723409139839725,0.08094135972089153,0.08094135972089153,0.5062117598677094
-0.4950474274989655,0.09351728602716618,0.09351728602716618,0.49730317558005116
-0.4925484037030217,0.1058666734349998,0.1058666734349998,0.4881358529836008
-0.4897427752163845,0.11798317672627877,0.11798317672627877,0.4787207840285743
-0.48663645182315524,0.12986072758366857,0.12986072758366857,0.46906909527992696
-0.4832355026052961,0.14149353336966364,0.14149353336966364,0.45919204611610287
-0.4795461345275472,0.15287608597669422,0.15287608597669422,0.44910099056726255
-0.47557468165437056,0.16400316578802163,0.16400316578802163,0.43880735432649093
-0.4713276051499506,0.17486984167773578,0.17486984167773578,0.4283226265863602
-0.46681148710593107,0.1854714706995107,0.1854714706995107,0.41765834465498586
-0.4620330289286369,0.19580369648936954,0.19580369648936954,0.40682608464814624
-0.45699904353480875,0.2058624523377649,0.2058624523377649,0.39583744252427233
-0.45171643096538733,0.21564396286729684,0.21564396286729684,0.3847039963325604
-0.4461921779137457,0.22514474404201185,0.22514474404201185,0.37343729781902213
-0.44043335769049585,0.2343616031552359,0.2343616031552359,0.36204886462618274
-0.4344471189060235,0.24329163347986454,0.24329163347986454,0.3505501619912402
-0.42824069257379554,0.25193221439575036,0.25193221439575036,0.33895260353113715
-0.42182137030326083,0.26028101017295935,0.26028101017295935,0.3272675189056853
-0.41519648828621963,0.268335965898313,0.268335965898313,0.31550613011410494
-0.40837342729682546,0.276095307475386,0.276095307475386,0.30367954478356357
-0.4013596125335333,0.28355754151296003,0.28355754151296003,0.2917987494916669
-0.39416250234615396,0.2907214450569931,0.2907214450569931,0.27987459546881377
-0.38678959584916556,0.2975860681115815,0.2975860681115815,0.267917800084807
-0.3792484092113977,0.3041507260686683,0.3041507260686683,0.2559389173549387
-0.3715464631000275,0.31041499265755595,0.31041499265755595,0.24394832161967753
-0.3636912826805793,0.31637869994490747,0.31637869994490747,0.2319562025276946
-0.3556903972687963,0.3220419379603579,0.3220419379603579,0.2199725600304642
-0.3475513305935136,0.3274050409952228,0.3274050409952228,0.2080071955753666
-0.33928160767675297,0.3324685922770818,0.3324685922770818,0.19606971339975648
-0.33088873109415246,0.3372334098788871,0.3372334098788871,0.18416949662772858
-0.3223801721358156,0.3417005390891142,0.3417005390891142,0.17231569766852212
-0.31376337080630856,0.34587125241176303,0.34587125241176303,0.16051723517237446
-0.305045735013604,0.34974704833472975,0.34974704833472975,0.14878279093623709
-0.2962346333885532,0.3533296357642045,0.3533296357642045,0.13712080711022107
-0.2873373999730659,0.3566209404378791,0.3566209404378791,0.12553948603878268
-0.27836131178036067,0.35962308456189845,0.35962308456189845,0.11404677347862807
-0.26931358413423384,0.3623383812448974,0.3623383812448974,0.10265035483163054
-0.2602013706690618,0.3647693344980004,0.3647693344980004,0.09135765407967328
-0.2510317617973728,0.3669186359250853,0.3669186359250853,0.08017583292104874
-0.241811781386302,0.3687891505395659,0.3687891505395659,0.06911179363996238
-0.23254838644435705,0.3703839211821362,0.3703839211821362,0.05817217626086375
-0.22324844918562137,0.371706145573785,0.371706145573785,0.04736335041148586
-0.21391875549528844,0.3727591738380138,0.3727591738380138,0.03669141536681213
-0.2045660049296636,0.3735465085008361,0.3735465085008361,0.026162200753822175
-0.19519680856816435,0.3740717973214368,0.3740717973214368,0.015781268722485267
-0.18581768991127268,0.37433882558660997,0.37433882558660997,0.005553919894760069
-0.1764350779857988,0.3743515119164893,0.3743515119164893,-0.004514810623674869
-0.16705529674238329,0.3741138894435693,0.3741138894435693,-0.014420153545464229
-0.15768456490942379,0.3736301054823215,0.3736301054823215,-0.02415760342960211
-0.14832899592374174,0.3729044212785282,0.3729044212785282,-0.03372291650917327
-0.13899459630231326,0.3719412000247004,0.3719412000247004,-0.043112104149788326
-0.1296872682398193,0.370744909428222,0.370744909428222,-0.05232142896559035
-0.1204127987265401,0.36932010396291737,0.36932010396291737,-0.06134740483548694
-0.11117685608699127,0.3676714162597727,0.3676714162597727,-0.07018679337701755
-0.10198498997992278,0.3658035571069361,0.3658035571069361,-0.07883660093730427
-0.09284263114332247,0.36372131297824273,0.36372131297824273,-0.08729407451427589
-0.08375509265081624,0.36142953632379027,0.36142953632379027,-0.09555669240208953
-0.07472756806950283,0.358933146403197,0.358933146403197,-0.10362216324617925
-0.06576512425925563,0.3562371100218395,0.3562371100218395,-0.11148842043789706
-0.056872700917764994,0.35334643968703777,0.35334643968703777,-0.11915361810381758
-0.04805511058013253,0.3502661936011067,0.3502661936011067,-0.12661612748984707
-0.03931703929063538,0.3470014688248713,0.3470014688248713,-0.133874529206084
-0.030663048637033834,0.3435574007439374,0.3435574007439374,-0.14092760722459144
-0.022097570512045677,0.3399391513608734,0.3399391513608734,-0.14777434464388406
-0.01362490545388833,0.3361519004090953,0.3361519004090953,-0.15441391714093383
-0.0052492226462779595,0.3322008453528668,0.3322008453528668,-0.16084568916247743
0.0030254396810454436,0.32809119959378114,0.32809119959378114,-0.16706920882088327
0.011195171422823053,0.323828187332103,0.323828187332103,-0.1730841987162373
0.019256192937062228,0.31941704062428633,0.31941704062428633,-0.17889055305591953
0.027204856610941647,0.3148629871429313,0.3148629871429313,-0.18448832933776294
0.03503764684319401,0.31017124942922236,0.31017124942922236,-0.18987774421854353
0.04275117978367931,0.3053470438848091,0.3053470438848091,-0.19505916905150458
0.05034220057096213,0.30039557699461733,0.30039557699461733,-0.20003312163660542
0.057807583895218895,0.2953220451707855,0.2953220451707855,-0.20480026312945107
0.06514433461748985,0.2901316220807272,0.2901316220807272,-0.20936138879130237
0.0723495876755118,0.28482945731757753,0.28482945731757753,-0.21371742376693725
0.07942060805089575,0.2794206762756981,0.2794206762756981,-0.21786941959210998
0.08635478820532026,0.2739103753114683,0.2739103753114683,-0.22181854597185724
0.09314964711349662,0.2683036280253925,0.2683036280253925,-0.2255660897747191
0.09980283005362459,0.2626054730023904,0.2626054730023904,-0.22911344557747726
0.10631210778467826,0.25682090809823827,0.25682090809823827,-0.23246210898147318
0.11267537654640668,0.2509548904395681,0.2509548904395681,-0.23561367367021582
0.11889065805933455,0.24501233642386727,0.24501233642386727,-0.23856982855651185
0.1249560962682681,0.23899811897646064,0.23899811897646064,-0.24133235055757749
0.13086995524433273,0.2329170709771805,0.2329170709771805,-0.24390310169579224
0.13663062041854135,0.2267739792689495,0.2267739792689495,-0.24628402476582498
0.14223659516150125,0.22057357686838142,0.22057357686838142,-0.24847713379506456
0.14768650077405085,0.21432054295198177,0.21432054295198177,-0.25048451174786496
0.15297907648725842,0.20801950285614895,0.20801950285614895,-0.252308308346754
0.15811317842366393,0.20167502761285097,0.20167502761285097,-0.25395073679184277
0.16308777366338295,0.19529163439474087,0.19529163439474087,-0.2554140664770576
0.16790194428823219,0.1888737875692476,0.1888737875692476,-0.25670062549370226
0.17255488181588022,0.18242588971297274,0.18242588971297274,-0.2578127892246681
0.17704588624816686,0.17595228076494654,0.17595228076494654,-0.25875297746316034
0.18137436607110188,0.1694572380266295,0.1694572380266295,-0.2595236529508778
0.18553983819259182,0.1629449761456886,0.1629449761456886,-0.2601273199541295
0.1895419227663873,0.1564196474370511,0.1564196474370511,-0.260566518387717
0.1933803449314338,0.14988534496458336,0.14988534496458336,-0.26084382585256544
0.19705493134185953,0.14334609601787102,0.14334609601787102,-0.26096185015756607
0.20056560671650314,0.13680586004456854,0.13680586004456854,-0.2609232242192756
0.20391239383891485,0.13026852865039745,0.13026852865039745,-0.2607306052918902
0.2070954135573555,0.12373792559914779,0.12373792559914779,-0.26038667429363094
0.21011488201106127,0.11721780729296477,0.11721780729296477,-0.2598941329290392
0.2129711086539468,0.11071186604734402,0.11071186604734402,-0.2592557030533606
0.21566449642405414,0.10422372630543297,0.10422372630543297,-0.2584741245732024
0.21819553558693736,0.09775694209018063,0.09775694209018063,-0.2575521482820136
0.22056480364481845,0.09131499699190107,0.09131499699190107,-0.2564925356193935
0.2227729653365868,0.08490130416827472,0.08490130416827472,-0.25529805860375293
0.22482077103305798,0.07851920677038446,0.07851920677038446,-0.2539714986006705
0.2267090537017635,0.07217198121347665,0.07217198121347665,-0.252515645302432
0.2284387302465182,0.06586283481737923,0.06586283481737923,-0.25093329695987954
0.23001079433118132,0.05959490366781042,0.05959490366781042,-0.24922725306331434
0.23142631598213173,0.05337125260189156,0.05337125260189156,-0.2474003143372652
0.23268644158826804,0.04719487520814645,0.04719487520814645,-0.24545528317253915
0.2337923926841738,0.041068694253480385,0.041068694253480385,-0.2433949632355158
0.23474546321081874,0.03499556477181158,0.03499556477181158,-0.24122215909711214
0.23554702053326454,0.028978272158201406,0.028978272158201406,-0.23893967683594558
0.23619849822328623,0.02301953083843148,0.02301953083843148,-0.23655031752991484
0.23670139556069097,0.017121984296709507,0.017121984296709507,-0.23405687757697
0.23705727753331832,0.011288205075668682,0.011288205075668682,-0.23146214950485092
0.23726777348112285,0.005520695411481568,0.005520695411481568,-0.22876892192032577
0.23733457552639145,-0.0001781101445041261,-0.0001781101445041261,-0.2259799803060809
0.23725943768990798,-0.005805846748884258,-0.005805846748884258,-0.2230981061608796
0.23704416974006384,-0.011360219584097359,-0.011360219584097359,-0.22012607226646394
0.23669063697624185,-0.016839003823142202,-0.016839003823142202,-0.21706664353822694
0.23620076020826014,-0.022240044623966376,-0.022240044623966376,-0.21392257807168494
0.2355765134177203,-0.02756125575303614,-0.02756125575303614,-0.21069662680639234
0.23481992488067066,-0.03280061867325985,-0.03280061867325985,-0.20739153611984798
0.23393307170877442,-0.037956183794502746,-0.037956183794502746,-0.20401004340370255
0.23291807690034166,-0.04302607027340101,-0.04302607027340101,-0.20055487565425048
0.231777109340329,-0.04800846601336234,-0.04800846601336234,-0.19702875065081607
0.2305123825370534,-0.052901627424743525,-0.052901627424743525,-0.19343437712409986
0.2291261536735822,-0.0577038777862634,-0.0577038777862634,-0.18977445592100048
0.227620725664285,-0.06241360763797917,-0.06241360763797917,-0.1860516828949083
0.22599843761540497,-0.0670292748917358,-0.0670292748917358,-0.18226874140861626
0.22426166419188312,-0.07154940479408618,-0.07154940479408618,-0.17842830298961745
0.2224128156173589,-0.07597258992629019,-0.07597258992629019,-0.17453302854404554
0.22045433751616725,-0.0802974901631065,-0.0802974901631065,-0.17058556944867556
0.21838870711512226,-0.08452283079316898,-0.08452283079316898,-0.16658856623945484
0.2162184389643841,-0.08864740286246486,-0.08864740286246486,-0.16254465486351266
0.21394607595494922,-0.09267006340414731,-0.09267006340414731,-0.15845645956957138
0.21157418552217264,-0.09658973490216775,-0.09658973490216775,-0.1543265908752146
0.20910535964576873,-0.10040540529127506,-0.10040540529127506,-0.15015764671361395
0.20654221484981045,-0.10411612795701652,-0.10411612795701652,-0.14595221356828914
0.20388739141671575,-0.10772102142939513,-0.10772102142939513,-0.14171286702627559
0.20114355122581862,-0.11121926741569743,-0.11121926741569743,-0.1374421718780232
0.1983133814912822,-0.11461011260400213,-0.11461011260400213,-0.13314268573357976
0.19539958449475905,-0.11789286726969052,-0.11789286726969052,-0.1288169513357689
0.19240487627060757,-0.1210669049455939,-0.1210669049455939,-0.12446749651526905
0.18933198660589254,-0.12413166242199304,-0.12413166242199304,-0.12009683516446926
0.18618365904038392,-0.12708663974661946,-0.12708663974661946,-0.115707468188341
0.18296264906981036,-0.1299313993667797,-0.1299313993667797,-0.111301883195492
0.17967172542095505,-0.13266556575031402,-0.13266556575031402,-0.10688255676264943
0.17631366781780095,-0.1352888261154822,-0.1352888261154822,-0.10245195286818667
0.17289125963059185,-0.13780092846722442,-0.13780092846722442,-0.0980125178656491
0.16940728776761205,-0.1402016815596507,-0.1402016815596507,-0.09356668115803099
0.16586454267518702,-0.14249095489604072,-0.14249095489604072,-0.08911685592379688
0.16226581805161572,-0.14466867859843785,-0.14466867859843785,-0.08466543961080478
0.15861390881212506,-0.14673484214117194,-0.14673484214117194,-0.08021481332780686
0.1549116143786302,-0.14868949609720694,-0.14868949609720694,-0.07576734467614805
0.15116173004334668,-0.15053274956075108,-0.15053274956075108,-0.07132538153703162
0.1473670450884797,-0.1522647694300031,-0.1522647694300031,-0.06689125117785615
0.1435303427862251,-0.15388578040715223,-0.15388578040715223,-0.06246726072258272
0.1396544003987675,-0.15539606499837863,-0.15539606499837863,-0.058055697589430334
0.13574198748600855,-0.15679596253017197,-0.15679596253017197,-0.05365882878759222
0.13179586805799406,-0.15808587026171603,-0.15808587026171603,-0.049278902759704014
0.1278187958910695,-0.15926624191138736,-0.15926624191138736,-0.04491814601876725
0.12381350991796876,-0.16033758548046756,-0.16033758548046756,-0.04057876013009359
0.11978273422534157,-0.16130046325186104,-0.16130046325186104,-0.03626292191571129
0.11572917805375202,-0.16215549179009528,-0.16215549179009528,-0.03197278362810497
0.11165553489365489,-0.16290334131707182,-0.16290334131707182,-0.02771047254064134
0.1075644829473922,-0.16354473599110272,-0.16354473599110272,-0.023478091353492866
0.10345868353468217,-0.16408045366089133,-0.16408045366089133,-0.0192777168644906
0.09934077523898265,-0.1645113223601751,-0.1645113223601751,-0.015111396133878682
0.095213373736026,-0.16483822019764338,-0.16483822019764338,-0.01098114632956507
0.09107907179382,-0.1650620753569373,-0.1650620753569373,-0.006888954651586586
0.08694043869545544,-0.16518386558982115,-0.16518386558982115,-0.0028367779244332144
0.08280002019260951,-0.16520461813118226,-0.16520461813118226,0.0011734575417609236
0.07866033781416265,-0.16512540989013635,-0.16512540989013635,0.005139856879913164
0.07452388327255786,-0.1649473631542424,-0.1649473631542424,0.009060560140167706
0.07039311816456528,-0.16467164534375786,-0.16467164534375786,0.012933742724299738
0.06627047397128302,-0.1642994690116386,-0.1642994690116386,0.016757615678611983
0.06215835157604242,-0.16383209128037848,-0.16383209128037848,0.020530426198276996
0.05805912131959015,-0.16327081379233196,-0.16327081379233196,0.02425045789025641
0.05397512198064563,-0.16261698248439088,-0.16261698248439088,0.027916032020114927
0.049908656167394996,-0.16187198299472105,-0.16187198299472105,0.03152551012205258
0.04586199010166067,-0.16103724043133233,-0.16103724043133233,0.03507729454122246
0.04183735361890224,-0.16011421937207887,-0.16011421937207887,0.038569828898703806
0.037836939669033294,-0.15910442303980474,-0.15910442303980474,0.042001598651572686
0.033862904745726334,-0.15800939376960987,-0.15800939376960987,0.04537113140264223
0.02991736683103227,-0.1568307112251486,-0.1568307112251486,0.04867699854916254
0.026002402313219694,-0.15556998831413527,-0.15556998831413527,0.051917816829059646
0.022120045937675102,-0.15422887111726313,-0.15422887111726313,0.05509224890741343
0.018272290799364183,-0.1528090388721805,-0.1528090388721805,0.05819900395893737
0.014461087857710121,-0.15131220265453618,-0.15131220265453618,0.06123683808196365
0.010688346525210052,-0.14974010674545282,-0.14974010674545282,0.06420455499780495
0.006955931579151356,-0.14809452402065829,-0.14809452402065829,0.06710100742800455
0.0032656619780432397,-0.14637725377197017,-0.14637725377197017,0.0699250978175728
-0.00038068913838483834,-0.1445901217072951,-0.1445901217072951,0.0726757789768764
-0.003981394543568627,-0.14273497955452905,-0.14273497955452905,0.07535205462133546
-0.007534772886478249,-0.1408137043950676,-0.1408137043950676,0.07795297964450221
-0.011039189613745925,-0.13882819778989663,-0.13882819778989663,0.08047766125015988
-0.0144930589269797,-0.13678038112865626,-0.13678038112865626,0.08292525924272001
-0.01789484389409225,-0.13467219530548588,-0.13467219530548588,0.08529498663443398
-0.021243056498830397,-0.1325056004750669,-0.1325056004750669,0.08758611022624634
-0.024536257711166267,-0.13028257480728278,-0.13028257480728278,0.08979795070330142
-0.027773057422954592,-0.12800511555950475,-0.12800511555950475,0.09192988374643071
-0.030952116307161555,-0.12567523311992482,-0.12567523311992482,0.09398133956790237
-0.034072146071906416,-0.12329495003617014,-0.12329495003617014,0.09595180331758056
-0.037131909460460855,-0.12086630101530349,-0.12086630101530349,0.09784081570814857
-0.04013022030290694,-0.11839133142188212,-0.11839133142188212,0.09964797293015996
-0.04306594305512016,-0.11587209854017295,-0.11587209854017295,0.10137292741545201
-0.04593799369831508,-0.11331066871359159,-0.11331066871359159,0.10301538790811617
-0.04874534047854442,-0.11070911234121399,-0.11070911234121399,0.10457511829282526
-0.05148700391006442,-0.10806950384628394,-0.10806950384628394,0.10605193814753339
-0.054162056775334075,-0.10539392167621384,-0.10539392167621384,0.1074457232922679
-0.056769623838747764,-0.10268444676641278,-0.10268444676641278,0.10875640526011274
-0.05930888146040796,-0.09994316353368692,-0.09994316353368692,0.10998397191126837
-0.061779058349993886,-0.09717215719789898,-0.09717215719789898,0.11112846735906576
-0.0641794354733716,-0.09437350856184823,-0.09437350856184823,0.11218998974183185
-0.06650934604916361,-0.09154929396936104,-0.09154929396936104,0.11316869165622162
-0.06876817554874987,-0.08870158530528974,-0.08870158530528974,0.11406478059505547
-0.07095536141439668,-0.08583244999785791,-0.08583244999785791,0.11487851907601516
1.3,-0.4,-0.4,-0.762
1.2897371225070176,-0.4189174066822846,-0.4189174066822846,-0.7475940501313388
1.2790046551233385,-0.4374726293945929,-0.4374726293945929,-0.733097758860608
1.2678117070882136,-0.4556634008524425,-0.4556634008524425,-0.7185107017360062
1.2561674440328867,-0.4734874408645151,-0.4734874408645151,-0.7038323941110061
1.2440810864148593,-0.49094245531578096,-0.49094245531578096,-0.6890623088419334
1.2315619095178894,-0.5080261361674994,-0.5080261361674994,-0.6741998940390697
1.218619243000615,-0.5247361616797588,-0.5247361616797588,-0.6592445902784572
1.2052624758650983,-0.5410701969576931,-0.5410701969576931,-0.6441958502405583
1.191501068845974,-0.5570258925814207,-0.5570258925814207,-0.6290531631430439
1.1773445404308942,-0.5726008890348814,-0.5726008890348814,-0.6138160625369669
1.1628024648890216,-0.5877928173378173,-0.5877928173378173,-0.5984841417497161
1.1478844722710295,-0.6025992990457729,-0.6025992990457729,-0.5830570704119551
1.1326002484091027,-0.6170179462500945,-0.6170179462500945,-0.5675346107447832
1.1169595349169361,-0.6310463615779313,-0.6310463615779313,-0.5519166335995989
1.1009721331791105,-0.6446821492194017,-0.6446821492194017,-0.5362031309620174
1.084647921126392,-0.65792291729594,-0.65792291729594,-0.5203942399176612
1.0679968385952021,-0.6707662749959458,-0.6707662749959458,-0.5044902516473599
1.051028880403185,-0.6832098473628369,-0.6832098473628369,-0.4884916152334521
1.0337540963462295,-0.6952512753405475,-0.6952512753405475,-0.47239895233343376
1.0161825911984685,-0.706888215773529,-0.706888215773529,-0.45621307158073726
0.9983245247122803,-0.7181183414067488,-0.7181183414067488,-0.4399349826805059
0.9801901117423262,-0.7289393464688222,-0.7289393464688222,-0.42356590747642836
0.9617896348727875,-0.7393489736020947,-0.7393489736020947,-0.40710728772199417
0.9431334449716177,-0.7493449929260098,-0.7493449929260098,-0.39056080950380645
0.9242319421363459,-0.7589252274238965,-0.7589252274238965,-0.3739283918513733
0.9050955745884044,-0.768087556751016,-0.768087556751016,-0.3572121963849937
0.885734838673129,-0.776829917234561,-0.776829917234561,-0.34041463916798576
0.8661602788597581,-0.7851503018736553,-0.7851503018736553,-0.32353840218804764
0.8463824873372803,-0.79304676279543,-0.79304676279543,-0.306586442965317
0.8264121083228152,-0.8005174459471389,-0.8005174459471389,-0.28956199079273365
0.8062598490017165,-0.8075605732977966,-0.8075605732977966,-0.2724685735303641
0.7859364541270405,-0.8141744638157019,-0.8141744638157019,-0.2553100002340324
0.7654527018762152,-0.8203575424053194,-0.8203575424053194,-0.23809036291163588
0.7448194038510417,-0.8261083399072807,-0.8261083399072807,-0.22081404502679713
0.7240474050776933,-0.8314254930983831,-0.8314254930983831,-0.2034857295685535
0.7031475832033949,-0.8363077474823417,-0.8363077474823417,-0.18611040470926898
0.6821308486658395,-0.8407539935001149,-0.8407539935001149,-0.16869335297546634
0.661008155826523,-0.8447632514827651,-0.8447632514827651,-0.1512401736713042
0.6397904744074493,-0.8483346909060044,-0.8483346909060044,-0.13375675872594528
0.6184887847060031,-0.8514676381065762,-0.8514676381065762,-0.11624929029129326
0.59711407759495,-0.8541615762822553,-0.8541615762822553,-0.09872424512140879
0.5756773545224361,-0.856416145491848,-0.856416145491848,-0.08118839847452197
0.5541896246763592,-0.8582311506177204,-0.8582311506177204,-0.06364882134771427
0.5326619067803224,-0.8596065941908753,-0.8596065941908753,-0.04611286829791502
0.5111052293283285,-0.860542660609529,-0.860542660609529,-0.028588187934211327
0.4895306028382156,-0.861039735466762,-0.861039735466762,-0.01108269288180521
0.46794901831866986,-0.8610984076078626,-0.8610984076078626,0.006395442234342803
0.4463714472692239,-0.8607194691303266,-0.8607194691303266,0.023837781083383712
0.42480884139371505,-0.8599039157597942,-0.8599039157597942,0.041235626831436153
0.4032721241187905,-0.8586529707494529,-0.8586529707494529,0.0585800424741922
0.38177220162691605,-0.8569680905345396,-0.8569680905345396,0.07586184642736628
0.36031993570222465,-0.8548509646339584,-0.8548509646339584,0.0930716378276456
0.33892613310256947,-0.8523035226168381,-0.8523035226168381,0.11019981294582169
0.31760154555952413,-0.8493279341025323,-0.8493279341025323,0.1272365698401017
0.29635686977838316,-0.8459266087606194,-0.8459266087606194,0.14417191345489486
0.2752027397546853,-0.8421022078564081,-0.8421022078564081,0.16099567376721577
0.25414973025780063,-0.837857662221735,-0.837857662221735,0.17769751793108943
0.2332083398331266,-0.8331961622556393,-0.8331961622556393,0.19426696724823767
0.21238897339216334,-0.8281211620583342,-0.8281211620583342,0.21069342284071918
0.19170194219943837,-0.8226363794399819,-0.8226363794399819,0.22696617444915995
0.17115746386545644,-0.8167457959228278,-0.8167457959228278,0.24307440958332846
0.1507656538940088,-0.810453664970084,-0.810453664970084,0.2590072350698508
0.13053652731612633,-0.8037645262390904,-0.8037645262390904,0.2747536927961697
0.110479979747697,-0.7966831931189762,-0.7966831931189762,0.29030278199680143
0.09060577407298741,-0.789214751434039,-0.789214751434039,0.3056434829031051
0.07092354044464334,-0.7813645594437456,-0.7813645594437456,0.32076476899507006
0.05144277554587827,-0.7731382483022268,-0.7731382483022268,0.33565562043640784
0.03217283407437893,-0.7645417319075971,-0.7645417319075971,0.3503050501298951
0.013122921474271361,-0.7555812033890307,-0.7555812033890307,0.364702122433848
-0.0056979209888006754,-0.7462631241982646,-0.7462631241982646,0.3788359763486519
-0.024280818416867037,-0.736594223846452,-0.736594223846452,0.3926958419686916
-0.04261706596387399,-0.7265814996202162,-0.7265814996202162,0.40627105863625596
-0.06069813419696734,-0.7162322218813733,-0.7162322218813733,0.41955109783665256
-0.0785156808177668,-0.7055539217578012,-0.7055539217578012,0.4325255841235229
-0.09606155931582143,-0.6945543831165593,-0.6945543831165593,0.44518431550973847
-0.11332782002526226,-0.6832416415075026,-0.6832416415075026,0.4575172797373492
-0.1303067167722542,-0.6716239832127106,-0.6716239832127106,0.46951467646580236
-0.14699070904274364,-0.659709948077148,-0.659709948077148,0.4811669367902953
-0.16337247907776564,-0.6475083038433919,-0.6475083038433919,0.49246474438346455
-0.1794449341256375,-0.6350280430546986,-0.6350280430546986,0.5033990525296577
-0.19520120730576618,-0.6222783815704764,-0.6222783815704764,0.5139611003577301
-0.2106346652021689,-0.6092687521334036,-0.6092687521334036,0.5241424337058367
-0.2257389073291532,-0.5960088134520755,-0.5960088134520755,0.533934924911623
-0.24050778285880337,-0.5825084120010006,-0.5825084120010006,0.5433307875824351
-0.25493539360579437,-0.5687775757062261,-0.5687775757062261,0.5523225924414956
-0.2690160940273911,-0.5548265139453388,-0.5548265139453388,0.5609032827692112
-0.28274449452500444,-0.5406656090366916,-0.5406656090366916,0.5690661888801903
-0.29611546594172233,-0.5263054182741284,-0.5263054182741284,0.5768050489127631
-0.30912414447580633,-0.511756657396548,-0.511756657396548,0.5841140205136602
-0.3217659407635957,-0.4970301663744044,-0.4970301663744044,0.5909876880778943
-0.33403654001619726,-0.4821369089453107,-0.4821369089453107,0.5974210765020511
-0.3459319020559026,-0.46708797234080834,-0.46708797234080834,0.6034096643983096
-0.35744826477188374,-0.4518945504819723,-0.4518945504819723,0.608949392410556
-0.3685821468372334,-0.4365679546750789,-0.4365679546750789,0.6140366839682015
-0.3793303524608317,-0.42111957224489915,-0.42111957224489915,0.618668441842893
-0.38968997351574153,-0.4055608470467813,-0.4055608470467813,0.6228420521308721
-0.399658389539208,-0.3899032794666524,-0.3899032794666524,0.6265553949383489
-0.4092332677180296,-0.3741584232151499,-0.3741584232151499,0.6298068528070397
-0.4184125646776436,-0.35833786816495544,-0.35833786816495544,0.632595313616146
-0.42719452953003645,-0.34245324424074197,-0.34245324424074197,0.6349201848624852
-0.4355777023497268,-0.32651617356790613,-0.32651617356790613,0.6367813760905333
-0.44356091396120056,-0.3105382638934518,-0.3105382638934518,0.6381793027867455
-0.45114328593891045,-0.2945311085859912,-0.2945311085859912,0.6391148931214576
-0.45832422919313054,-0.27850627533404776,-0.27850627533404776,0.6395895866732498
-0.465103446370021,-0.2624753004770702,-0.2624753004770702,0.6396053397736102
-0.47148092941917874,-0.24644966670497154,-0.24644966670497154,0.639164616132859
-0.47745695440424507,-0.23044077336437158,-0.23044077336437158,0.6382703697482264
-0.4830320814715445,-0.21445993627091764,-0.21445993627091764,0.6369260479531499
-0.4882071539679926,-0.1985183847537307,-0.1985183847537307,0.6351355913819634
-0.4929832956395528,-0.1826272464194833,-0.1826272464194833,0.6329034248052214
-0.49736191241192296,-0.16679754365703342,-0.16679754365703342,0.6302344586240488
-0.5013446803788355,-0.15104015656672523,-0.15104015656672523,0.6271340563710295
-0.5049335444139995,-0.13536581873896636,-0.13536581873896636,0.6236080306383796
-0.5081307178382944,-0.11978511658495855,-0.11978511658495855,0.6196626414129458
-0.5109386771788922,-0.10430847657466849,-0.10430847657466849,0.6153045818336896
-0.5133601643794077,-0.088946162753294,-0.088946162753294,0.6105409774303852
-0.515398171875115,-0.07370824670503628,-0.07370824670503628,0.6053793503420754
-0.5170559386463313,-0.05860459997743965,-0.05860459997743965,0.5998276073729388
-0.5183369500043072,-0.04364489380343645,-0.04364489380343645,0.593894035653979
-0.5192449325778308,-0.028838591214221426,-0.028838591214221426,0.5875872881864928
-0.5197838508218889,-0.014194937562877964,-0.014194937562877964,0.5809163699183743
-0.5199578938329406,0.00027705726650648077,0.00027705726650648077,0.5738906074715248
-0.519771472200056,0.014568622752454383,0.014568622752454383,0.5665196374864315
-0.5192292142410317,0.028671231754345328,0.028671231754345328,0.5588133937481309
-0.5183359635596021,0.042576605403220086,0.042576605403220086,0.5507820950818443
-0.5170967645174951,0.05627672749208376,0.05627672749208376,0.5424362135463455
-0.5155168564310089,0.06976384979643868,0.06976384979643868,0.5337864573856914
-0.5136016698187253,0.08303049447631138,0.08303049447631138,0.5248437576286863
-0.5113568249106141,0.09606945626041913,0.09606945626041913,0.5156192572569374
-0.5087881182627202,0.10887381189943339,0.10887381189943339,0.5061242821700674
-0.5059015102517126,0.12143692791304198,0.12143692791304198,0.4963703139101844
-0.5027031245482737,0.13375246076615957,0.13375246076615957,0.4863689804513134
-0.4991992392962821,0.1458143592330271,0.1458143592330271,0.4761320357825659
-0.49539629299087634,0.15761686327328292,0.15761686327328292,0.4656713587760553
-0.49130085811716356,0.16915451353344563,0.16915451353344563,0.454998907987773
-0.48691963320040177,0.18042215388978783,0.18042215388978783,0.4441267020947106
-0.4822594428060003,0.19141493144833538,0.19141493144833538,0.43306681111694345
-0.47732722989225645,0.20212829568159035,0.20212829568159035,0.42183133893078434
-0.4721300561103579,0.21255799663281968,0.21255799663281968,0.410432415770502
-0.4666750901708678,0.22270008807296052,0.22270008807296052,0.39888217409158505
-0.46096958431251456,0.2325509279271889,0.2325509279271889,0.3871927118811706
-0.455020874084597,0.24210717826723172,0.24210717826723172,0.3753760841215233
-0.4488363782479261,0.25136580527104163,0.25136580527104163,0.36344429450014837
-0.442423586529248,0.26032407253128675,0.26032407253128675,0.35140927624708523
-0.4357900677999752,0.26897954203410607,0.26897954203410607,0.33928289342154355
-0.42894344556128144,0.2773300713471169,0.2773300713471169,0.3270769057857198
-0.42189138281569216,0.28537380897821163,0.28537380897821163,0.3148029461054137
-0.4146415820670852,0.29310919437555694,0.29310919437555694,0.3024725131951258
-0.4072017850258954,0.30053495769916216,0.30053495769916216,0.2900969649219694
-0.39957976082347335,0.3076501079943947,0.3076501079943947,0.27768750387822483
-0.39178331422049173,0.3144539369329185,0.3144539369329185,0.265255178814351
-0.38382025960726607,0.32094600878597485,0.32094600878597485,0.25281085355127647
-0.37569840962165363,0.32712615339440976,0.32712615339440976,0.2403651919228967
-0.3674255751490532,0.3329944661686741,0.3329944661686741,0.22792865271943868
-0.3590095647085537,0.3385513073749215,0.3385513073749215,0.215511484531538
-0.3504581746508014,0.3437972869072334,0.3437972869072334,0.20312371763309905
-0.34177919597444045,0.3487332703131513,0.3487332703131513,0.1907751645780518
-0.332980388787684,0.3533603616310048,0.3533603616310048,0.17847539583562103
-0.32406947495009286,0.3576798965560919,0.3576798965560919,0.1662337315909327
-0.31505413807257443,0.3616934424406796,0.3616934424406796,0.15405923883556522
-0.3059420222646891,0.3654027962319374,0.3654027962319374,0.14196072834620188
-0.2967407256289418,0.3688099681765879,0.3688099681765879,0.12994675319000606
-0.28745780350522354,0.37191718847253924,0.37191718847253924,0.11802560702816346
-0.2781007456341805,0.374726884476343,0.374726884476343,0.10620530834046646
-0.26867697276386376,0.37724167635827616,0.37724167635827616,0.09449359772343649
-0.25919383664973156,0.3794643771023401,0.3794643771023401,0.08289793709000305
-0.249658617965984,0.3813979875413977,0.3813979875413977,0.07142550930022216
-0.24007852429909843,0.3830456832542235,0.3830456832542235,0.060083222237913236
-0.23046068706994585,0.3844108166628575,0.3844108166628575,0.04887770439546742
-0.22081214487794776,0.3854968937985018,0.3854968937985018,0.0378152986438168
-0.21113984266270608,0.3863075728379929,0.3863075728379929,0.026902062875636092
-0.20145063170400512,0.3868466641038012,0.3868466641038012,0.01614377105489307
-0.19175126699978343,0.38711812006917945,0.38711812006917945,0.005545916644398148
-0.18204840950406126,0.3871260314978319,0.3871260314978319,-0.004886281564263025
-0.17234861617095462,0.3868746174463634,0.3868746174463634,-0.015147883453018481
-0.1626583316388636,0.3863682091759761,0.3863682091759761,-0.025234226378816747
-0.1529838882205018,0.38561125012746955,0.38561125012746955,-0.03514092283222038
-0.14333150569501696,0.38460829502894667,0.38460829502894667,-0.04486385771449624
-0.13370729030842093,0.3833639967241634,0.3833639967241634,-0.054399180157336684
-0.12411723632662137,0.38188311001506897,0.38188311001506897,-0.06374330101024143
-0.11456721478868034,0.3801704703798362,0.3801704703798362,-0.07289289106035063
-0.10506297138662951,0.3782309881490773,0.3782309881490773,-0.08184487709659159
-0.09561012646546915,0.376069648505844,0.376069648505844,-0.09059643853090425
-0.08621417478785207,0.373691507343405,0.373691507343405,-0.09914500209698038
-0.07688048756350795,0.37110168339601135,0.37110168339601135,-0.1074882322608972
-0.06761430859701968,0.3683053555620945,0.3683053555620945,-0.11562403023861696
-0.05842074855625707,0.3653077450070868,0.3653077450070868,-0.12355052717491165
-0.049304784823016624,0.3621141144275207,0.3621141144275207,-0.13126608002945492
-0.04027126149280656,0.35872976775853216,0.35872976775853216,-0.1387692674860151
-0.03132489081072303,0.3551600418868886,0.3551600418868886,-0.1460588803758605
-0.022470254133765646,0.35141030802380246,0.35141030802380246,-0.1531339174139684
-0.013711796770991127,0.3474859560082493,0.3474859560082493,-0.1599935785589957
-0.005053827183559886,0.3433923887875918,0.3433923887875918,-0.16663725897639575
0.0034994830152649398,0.33913502241758026,0.33913502241758026,-0.17306454494778026
0.011944098100478629,0.33471928295856085,0.33471928295856085,-0.17927520728387228
0.02027611557618971,0.3301506029412263,0.3301506029412263,-0.18526919287423105
0.02849176929606996,0.3254344147103444,0.3254344147103444,-0.19104662046771806
0.03658743000005781,0.32057614094347636,0.32057614094347636,-0.19660777246499417
0.044559605302587076,0.31558119453166383,0.31558119453166383,-0.20195309088347452
0.05240493890682802,0.3104549760041208,0.3104549760041208,-0.20708317138452273
0.0601202077695572,0.3052028725463726,0.3052028725463726,-0.21199875616629257
0.06770232330621517,0.2998302534628614,0.2998302534628614,-0.216700729121434
0.07514833130049176,0.29434245922341673,0.29434245922341673,-0.22119010657275043
0.08245541188087213,0.28874480124602236,0.28874480124602236,-0.22546803351419445
0.08962087938573396,0.28304256152026597,0.28304256152026597,-0.2295357797414925
0.0966421788265814,0.27724098785526524,0.27724098785526524,-0.23339473060854424
0.10351688595011879,0.27134530057669987,0.27134530057669987,-0.23704638710310674
0.11024270622536339,0.2653606783585635,0.2653606783585635,-0.24049235454946677
0.11681747399502335,0.2592922540852062,0.2592922540852062,-0.24373433659151084
0.12323915247549852,0.2531451148513341,0.2531451148513341,-0.24677413216058974
0.12950583375688107,0.2469243019620087,0.2469243019620087,-0.2496136325424724
0.13561573484228753,0.24063480821932431,0.24063480821932431,-0.25225481344458694
0.14156719616463823,0.23428158196364227,0.23428158196364227,-0.25469973294047593
0.14735868227353247,0.22786951998193664,0.22786951998193664,-0.2569505260162224
0.15298877820345252,0.22140346059897278,0.22140346059897278,-0.25900939525170186
0.15845618947303783,0.21488818367641838,0.21488818367641838,-0.26087860851478395
0.16375974208508376,0.20832841061284468,0.20832841061284468,-0.26256049676595145
0.16889838128057072,0.20172880391086348,0.20172880391086348,-0.26405745059616303
0.17387116546483822,0.19509396822562375,0.19509396822562375,-0.2653719131416299
0.1786772704271852,0.1884284507135211,0.1884284507135211,-0.2665063823904839
0.1833159831861628,0.18173673255387446,0.18173673255387446,-0.2674633995247981
0.18778670110248216,0.1750232282771936,0.1750232282771936,-0.26824554621888835
0.19208893187901327,0.16829228576518082,0.16829228576518082,-0.26885544321151966
0.1962222934454542,0.16154818622983355,0.16154818622983355,-0.26929574887137214
0.20018650838054455,0.1547951449943472,0.1547951449943472,-0.26956915325019937
0.20398140626588174,0.14803731430124653,0.14803731430124653,-0.2696783805960637
0.2076069192970268,0.14127877680579534,0.14127877680579534,-0.26962618111192405
0.21106307902255445,0.1345235439206332,0.1345235439206332,-0.26941532631757487
0.21435001634405426,0.12777555581577366,0.12777555581577366,-0.2690486083506018
0.21746796151612963,0.12103868141860584,0.12103868141860584,-0.2685288393682364
0.2204172409180591,0.11431671917071155,0.11431671917071155,-0.26785884848462893
0.2231982757844218,0.10761340039523463,0.10761340039523463,-0.26704148191941135
0.22581158142803667,0.10093238513909135,0.10093238513909135,-0.2660795999361762
0.22825776125927125,0.09427726016836876,0.09427726016836876,-0.2649760702284367
0.23053750674613238,0.08765153896553779,0.08765153896553779,-0.2637337678255567
0.23265159741426567,0.08105866172945458,0.08105866172945458,-0.2623555751231111
0.2346008988923223,0.07450199600776251,0.07450199600776251,-0.2608443805439864
0.23638636039852048,0.06798484014761755,0.06798484014761755,-0.25920307819583743
0.23800901532772029,0.06151042047317358,0.06151042047317358,-0.2574345672888529
0.23946997414032664,0.05508188966796958,0.05508188966796958,-0.2555417452713577
0.24077042410224841,0.048702326780319466,0.048702326780319466,-0.25352750806793284
0.24191162928489884,0.04237473722331145,0.04237473722331145,-0.2513947506198997
0.24289492902782128,0.036102053402336715,0.036102053402336715,-0.24914636641950358
0.24372173571914746,0.0298871379187619,0.0298871379187619,-0.24678524778613758
0.24439353497341207,0.023732781247619752,0.023732781247619752,-0.24431428560986185
0.24491187857536512,0.01764170087111345,0.01764170087111345,-0.241736363357459
0.24527838416612188,0.011616541312044797,0.011616541312044797,-0.23905435767431552
0.24549473524316284,0.005659874133813608,0.005659874133813608,-0.23627113930364754
0.24556267944260568,-0.00022580114229479604,-0.00022580114229479604,-0.2333895729644519
0.24548402763114793,-0.006038054584377436,-0.006038054584377436,-0.23041251877455718
0.24526065176701023,-0.011774528034094262,-0.011774528034094262,-0.22734283028892735
0.244894479373315,-0.01743293508753926,-0.01743293508753926,-0.22418335062403996
0.24438749345498612,-0.02301106107716172,-0.02301106107716172,-0.22093691352496309
0.24374173234472565,-0.02850676303048316,-0.02850676303048316,-0.2176063444122025
0.2429592870062945,-0.03391796796638532,-0.03391796796638532,-0.21419445999458045
0.24204230317066658,-0.03924267251638852,-0.03924267251638852,-0.21070407160764015
0.24099297418462476,-0.044478943786596975,-0.044478943786596975,-0.20713797957005603
0.23981353882293877,-0.0496249191960517,-0.0496249191960517,-0.20349897254435667
0.23850628128836507,-0.05467880647673108,-0.05467880647673108,-0.1997898288071986
0.23707353006970178,-0.05963888343147819,-0.05963888343147819,-0.19601331662202073
0.2355176563537807,-0.064503496117477,-0.064503496117477,-0.1921721950041667
0.23384107724867423,-0.06927105936453246,-0.06927105936453246,-0.18826921768464394
0.2320462454065493,-0.07394005676408316,-0.07394005676408316,-0.1843071250230524
0.230135648105825,-0.07850904059581529,-0.07850904059581529,-0.18028864450209975
0.228111807251173,-0.08297663182766167,-0.08297663182766167,-0.1762164920158629
0.2259772793660459,-0.08734152011388165,-0.08734152011388165,-0.17209337315116907
0.2237346520102108,-0.09160246219322399,-0.09160246219322399,-0.1679219820115728
0.22138654837272032,-0.09575828154682384,-0.09575828154682384,-0.163705006839231
0.2189356208415348,-0.09980786918668497,-0.09980786918668497,-0.15944512503353866
0.21638454512385843,-0.10375018278925642,-0.10375018278925642,-0.15514499945553842
0.2137360202461396,-0.10758424669543137,-0.10758424669543137,-0.15080727962829227
0.21099276855407037,-0.1113091519105484,-0.1113091519105484,-0.14643460292237387
0.20815753536019205,-0.11492405597495967,-0.11492405597495967,-0.1420295954672663
0.20523308588364753,-0.11842818097322219,-0.11842818097322219,-0.1375948714887715
0.20222221020244396,-0.12182081509404488,-0.12182081509404488,-0.13313303819558925
0.19912771322706302,-0.12510131152702172,-0.12510131152702172,-0.12864668822854425
0.1959524122099509,-0.12826908785363295,-0.12826908785363295,-0.12413839871295473
0.19269913674551928,-0.13132362604724437,-0.13132362604724437,-0.11961073226140341
0.18937072877014471,-0.1342644724731076,-0.1342644724731076,-0.11506623795060376
0.18597004130320266,-0.13709123732142187,-0.13709123732142187,-0.11050745139002875
0.18249993834085232,-0.13980359375271173,-0.13980359375271173,-0.10593689596561348
0.17896329502035457,-0.14240127915717704,-0.14240127915717704,-0.10135708324885756
0.1753629888677562,-0.14488409288555398,-0.14488409288555398,-0.09677050685205264
0.17170189938704486,-0.14725189611102618,-0.14725189611102618,-0.09217964288090799
0.16798290806014876,-0.14950461182922511,-0.14950461182922511,-0.08758695066546733
0.16420889823433238,-0.15164222480817968,-0.15164222480817968,-0.08299487337837587
0.16038275280641556,-0.15366478031584274,-0.15366478031584274,-0.07840583716894144
0.1565073578753571,-0.1555723858431612,-0.1555723858431612,-0.07382225433995149
0.15258559468068192,-0.15736520877339646,-0.15736520877339646,-0.06924651755317221
0.1486203367558213,-0.159043475293561,-0.159043475293561,-0.06468099820955804
0.14461444992811243,-0.16060747039441842,-0.16060747039441842,-0.06012804690530111
0.14057079231879943,-0.1620575378704831,-0.1620575378704831,-0.05558999385293087
0.13649221296110717,-0.16339407953287266,-0.16339407953287266,-0.05106914835486679
0.1323815531638436,-0.1646175559122823,-0.1646175559122823,-0.04656780008408813
0.12824164333066537,-0.16572848547662397,-0.16572848547662397,-0.04208821677552347
0.12407529725521874,-0.16672744190117403,-0.16672744190117403,-0.037632640426837546
0.11988531206680071,-0.16761505404036067,-0.16761505404036067,-0.03320328743674954
0.11567446823035876,-0.16839200592776413,-0.16839200592776413,-0.028802348746401443
0.11144552881978202,-0.16905903627418853,-0.16905903627418853,-0.024431989503903583
0.10720123951217084,-0.1696169384656794,-0.1696169384656794,-0.02009434912874197
0.1029443279217666,-0.17006656086398503,-0.17006656086398503,-0.015791540559521238
0.09867749715911685,-0.17040880287657892,-0.17040880287657892,-0.011525646031709885
0.09440342550602776,-0.17064461474487477,-0.17064461474487477,-0.007298716784135947
0.09012476641556283,-0.1707749975442264,-0.1707749975442264,-0.0031127729391576776
0.08584414803914814,-0.170801002763469,-0.170801002763469,0.001030196893099793
0.08156417290764231,-0.17072373200455354,-0.17072373200455354,0.005128235955056013
0.07728741779016832,-0.17054433760085902,-0.17054433760085902,0.009179419999995598
0.07301642778248119,-0.1702640179717634,-0.1702640179717634,0.013181860948623378
0.0687537158664534,-0.16988401725294058,-0.16988401725294058,0.01713370744910589
0.06450176291007587,-0.16940562529636016,-0.16940562529636016,0.021033145221805744
0.060263017246268966,-0.16883017716787846,-0.16883017716787846,0.024878397587195088
0.05603989457482395,-0.1681590529354658,-0.1681590529354658,0.02866772584970042
0.05183477725293911,-0.1673936777478152,-0.1673936777478152,0.032399430447540845
0.0476500094927208,-0.16653551691557097,-0.16653551691557097,0.03607185364599596
0.043487897074665646,-0.16558607559574065,-0.16558607559574065,0.03968338016160002
0.03935070734766146,-0.1645468987916953,-0.1645468987916953,0.04323243768193844
0.0352406687633069,-0.1634195705587905,-0.1634195705587905,0.046717497463065374
0.031159971230775466,-0.16220571437994613,-0.16220571437994613,0.05013707472061815
0.027110764179476263,-0.16090699148309118,-0.16090699148309118,0.05348973026894836
0.023095153400685457,-0.15952509651230684,-0.15952509651230684,0.0567740720775882
0.01911520098571258,-0.15806175743522452,-0.15806175743522452,0.05998875591364452
0.015172925317539979,-0.15651873552434928,-0.15651873552434928,0.06313248597717298
0.011270300608776119,-0.1548978240253549,-0.1548978240253549,0.06620401533906377
0.007409257422614111,-0.15320084949507817,-0.15320084949507817,0.06920214674403588
0.003591679597884168,-0.15142966700074875,-0.15142966700074875,0.07212573393495697
-0.0001805968758282206,-0.14958615795452326,-0.14958615795452326,0.07497368237613616
-0.003905783858183926,-0.14767223011348457,-0.14767223011348457,0.07774494994443558
-0.00758214115265828,-0.1456898171256331,-0.1456898171256331,0.08043854748836658
-0.01120797644948251,-0.1436408779621933,-0.1436408779621933,0.08305353917779759
-0.014781646457126017,-0.14152739551299506,-0.14152739551299506,0.08558904362802024
-0.0183015586390184,-0.13935137216587692,-0.13935137216587692,0.08804423413168035
-0.02176617128708706,-0.13711482957415547,-0.13711482957415547,0.09041833931666456
-0.02517399361866152,-0.13481980816515687,-0.13481980816515687,0.09271064369218243
-0.02852358573732108,-0.13246836630537406,-0.13246836630537406,0.09492048787867098
-0.031813558785886875,-0.13006258077347088,-0.13006258077347088,0.09704726967714693
-0.03504257673628117,-0.12760454051315584,-0.12760454051315584,0.09909044342972272
-0.038209356531946286,-0.12509634606211173,-0.12509634606211173,0.10104952054831924
-0.04131266808784395,-0.1225401095519962,-0.1225401095519962,0.10292407017274932
-0.04435133429355213,-0.11993795298372004,-0.11993795298372004,0.10471371895613583
-0.0473242305532168,-0.11729200988280603,-0.11729200988280603,0.10641815205411062
-0.050230285776094064,-0.1146044216791662,-0.1146044216791662,0.10803711293750677
-0.0530684829715225,-0.11187733288558582,-0.11187733288558582,0.10957040219129517
-0.055837859249808,-0.10911289108652365,-0.10911289108652365,0.11101787809819011
-0.05853750582222315,-0.10631324693811234,-0.10631324693811234,0.11237945720885667
-0.06116656765615258,-0.10348055255232684,-0.10348055255232684,0.11365511373208295
-0.06372424311880633,-0.10061696256494712,-0.10061696256494712,0.11484488023349283
-0.06620978471093944,-0.09772463119885971,-0.09772463119885971,0.11594884742866308
-0.06862249885003706,-0.09480570699834948,-0.09480570699834948,0.11696716181889646
-0.0709617458665043,-0.09186233279349765,-0.09186233279349765,0.1179000261385376
-0.07322694000366725,-0.08889664570018069,-0.08889664570018069,0.11874769980221773
-0.07541754899687131,-0.08591077607914543,-0.08591077607914543,0.11951049837578312
-0.0775330934273919,-0.08290684734454457,-0.08290684734454457,0.12018879321494831
-0.07957314746384375,-0.07988697486084688,-0.07988697486084688,0.12078301205372773
-0.08153733771530536,-0.07685326006457704,-0.07685326006457704,0.12129363523593384
-0.08342534317803527,-0.07380779027333273,-0.07380779027333273,0.12172119589157622
-0.08523689523547293,-0.07075263868578334,-0.07075263868578334,0.1220662802402412
-0.0869717772340799,-0.06768986368755427,-0.06768986368755427,0.12232952708490791
-0.08862982357148591,-0.06462150821814387,-0.06462150821814387,0.1225116268058204
-0.09021092045872224,-0.06154959931219244,-0.06154959931219244,0.12261332214882045
-0.09171500391635573,-0.05847614257601462,-0.05847614257601462,0.12263540359303848
-0.0931420596337378,-0.05540312188517556,-0.05540312188517556,0.12257870923088854
-0.09449212296900404,-0.05233249938449176,-0.05233249938449176,0.1224441249218878
-0.09576527842254678,-0.04926621489673681,-0.04926621489673681,0.12223258358118477
-0.0969616587422642,-0.04620618550111524,-0.04620618550111524,0.12194506414603208
-0.09808144537441132,-0.04315430467046233,-0.04315430467046233,0.12158259169498922
-0.0991248658663297,-0.040112437783257335,-0.040112437783257335,0.12114623256456193
-0.10009219372029914,-0.03708242191598341,-0.03708242191598341,0.12063709412703921
-0.10098374839353746,-0.034066065843128226,-0.034066065843128226,0.12005632480302343
-0.10179989445827341,-0.031065149410799558,-0.031065149410799558,0.11940511286601631
-0.10254104120608533,-0.028081423648473484,-0.028081423648473484,0.1186846860566477
-0.1032076420305725,-0.025116608867536215,-0.025116608867536215,0.11789630993904278
-0.10380019183068712,-0.02217239173614253,-0.02217239173614253,0.11704128366357587
-0.10431922696799377,-0.019250425238755572,-0.019250425238755572,0.11612093981041151
-0.10476532524576705,-0.016352328663876405,-0.016352328663876405,0.11513664425247552
-0.10513910446920452,-0.013479686981444748,-0.013479686981444748,0.11408979421764416
-0.10544122316445967,-0.010634051305437632,-0.010634051305437632,0.11298181912566196
-0.10567237775378906,-0.007816936021191274,-0.007816936021191274,0.1118141760484126
-0.1058333010869875,-0.005029817713827267,-0.005029817713827267,0.11058834746769493
-0.10592476244138808,-0.002274135168253401,-0.002274135168253401,0.10930584108516768
-0.10594756712171952,0.0004487107402767682,0.0004487107402767682,0.10796818914738338
-0.10590255537567493,0.0031373570947646106,0.0031373570947646106,0.1065769470753122
-0.10579060216230683,0.005790479703683865,0.005790479703683865,0.10513369261163759
-0.10561261381407801,0.00840679491328659,0.00840679491328659,0.10364002119676304
-0.10536952778578192,0.010985059711855143,0.010985059711855143,0.10209754540701407
-0.10506231252616748,0.01352407175315972,0.01352407175315972,0.10050789455225682
-0.10469196610448138,0.01602266939373425,0.01602266939373425,0.09887271296097863
-0.10425951695743181,0.018479731629934833,0.018479731629934833,0.0971936605177038
-0.10376601994991239,0.02089417960938944,0.02089417960938944,0.09547240752446678
-0.10321255548806765,0.02326497687996359,0.02326497687996359,0.09371063337016135
-0.10260022951929329,0.025591129389759864,0.025591129389759864,0.0919100262438957
-0.10193017220887411,0.027871685483116145,0.027871685483116145,0.09007228146862219
-0.10120353869378405,0.03010573541423244,0.03010573541423244,0.08819910223549668
-0.10042150714028147,0.03229241203996416,0.03229241203996416,0.08629219693956451
-0.09958527503944851,0.03443089134694998,0.03443089134694998,0.08435327476691004
-0.09869605918812305,0.03652039245331684,0.03652039245331684,0.08238404538131773
-0.0977550956888989,0.03856017760867954,0.03856017760867954,0.08038621863118829
-0.09676363966362529,0.04054955180126455,0.04054955180126455,0.0783615041551834
-0.09572296328141029,0.042487862182208645,0.042487862182208645,0.07631160933018082
-0.0946343540152667,0.044374498987010215,0.044374498987010215,0.07423823671373896
