x1,x2,xdot1,xdot2
-1.2,-0.8,0.5359632297321509,0.8
-1.1865949103485558,-0.7801990420774934,0.533773974259779,0.7801990420774934
-1.1732439236183254,-0.760888171906193,0.5316441089670545,0.760888171906193
-1.1599457209294033,-0.74205527337032,0.5295604172507261,0.74205527337032
-1.1466992883980254,-0.7236885216549628,0.5275104281291385,0.7236885216549628
-1.1335039150879738,-0.7057763744161495,0.5254824403370697,0.7057763744161495
-1.1203591930105765,-0.6883075717808476,0.5234655384752249,0.6883075717808476
-1.1072650057659257,-0.6712711345071892,0.5214495942057213,0.6712711345071892
-1.0942214438978992,-0.6546563623846945,0.5194251896239767,0.6546563623846945
-1.0812288223715265,-0.6384528314976013,0.5173836394312292,0.6384528314976013
-1.0682876573327618,-0.6226503650938685,0.5153169870141304,0.6226503650938685
-1.0553986603675323,-0.6072390312198063,0.5132179976160525,0.6072390312198063
-1.0425627385017389,-0.5922091427200766,0.5110801523360198,0.5922091427200766
-1.0297809655093735,-0.5775512535819735,0.5088976130474094,0.5775512535819735
-1.0170545173503795,-0.5632561625773607,0.5066651435705063,0.5632561625773607
-1.0043846955721392,-0.5493148987189591,0.5043781298122008,0.5493148987189591
-0.9917729058172,-0.535718703499636,0.5020325562736394,0.535718703499636
-0.979220657373278,-0.5224590307408595,0.4996249892517698,0.5224590307408595
-0.9667295623950073,-0.5095275463833318,0.4971525581326783,0.5095275463833318
-0.95430128760009,-0.49691612412367503,0.4946128910883366,0.49691612412367503
-0.9419375323424859,-0.48461685129997906,0.492004068107259,0.48461685129997906
-0.9296400384266882,-0.4726220063878839,0.4893246274675506,0.4726220063878839
-0.917410580992797,-0.4609240519678808,0.48657354116333157,0.4609240519678808
-0.9052509685165205,-0.44951563472531164,0.48375019346625386,0.44951563472531164
-0.8931630380458304,-0.438389584362431,0.4808543552507581,0.438389584362431
-0.8811486045132703,-0.42753891191272864,0.4778861127384948,0.42753891191272864
-0.8692094676951919,-0.4169568101127936,0.4748458521671726,0.4169568101127936
-0.8573474152320076,-0.4066366332868019,0.4717342580186451,0.4066366332868019
-0.8455642199797173,-0.3965718952857915,0.4685522910756051,0.3965718952857915
-0.833861640009908,-0.38675626948766256,0.4653011676446369,0.38675626948766256
-0.8222414088279029,-0.3771835867478076,0.4619823310889973,0.3771835867478076
-0.8107051956295505,-0.367847836869886,0.45859739077807715,0.367847836869886
-0.7992546251720424,-0.3587431621261768,0.4551481280634132,0.3587431621261768
-0.7878912789937398,-0.34986384322809827,0.45163649102374637,0.34986384322809827
-0.7766166949935257,-0.3412042989890036,0.4480645763284507,0.3412042989890036
-0.7654323674308051,-0.3327590863241811,0.44443461176541654,0.3327590863241811
-0.7543397335118172,-0.32452289743415036,0.44074892846428576,0.32452289743415036
-0.743340149520611,-0.31649056366596195,0.4370099172844615,0.31649056366596195
-0.7324349125251273,-0.30865704389633436,0.43322004537690906,0.30865704389633436
-0.7216252620031065,-0.30101741642285545,0.4293818503746237,0.30101741642285545
-0.710912379842022,-0.29356687896392314,0.4254979263060398,0.29356687896392314
-0.7002973902181927,-0.28630074853346843,0.4215709100914965,0.28630074853346843
-0.6897813458087573,-0.2792144587572542,0.41760345733403337,0.2792144587572542
-0.6793652163309918,-0.2723035639495952,0.41359821479720643,0.2723035639495952
-0.6690499085848337,-0.26556372586905486,0.40955784103519227,0.26556372586905486
-0.6588362683141388,-0.2589907094120298,0.4054850013033941,0.2589907094120298
-0.6487250802066805,-0.25258038261275,0.40138235717866866,0.25258038261275
-0.6387170676778434,-0.24632871633070932,0.39725255677393,0.24632871633070932
-0.6288128811007981,-0.2402317823005746,0.3930982154552262,0.2402317823005746
-0.6190130933324971,-0.23428575602546903,0.38892189978847425,0.23428575602546903
-0.6093182178295894,-0.22848690442849368,0.3847261489775481,0.22848690442849368
-0.59972871022731,-0.22283158338955905,0.3805134709933241,0.22283158338955905
-0.5902449683394797,-0.21731623774538494,0.3762863352316499,0.21731623774538494
-0.5808673320069359,-0.21193740087084637,0.3720471658257104,0.21193740087084637
-0.5715960740361187,-0.20669169333424578,0.36779832733172446,0.20669169333424578
-0.5624313989034884,-0.20157582479827074,0.36354211545334514,0.20157582479827074
-0.5533734589529712,-0.19658658315757946,0.3592807778768673,0.19658658315757946
-0.5444223557249959,-0.19172083292767983,0.3550165117794794,0.19172083292767983
-0.5355781399564931,-0.18697551524492964,0.35075145878331526,0.18697551524492964
-0.5268408115725752,-0.18234764745072024,0.3464877006017541,0.18234764745072024
-0.5182103132540891,-0.17783432204129923,0.34222724916465597,0.17783432204129923
-0.5096865298465977,-0.17343270818160203,0.33797204037635586,0.17343270818160203
-0.5012693028719325,-0.16914004221740297,0.33372395391218634,0.16914004221740297
-0.4929584317753344,-0.1649536263995324,0.32948481207926467,0.1649536263995324
-0.4847536739254536,-0.16087082888387655,0.3252563764194102,0.16087082888387655
-0.47665474470962,-0.15688908340578128,0.3210403449352457,0.15688908340578128
-0.4686613134203759,-0.15300588824935318,0.31683834599793714,0.15300588824935318
-0.4607730019524536,-0.1492188078993601,0.3126519326368612,0.1492188078993601
-0.4529893978253328,-0.14552546470258365,0.3084826011036086,0.14552546470258365
-0.44531005554855857,-0.14192353761700294,0.3043317910509703,0.14192353761700294
-0.4377344966217411,-0.1384107622117947,0.3002008832799003,0.1384107622117947
-0.4302622096386124,-0.13498493047741575,0.2960911979209248,0.13498493047741575
-0.4228926481202082,-0.13164388966635368,0.2920039914342152,0.13164388966635368
-0.41562522796217066,-0.12838554431936958,0.2879404502239489,0.12838554431936958
-0.4084593389091131,-0.12520784901748896,0.28390170752038335,0.12520784901748896
-0.40139434627057113,-0.12210880690553179,0.2798888449638779,0.12210880690553179
-0.3944295909210019,-0.11908646969211248,0.2759028911268851,0.11908646969211248
-0.38756438934422766,-0.11613893758901148,0.271944820236717,0.11613893758901148
-0.38079803293032893,-0.11326435806265671,0.2680155514146068,0.11326435806265671
-0.3741297844493725,-0.11046092805806876,0.2641159417511807,0.11046092805806876
-0.36755888751696125,-0.10772688810695438,0.26024680046799464,0.10772688810695438
-0.3610845689481049,-0.10506052034818605,0.2564088921934349,0.10506052034818605
-0.35470603875722057,-0.102460148527802,0.252602936000916,0.102460148527802
-0.3484224901581385,-0.09992413799899877,0.24882960451088612,0.09992413799899877
-0.34223309961704523,-0.0974508946861361,0.24508952413189528,0.0974508946861361
-0.3361370234259581,-0.09503886678350414,0.2413832691710715,0.09503886678350414
-0.3301334042314727,-0.09268654093567259,0.2377113714191061,0.09268654093567259
-0.32422137438214443,-0.0903924393903546,0.2340743256484591,0.0903924393903546
-0.3184000559284877,-0.08815511999840642,0.23047258899119372,0.08815511999840642
-0.31266856062297615,-0.08597317621382769,0.2269065803585345,0.08597317621382769
-0.3070259901034825,-0.08384523650325958,0.2233766806693639,0.08384523650325958
-0.3014714335999086,-0.08176996495521882,0.21988322944804084,0.08176996495521882
-0.2960039709471907,-0.07974605995042428,0.2164265286882494,0.07974605995042428
-0.290622676943759,-0.07777225038771363,0.21300685052662582,0.07777225038771363
-0.2853266214312783,-0.07584729559515153,0.20962443701005662,0.07584729559515153
-0.2801148692946484,-0.07396998533002977,0.2062794997220741,0.07396998533002977
-0.2749864805764069,-0.0721391395392546,0.20297221978739205,0.0721391395392546
-0.2699405094487774,-0.07035360806314032,0.19970274681451722,0.07035360806314032
-0.2649760043338823,-0.06861227124649587,0.19647119810610425,0.06861227124649587
-0.2600920125500876,-0.066914035850684,0.19327766709335914,0.066914035850684
-0.2552875807045362,-0.06525783461410088,0.19012222390851,0.06525783461410088
-0.25056175469314707,-0.06364262625217587,0.18700491514509004,0.06364262625217587
-0.245913579716362,-0.06206739542937652,0.1839257636782112,0.06206739542937652
-0.24134210014695653,-0.06053115202884262,0.18088476905204165,0.06053115202884262
-0.2368463581478851,-0.05903293254098764,0.17788190452080946,0.05903293254098764
-0.23242539741117368,-0.05757179681741953,0.1749171238420787,0.05757179681741953
-0.22807826418231109,-0.05614682686068142,0.17199036334184292,0.05614682686068142
-0.22380400726024882,-0.054757126824251566,0.169101541761081,0.054757126824251566
-0.2196016779974014,-0.0534018230125435,0.16625056011281555,0.0534018230125435
-0.21547033035088733,-0.05208006347064087,0.1634373020093894,0.05208006347064087
-0.21140901976662846,-0.05079101847420879,0.16066163193425134,0.05079101847420879
-0.20741680475952856,-0.0495338796015169,0.1579233976324098,0.0495338796015169
-0.20349274878988519,-0.04830785734380626,0.15522243426406412,0.04830785734380626
-0.199635920290117,-0.04711218105914812,0.15255856437929916,0.04711218105914812
-0.1958453926647638,-0.04594609897244398,0.1499315978267658,0.04594609897244398
-0.1921202443139501,-0.044808878076115825,0.14734133179122155,0.044808878076115825
-0.18845955820150675,-0.043699803769294616,0.14478755064266635,0.043699803769294616
-0.18486242166538414,-0.04261818064965659,0.14227002488289683,0.04261818064965659
-0.18132792847872162,-0.0415633298200814,0.13978851582655705,0.0415633298200814
-0.17785517909623139,-0.040534588434450555,0.13734277623821095,0.040534588434450555
-0.17444328065419792,-0.03953130969764728,0.13493255027407972,0.03953130969764728
-0.1710913469704784,-0.038552862865556606,0.1325575734277931,0.038552862865556606
-0.16779849847508316,-0.03759863285566831,0.130217572799319,0.03759863285566831
-0.16456386152809732,-0.03666802087249907,0.12791226574144335,0.03666802087249907
-0.16138656960607428,-0.03576044324070014,0.12564136216775257,0.03576044324070014
-0.15826576399449838,-0.03487532992952871,0.12340456667845098,0.03487532992952871
-0.15520059378928994,-0.03401212454729659,0.12120157853027658,0.03401212454729659
-0.15219021589680531,-0.033170284341370274,0.11903209160192685,0.033170284341370274
-0.14923379502950251,-0.03234928011363991,0.11689579444198295,0.03234928011363991
-0.1463305033174385,-0.031548595978846614,0.11479237009190976,0.031548595978846614
-0.1434795203836903,-0.030767729945068698,0.11272149555375116,0.030767729945068698
-0.1406800342506342,-0.030006191904753853,0.11068284467758144,0.030006191904753853
-0.13793124141464902,-0.02926350332526847,0.10867608852167435,0.02926350332526847
-0.135232346846116,-0.02853919724889758,0.10670089533048596,0.02853919724889758
-0.13258256398941895,-0.027832818292844876,0.10475693051415899,0.027832818292844876
-0.1299811146560716,-0.0271439223920386,0.10284385677958,0.0271439223920386
-0.12742722864248587,-0.026472077171175827,0.10096133335866236,0.026472077171175827
-0.12492014429872177,-0.02581686133482924,0.0991090171700499,0.02581686133482924
-0.12245910874729841,-0.025177863412635296,0.09728656427667014,0.025177863412635296
-0.12004337788302756,-0.024554681744150875,0.09549362988668893,0.024554681744150875
-0.11767221637301371,-0.02394692447885334,0.09372986834046673,0.02394692447885334
-0.11534489765040352,-0.023354209554489608,0.09199493311380673,0.023354209554489608
-0.1130607036251302,-0.022776164401649274,0.09028847681267894,0.022776164401649274
-0.11081892472964004,-0.02221242658609815,0.0886101505664607,0.02221242658609815
-0.1086188602061896,-0.021662642406253443,0.0869596057072831,0.021662642406253443
-0.10645981808704381,-0.021126466462456108,0.08533649417179995,0.021126466462456108
-0.10434111519447602,-0.020603561656970838,0.08374046849289163,0.020603561656970838
-0.10226207714076788,-0.020093599193986053,0.0821711817919425,0.020093599193986053
-0.10022203827288217,-0.019596258484493867,0.08062828781141039,0.019596258484493867
-0.09822034136517288,-0.01911122711438996,0.0791114406327476,0.01911122711438996
-0.09625633791431494,-0.01863820104242691,0.07762029476723703,0.01863820104242691
-0.09432938804340711,-0.01817688335027269,0.0761545063038319,0.01817688335027269
-0.09243886047308504,-0.017726984134136467,0.07471373298332579,0.017726984134136467
-0.09058413252152137,-0.01728822050476861,0.0732976341934431,0.01728822050476861
-0.08876459010442572,-0.016860316587460684,0.07190587096426929,0.016860316587460684
-0.08697962759679527,-0.016443003363770678,0.07053810598398123,0.016443003363770678
-0.08522864768974793,-0.016036018892442428,0.06919400323087244,0.016036018892442428
-0.08351106160114516,-0.015639108023355573,0.0678732284662717,0.015639108023355573
-0.08182628880881737,-0.015252021538064108,0.06657544982362185,0.015252021538064108
-0.0801737570430607,-0.014874516134539575,0.06530033781310929,0.014874516134539575
-0.0785529022866369,-0.014506354427171013,0.06404756531875985,0.014506354427171013
-0.07696316877477334,-0.014147304946764982,0.06281680759573595,0.014147304946764982
-0.07540400877477575,-0.013797141948208235,0.06160774223973506,0.013797141948208235
-0.07387488266696533,-0.01345564578190467,0.06042004889422675,0.01345564578190467
-0.07237525890718156,-0.013122602309838525,0.059253409794607276,0.013122602309838525
-0.07090461375255415,-0.012797802374597237,0.058107510022855816,0.012797802374597237
-0.06946243126148902,-0.012481041799351384,0.056982037505695915,0.012481041799351384
-0.06804820329366815,-0.012172121387854647,0.05587668301287825,0.012172121387854647
-0.06666142950764566,-0.011870846921829534,0.05479114015579255,0.011870846921829534
-0.0653016171004405,-0.01157702897710735,0.053725105309409014,0.01157702897710735
-0.06396828103905937,-0.011290483318358784,0.052678277447744025,0.011290483318358784
-0.06266094381812667,-0.011011030244562238,0.05165035855464918,0.011011030244562238
-0.06137913521329144,-0.01073849423857188,0.050641053726427326,0.01073849423857188
-0.06012239228122723,-0.010472703967117619,0.04965007117074218,0.010472703967117619
-0.058890259359631957,-0.01021349228080507,0.04867712220560335,0.01021349228080507
-0.05768228806360295,-0.009960696210830584,0.047721921258081584,0.009960696210830584
-0.056498037025128525,-0.009714156808490165,0.046784185763397636,0.009714156808490165
-0.05533707217604985,-0.009473719501654331,0.04586363609062768,0.009473719501654331
-0.05419896642356815,-0.009239233512826753,0.044959995799337564,0.009239233512826753
-0.053083299395786154,-0.009010551570937424,0.04407299167260919,0.009010551570937424
-0.0519896574417084,-0.00878752991134272,0.043202353716396635,0.00878752991134272
-0.0509176336312409,-0.00857002827582533,0.042347815158926314,0.00857002827582533
-0.04986682775465793,-0.008357909912171271,0.041509112450028744,0.008357909912171271
-0.04883684608711825,-0.008151041437289057,0.04068598516200732,0.008151041437289057
-0.047827301641188015,-0.007949293129037933,0.0398781759498708,0.007949293129037933
-0.04683781389418165,-0.007752538501664326,0.03908543070276059,0.007752538501664326
-0.04586800846703432,-0.0075606540006186935,0.03830749852757534,0.0075606540006186935
-0.04491751712430178,-0.0073735190025554925,0.0375441317485905,0.0073735190025554925
-0.043985977774160585,-0.0071910158153332335,0.03679508590710435,0.0071910158153332335
-0.04307303446840801,-0.007013029678014451,0.03606011976110844,0.007013029678014451
-0.04217833723961437,-0.006839448670288317,0.03533899521270642,0.006839448670288317
-0.041301542196235885,-0.006670163871306573,0.03463147724411387,0.006670163871306573
-0.040442311484040996,-0.00650506919406649,0.03393733404442863,0.00650506919406649
-0.03960031282029605,-0.006344060998681247,0.03325633693028485,0.006344060998681247
-0.038775219488883364,-0.006187038088879016,0.03258826034424732,0.006187038088879016
-0.0379667103403011,-0.00603390171200294,0.03193288185460233,0.00603390171200294
-0.03717446979166351,-0.005884555559011174,0.03128998215516331,0.005884555559011174
-0.036398187752618515,-0.005738905724232155,0.030659345031250805,0.005738905724232155
-0.03563755951496876,-0.005596860710909249,0.03004075724360101,0.005596860710909249
-0.03489228601497442,-0.005458331537256646,0.029434008684459424,0.005458331537256646
-0.03416207324556507,-0.005323231288077458,0.028838892238015796,0.005323231288077458
-0.033446632202721774,-0.005191475079324669,0.02825520376209149,0.005191475079324669
-0.03274567888547694,-0.005062980058101114,0.027682742088016084,0.005062980058101114
-0.03205893429591432,-0.004937665402659469,0.027121309020512525,0.004937665402659469
-0.031386124432416763,-0.004815452318789535,0.02657070933445076,0.004815452318789535
-0.03072698006473049,-0.00469626394898943,0.026030750640639366,0.00469626394898943
-0.030081237097793787,-0.004580025599977036,0.02550124352205571,0.004580025599977036
-0.029448636133256503,-0.004466664405201856,0.024982001432760127,0.004466664405201856
-0.028828922235418525,-0.004356109181187449,0.024472840607410347,0.004356109181187449
-0.028221844931229922,-0.0042482904275314565,0.023973580061188896,0.0042482904275314565
-0.027627158210290912,-0.0041431403269055886,0.023484041589735334,0.0041431403269055886
-0.02704462052485177,-0.004040592745055617,0.023004049769083185,0.004040592745055617
-0.02647399470901357,-0.0039405831951366535,0.022533431910466188,0.0039405831951366535
-0.025915047932115676,-0.0038430488621650563,0.02207201798919986,0.0038430488621650563
-0.025367551904534276,-0.0037479286637690963,0.021619640789679498,0.0037479286637690963
-0.024831282326363814,-0.003655162927261696,0.021176135676937234,0.003655162927261696
-0.024306018850058793,-0.0035646933701129306,0.020741340578768135,0.0035646933701129306
-0.0237915450804339,-0.003476463099950047,0.020315095985690392,0.003476463099950047
-0.02328764857466394,-0.0033904166145574525,0.01989724495090812,0.0033904166145574525
-0.022794120842283785,-0.0033064998018767083,0.01948763309027673,0.0033064998018767083
-0.022310757181355077,-0.0032246598785283277,0.019086108479915032,0.0032246598785283277
-0.02183735690137409,-0.003144845523110502,0.018692521745785923,0.003144845523110502
-0.021373723143969143,-0.003067006737034614,0.018306726023528973,0.003067006737034614
-0.02091966252787403,-0.0029910946662539974,0.017928576781677787,0.0029910946662539974
-0.020474985148698558,-0.0029170616011598735,0.017557931821511094,0.0029170616011598735
-0.020039504578928644,-0.0028448609765813738,0.01719465127703093,0.0028448609765813738
-0.019613037867926286,-0.0027744473717855305,0.016838597614942226,0.0027744473717855305
-0.01919540553577543,-0.0027057765079963685,0.016489635630960627,0.0027057765079963685
-0.018786431391074,-0.0026388051903410404,0.016147632325640322,0.0026388051903410404
-0.01838594287271972,-0.002573491462973653,0.01581245709102079,0.002573491462973653
-0.017993770659609734,-0.0025097943993927768,0.015483981529992148,0.0025097943993927768
-0.01760974846968453,-0.0024476740121214553,0.015162079345644536,0.0024476740121214553
-0.017233713059927873,-0.0023870912527072046,0.014846626341255158,0.0023870912527072046
-0.01686550422636691,-0.0023280080117220226,0.014537500420276376,0.0023280080117220226
-0.016504964804072115,-0.0022703871187623828,0.01423458158632448,0.0022703871187623828
-0.016151940655988923,-0.002214192338343949,0.013937751936106212,0.002214192338343949
-0.015806280512046317,-0.002159388324828179,0.013646895543590856,0.002159388324828179
-0.015467836305010984,-0.0021059407567794643,0.013361898661498919,0.0021059407567794643
-0.01513646276022718,-0.0020538161430615027,0.013082649504936351,0.0020538161430615027
-0.014812017243214261,-0.0020029817604678467,0.012809038161353616,0.0020029817604678467
-0.01449435975966658,-0.0019534056537218927,0.012540956590538523,0.0019534056537218927
-0.014183352955453565,-0.001905056635476889,0.012278298624609742,0.001905056635476889
-0.013878862116619695,-0.0018579042863159348,0.012020959968010643,0.0018579042863159348
-0.013580755163416405,-0.0018119189527030447,0.011768838193584439,0.0018119189527030447
-0.013288902498971774,-0.0017670717052880888,0.011521832632933502,0.0017670717052880888
-0.013003177317641225,-0.0017233344559338677,0.011279844567738454,0.0017233344559338677
-0.012723455261745948,-0.0016806798058895428,0.011042777038318078,0.0016806798058895428
-0.012449614253924551,-0.001639080982346283,0.010810534739420952,0.001639080982346283
-0.012181534497133037,-0.0015985118384372597,0.010583024020221567,0.0015985118384372597
-0.011919098474644868,-0.0015589468532376557,0.010360152884316777,0.0015589468532376557
-0.011662190950050923,-0.0015203611317646606,0.010141830989722402,0.0015203611317646606
-0.011410698967259478,-0.0014827304049774672,0.009927969648870107,0.0014827304049774672
-0.011164511729124067,-0.0014460309958311444,0.009718481741178403,0.0014460309958311444
-0.01092352080229766,-0.001410239899569425,0.009513281837611517,0.001410239899569425
-0.0106876199624411,-0.0013753347087053587,0.009312286120904506,0.0013753347087053587
-0.01045670494371662,-0.0013412935242805423,0.00911541222379506,0.0013412935242805423
-0.010230673438779899,-0.0013080949558625348,0.008922579229016025,0.0013080949558625348
-0.010009425098780122,-0.0012757181215448659,0.008733707669293484,0.0012757181215448659
-0.009792861533359945,-0.0012441426479470315,0.008548719527344888,0.0012441426479470315
-0.009580886310655484,-0.0012133486702144924,0.008367538235877343,0.0012133486702144924
-0.00937340490207163,-0.001183316816649841,0.008190088637730141,0.001183316816649841
-0.009170324696218413,-0.0011540282262083065,0.008016296982314179,0.0011540282262083065
-0.008971555123648618,-0.0011254645744348758,0.007846091024411096,0.0011254645744348758
-0.008777007306889434,-0.0010976079546073181,0.007679399793060484,0.0010976079546073181
-0.008586594041410224,-0.0010704408717538381,0.007516153578508827,0.0010704408717538381
-0.008400229795622572,-0.0010439462426530834,0.007356283932208462,0.0010439462426530834
-0.008217830710880253,-0.0010181073958341396,0.007199723666816553,0.0010181073958341396
-0.008039314601479225,-0.0009929080715765292,0.007046406856194148,0.0009929080715765292
-0.00786460094872694,-0.0009683324202583652,0.006896268831126465,0.0009683324202583652
-0.007693610793250217,-0.000944364978066195,0.006749246095920087,0.000944364978066195
-0.007526266982180882,-0.0009209907414162533,0.006605276501166674,0.0009209907414162533
-0.007362493899875439,-0.0008981950741084637,0.006464299067307838,0.0008981950741084637
-0.007202217352043197,-0.0008759636721723561,0.0063262539039166885,0.0008759636721723561
-0.007045364565746311,-0.0008542825638670722,0.006191082209697279,0.0008542825638670722
-0.006891864189399764,-0.0008331381096813631,0.006058726272484042,0.0008331381096813631
-0.006741646292771353,-0.0008125170023335871,0.00592912946924126,0.0008125170023335871
-0.006594642366981721,-0.0007924062667717146,0.005802236266062627,0.0007924062667717146
-0.0064507852861218394,-0.0007727932506284452,0.005677992189333157,0.0007727932506284452
-0.006310009303460001,-0.0007536656317147501,0.005556343814442231,0.0007536656317147501
-0.006172250186635077,-0.0007350114477452542,0.005437238871251104,0.0007350114477452542
-0.006037444925795237,-0.0007168190094372058,0.005320626039132255,0.0007168190094372058
-0.005905531712170224,-0.0006990768945790488,0.005206454931472761,0.0006990768945790488
-0.005776449938071343,-0.0006817739480304205,0.005094676095673985,0.0006817739480304205
-0.005650140196891446,-0.00066489928172215,0.004985241013151287,0.00066489928172215
-0.005526544283104957,-0.0006484422746562617,0.004878102099333784,0.0006484422746562617
-0.0054056051922678604,-0.0006323925729059738,0.004773212703664096,0.0006323925729059738
-0.0052872670584721525,-0.0006167400754683243,0.004670527061199945,0.0006167400754683243
-0.005171475247710822,-0.0006014749645875087,0.004570000355655596,0.0006014749645875087
-0.005058176346104736,-0.0005865876936863353,0.004471588719697091,0.0005865876936863353
-0.004947317951170156,-0.0005720689305386873,0.004375249083037099,0.0005720689305386873
-0.004838848669758826,-0.0005579095567437053,0.004280939170900662,0.0005579095567437053
-0.004732718118057963,-0.0005441006677257852,0.0041886175040250296,0.0005441006677257852
-0.004628876921590285,-0.0005306335727345826,0.004098243398659546,0.0005306335727345826
-0.004527276715213974,-0.000517499794845008,0.004009776966565484,0.000517499794845008
-0.004427870143122713,-0.0005046910709572308,0.00392317911501595,0.0005046910709572308
-0.004330610793089135,-0.0004921993378921644,0.0038384114949437343,0.0004921993378921644
-0.004235453316938309,-0.00048001676613668203,0.003755436587669487,0.00048001676613668203
-0.004142353370621834,-0.00046813573755725486,0.0036742176672620586,0.00046813573755725486
-0.004051267453602914,-0.00045654880449965535,0.0035947186808237813,0.00045654880449965535
-0.003962152908659328,-0.0004452486897418518,0.003516904248340457,0.0004452486897418518
-0.0038749679218834546,-0.00043422828649401085,0.0034407396626812982,0.00043422828649401085
-0.0037896715226822548,-0.0004234806583984958,0.0033661908895988475,0.0004234806583984958
-0.0037062235837772677,-0.000412999039529866,0.003293224567728902,0.000412999039529866
-0.0036245848212046296,-0.000402776834394879,0.0032218080085904674,0.000402776834394879
-0.003544716744992102,-0.00039280760787947615,0.0031519091573157434,0.00039280760787947615
-0.0034665817360722212,-0.00038308510711461093,0.003083496647697392,0.00038308510711461093
-0.0033901430455378686,-0.00037360325544365724,0.003016539807476649,0.00037360325544365724
-0.003315364626602665,-0.0003643561117932516,0.0029510085309328235,0.0003643561117932516
-0.003242211132791093,-0.0003553378702609841,0.002886873277485687,0.0003553378702609841
-0.0031706479179384743,-0.0003465428601153951,0.0028241050716954147,0.0003465428601153951
-0.003100641036190988,-0.0003379655457959781,0.0027626755032625645,0.0003379655457959781
-0.003032157242005663,-0.0003296005269131781,0.0027025567270280346,0.0003296005269131781
-0.0029651639901503712,-0.0003214425382483914,0.0026437214629730288,0.0003214425382483914
-0.0028996294145956737,-0.00031348644549984944,0.0025861429793649867,0.00031348644549984944
-0.0028355223192149713,-0.0003057272469535343,0.002529795081786792,0.0003057272469535343
-0.002772812290997653,-0.00029816009549249104,0.002474652204340584,0.00029816009549249104
-0.002711469512654853,-0.0002907802545605287,0.0024206892662897864,0.0002907802545605287
-0.0026514647446676787,-0.0002835830942109622,0.0023678816580585743,0.0002835830942109622
-0.002592769325287207,-0.0002765640911066114,0.0023162052412318453,0.0002765640911066114
-0.002535355170534496,-0.00026971882851980323,0.0022656363485552165,0.00026971882851980323
-0.0024791947742005696,-0.00026304299633236953,0.0022161517839349902,0.00026304299633236953
-0.002424261207846436,-0.0002565323910356489,0.0021677288224381556,0.0002565323910356489
-0.002370528120674869,-0.00025018291570463505,0.002120345210190008,0.00025018291570463505
-0.002317969686367708,-0.0002439905704781428,0.002073979120731265,0.0002439905704781428
-0.0022665607194464117,-0.0002379514785441863,0.0020286092453932346,0.0002379514785441863
-0.002216276601381033,-0.0002320618666937502,0.001984214738853003,0.0002320618666937502
-0.002167093186965777,-0.00022631804527733853,0.0019407751455524313,0.00022631804527733853
-0.002118986804318978,-0.00022071640820497197,0.0018982703996981265,0.00022071640820497197
-0.0020719342548831147,-0.00021525343294618977,0.0018566808252614454,0.00021525343294618977
-0.002025912813424803,-0.00020992568053004873,0.001815987135978478,0.00020992568053004873
-0.0019809002280348114,-0.00020472979554512485,0.0017761704353500545,0.00020472979554512485
-0.0019368747201280372,-0.00019966250613951103,0.0017372122166417158,0.00019966250613951103
-0.0018938149803265877,-0.00019472062324780927,0.0016990943595397952,0.00019472062324780927
-0.0018517001238857965,-0.000189901033737422,0.001661799092431137,0.000189901033737422
-0.0018105098208751232,-0.00018520072618014984,0.0016253090968123922,0.00018520072618014984
-0.0017702241716376606,-0.00018061676331936337,0.001589607410282349,0.00018061676331936337
-0.0017308236613209225,-0.0001761462729346231,0.0015546773902080928,0.0001761462729346231
-0.0016922891598768269,-0.00017178644784167742,0.0015205027137249888,0.00017178644784167742
-0.0016546019220617042,-0.0001675345458924637,0.0014870673777366838,0.0001675345458924637
-0.0016177435874363058,-0.00016338788997510904,0.0014543556989151094,0.00016338788997510904
-0.0015816961803657877,-0.0001593438680139287,0.001422352313700464,0.0001593438680139287
-0.0015464421100197182,-0.0001553999329694267,0.0013910421783012163,0.0001553999329694267
-0.0015119641681729757,-0.00015155360244375405,0.001360410566889541,0.00015155360244375405
-0.001478245486709591,-0.00014780245218107892,0.0013304430356047882,0.00014780245218107892
-0.001445269653797934,-0.0001441441382518946,0.0013011255165443594,0.0001441441382518946
-0.0014130206163427133,-0.000140576376221414,0.0012724442410473095,0.000140576376221414
-0.0013814826314886358,-0.00013709693187857782,0.0012443857004689962,0.00013709693187857782
-0.0013506402666204169,-0.0001337036212360557,0.001216936646181086,0.0001337036212360557
-0.0013204783993627752,-0.00013039431053024574,0.001190084089571547,0.00013039431053024574
-0.0012909822175804417,-0.00012716691622127534,0.0011638153020446565,0.00012716691622127534
-0.0012621372193781467,-0.00012401940499299992,0.0011381178150209866,0.00012401940499299992
-0.0012339292131006265,-0.00012094979375300359,0.0011129794199374085,0.00012094979375300359
-0.0012063443173326287,-0.00011795614963259972,0.001088388168247096,0.00011795614963259972
-0.0011793689353288635,-0.0001150365859059212,0.0010643323499303847,0.0001150365859059212
-0.0011529897957752518,-0.00011218927086806521,0.0010408005253778742,0.00011218927086806521
-0.0011271939744055598,-0.00010941242959398144,0.0010177815452481734,0.00010941242959398144
-0.0011019687965190255,-0.00010670432590589964,0.0009952644710180976,0.00010670432590589964
-0.0010773018352647828,-0.00010406326207229444,0.0009732385735681276,0.00010406326207229444
-0.001053180911641865,-0.00010148757880788594,0.0009516933331824106,0.00010148757880788594
-0.0010295940944991956,-9.897565527363857e-05,0.0009306184395487515,9.897565527363857e-05
-0.0010065297005355943,-9.652590907676181e-05,0.0009100037917586178,9.652590907676181e-05
-0.000983976294299775,-9.413679627070991e-05,0.0008898394983071369,9.413679627070991e-05
-0.0009619226881903507,-9.180681135518251e-05,0.0008701158770930991,9.180681135518251e-05
-0.0009403579421180617,-8.953448722087358e-05,0.0008508234551364369,8.953448722087358e-05
-0.0009192713294052836,-8.731839019576928e-05,0.0008319529394314341,8.731839019576928e-05
-0.000898652421281825,-8.515713504503231e-05,0.0008134952864426384,8.515713504503231e-05
-0.0008784910365421469,-8.304937460368764e-05,0.0007954416621293953,8.304937460368764e-05
-0.0008587771900112583,-8.099379085030963e-05,0.0007777833993380549,8.099379085030963e-05
-0.0008395010925447197,-7.898909490702234e-05,0.0007605119978019757,7.898909490702234e-05
-0.0008206531510286351,-7.70340270394988e-05,0.0007436191241415158,7.70340270394988e-05
-0.0008022239683796559,-7.512735665696126e-05,0.0007270966118640372,7.512735665696126e-05
-0.0007842043435449853,-7.326788231218177e-05,0.0007109364613639086,7.326788231218177e-05
-0.0007665852715023698,-7.14544317014813e-05,0.0006951308399224976,7.14544317014813e-05
-0.0007493579432601039,-6.968586166473008e-05,0.0006796720817081748,6.968586166473008e-05
-0.0007325137458570332,-6.796105818534812e-05,0.0006645526877763158,6.796105818534812e-05
-0.0007160442367040554,-6.627893275644412e-05,0.0006497653040446635,6.627893275644412e-05
-0.0006999411990813425,-6.46384322239771e-05,0.0006353027669473879,6.46384322239771e-05
-0.0006841966310098035,-6.303853544201489e-05,0.0006211580956512906,6.303853544201489e-05
-0.0006688026839277917,-6.147824312766726e-05,0.0006073244408775783,6.147824312766726e-05
-0.0006537516626159047,-5.995657784928361e-05,0.0005937950848384649,5.995657784928361e-05
-0.0006390360251969835,-5.8472584026452727e-05,0.0005805634412371709,5.8472584026452727e-05
-0.0006246483831361158,-5.702532793000325e-05,0.0005676230552679259,5.702532793000325e-05
-0.0006105815012406301,-5.5613897682002995e-05,0.0005549676036159633,5.5613897682002995e-05
-0.0005968282976600988,-5.423740325575928e-05,0.0005425908944575228,5.423740325575928e-05
-0.0005833818438863412,-5.289497647581924e-05,0.0005304868674598532,5.289497647581924e-05
-0.0005702353647534175,-5.1585771017969225e-05,0.0005186495937812064,5.1585771017969225e-05
-0.0005573822339099861,-5.030896175787789e-05,0.0005070732721945521,5.030896175787789e-05
-0.0005448159567039722,-4.906374306373637e-05,0.0004957522136796054,4.906374306373637e-05
-0.0005325302450354926,-4.78493399569899e-05,0.0004846809051150206,4.78493399569899e-05
-0.0005205189456394853,-4.666499616340977e-05,0.00047385394950994847,4.666499616340977e-05
-0.0005087760237463533,-4.550997159315483e-05,0.0004632660521846179,4.550997159315483e-05
-0.0004972955630819588,-4.438354234077105e-05,0.00045291202077033145,4.438354234077105e-05
-0.0004860717658676276,-4.328500068519182e-05,0.00044278676520946857,4.328500068519182e-05
-0.00047509895282014713,-4.22136550897378e-05,0.00043288529775548415,4.22136550897378e-05
-0.00046437156315176924,-4.116883020211721e-05,0.0004232027329729107,4.116883020211721e-05
-0.0004538841545702059,-4.014986685442542e-05,0.0004137342877373545,4.014986685442542e-05
-0.00044363140327863157,-3.915612206314511e-05,0.00040447528123549784,3.915612206314511e-05
-0.0004336081039756851,-3.818696902914653e-05,0.00039542113496510053,3.818696902914653e-05
-0.0004238091718127059,-3.724179752726037e-05,0.00038656737430266307,3.724179752726037e-05
-0.0004142296642162814,-3.6320018508766715e-05,0.0003779096457234851,3.6320018508766715e-05
-1.0,0.7,1.6043677771171634,-0.7
-0.9604281747461132,0.6826741619540028,1.5536833059563722,-0.6826741619540028
-0.922110199204094,0.6657771553941044,1.5043054387887023,-0.6657771553941044
-0.885013641060224,0.649298373928811,1.456211087620594,-0.649298373928811
-0.8491066322425628,0.6332274662031606,1.4093772059613563,-0.6332274662031606
-0.8143578594513701,0.617554332431125,1.3637807777558222,-0.617554332431125
-0.7807365672909313,0.6022691234045743,1.3193988240014847,-0.6022691234045743
-0.7482126083208215,0.5873622386327765,1.2762084588369071,-0.5873622386327765
-0.7167564309676586,0.5728243208336401,1.234186883608671,-0.5728243208336401
-0.6863390347539108,0.5586462370109792,1.193311340523305,-0.5586462370109792
-0.656931968962364,0.5448190769385874,1.1535591239603467,-0.5448190769385874
-0.628507338405105,0.5313341518130559,1.114907600997806,-0.5313341518130559
-0.6010378504372039,0.5181829934591199,1.0773342753077577,-0.5181829934591199
-0.5744967843182974,0.5053573454609684,1.0408167685341967,-0.5053573454609684
-0.5488579597197475,0.4928491495425877,1.005332797804262,-0.4928491495425877
-0.5240957364139891,0.48065054510303834,0.9708601952571567,-0.48065054510303834
-0.5001850251754236,0.46875386726118357,0.9373769384078008,-0.46875386726118357
-0.47710132263260097,0.45715164697300587,0.904861206696598,-0.45715164697300587
-0.4548206651611836,0.4458365984218216,0.8732913470343527,-0.4458365984218216
-0.4333196123884434,0.43480161158633573,0.8426458729625184,-0.43480161158633573
-0.4125752473412414,0.42403975201359345,0.8129034863401372,-0.42403975201359345
-0.3925651954737617,0.413544258936672,0.7840431165407475,-0.413544258936672
-0.3732676317622217,0.40330854371533026,0.7560439478256622,-0.40330854371533026
-0.3546612357441592,0.39332617665631087,0.7288853844090888,-0.39332617665631087
-0.33672518646355803,0.3835908847325208,0.7025470640827591,-0.3835908847325208
-0.3194391645214757,0.3740965507022151,0.6770088797516427,-0.3740965507022151
-0.30278337409968586,0.3648372123968103,0.6522510206568906,-0.3648372123968103
-0.28673851601193623,0.35580705583809896,0.6282539586851653,-0.35580705583809896
-0.27128576194256393,0.3470004071914137,0.6049984340936245,-0.3470004071914137
-0.2564067539636203,0.3384117324410346,0.5824654726286528,-0.3384117324410346
-0.2420836128507704,0.3300356359654059,0.5606364098913146,-0.3300356359654059
-0.22829894185910826,0.32186685918142055,0.5394929106015303,-0.32186685918142055
-0.2150357881491977,0.3139002706911974,0.5190169371611698,-0.3139002706911974
-0.20227763703825083,0.30613086437850984,0.49919075742440966,-0.30613086437850984
-0.1900084130554212,0.2985537585676196,0.4799969595996116,-0.2985537585676196
-0.1782124907460494,0.29116419540917676,0.46141847648764295,-0.29116419540917676
-0.1668746657820591,0.2839575341366965,0.44343856374938195,-0.2839575341366965
-0.15598013829778265,0.2769292464508975,0.42604079162737374,-0.2769292464508975
-0.14551451257642226,0.270074916136001,0.40920905628211957,-0.270074916136001
-0.13546380371276598,0.2633902382515936,0.39292759713810366,-0.2633902382515936
-0.12581442259694986,0.2568710152944993,0.37718098914363196,-0.2568710152944993
-0.11655315186411641,0.25051315126144885,0.3619541234141685,-0.25051315126144885
-0.1076671445538352,0.24431265116777473,0.3472322151062782,-0.24431265116777473
-0.09914392710204958,0.23826562022202782,0.33300081479458676,-0.23826562022202782
-0.09097139152512415,0.2323682614270519,0.31924580705465105,-0.2323682614270519
-0.0831377703166229,0.2266168697168265,0.30595338796523724,-0.2266168697168265
-0.07563163391374156,0.22100783123332512,0.2931100695484494,-0.22100783123332512
-0.06844189196925478,0.21553762259304352,0.28070268757504757,-0.21553762259304352
-0.06155778689130441,0.21020280887808102,0.26871840000327113,-0.21020280887808102
-0.05496887122335284,0.2050000384829011,0.25714466583000317,-0.2050000384829011
-0.048665004851846695,0.19992604235714148,0.24596924756562655,-0.19992604235714148
-0.042636355685102885,0.19497763336992466,0.2351802169425333,-0.19497763336992466
-0.03687339088122751,0.19015170401533243,0.2247659492354406,-0.19015170401533243
-0.0313668586143423,0.18544522229050453,0.21471510601623622,-0.18544522229050453
-0.026107786163881118,0.1808552311286909,0.2050166373359993,-0.1808552311286909
-0.02108747985989528,0.17637884773907136,0.195659785388923,-0.17637884773907136
-0.016297512012898342,0.1720132606056542,0.1866340726175015,-0.1720132606056542
-0.011729709365971609,0.16775572685649145,0.17792929142427028,-0.16775572685649145
-0.007376152171013132,0.16360357181223556,0.16953550637371803,-0.16360357181223556
-0.0032291708285013387,0.159554187850596,0.1614430530667816,-0.159554187850596
0.000718669073103681,0.1556050310843114,0.1536425230637179,-0.1556050310843114
0.004474570565570371,0.1517536204183659,0.1461247620651503,-0.1517536204183659
0.008045506964270623,0.14799753684748018,0.13888087028354146,-0.14799753684748018
0.011438232840994112,0.14433442095682336,0.1319021915683341,-0.14433442095682336
0.014659290726128486,0.1407619713743059,0.1251803075572136,-0.1407619713743059
0.01771501247289196,0.1372779442389473,0.11870703800195066,-0.1372779442389473
0.020611528325053634,0.13388015108980433,0.11247443169423596,-0.13388015108980433
0.023354774275135236,0.13056645719643553,0.10647475939050524,-0.13056645719643553
0.025950493114729484,0.12733478114583857,0.10070051414801152,-0.12733478114583857
0.028404241325197633,0.12418309319842338,0.09514440448982193,-0.12418309319842338
0.030721398300280485,0.12110941321725095,0.08979934470049453,-0.12110941321725095
0.03290716796848846,0.11811181020087289,0.08465845419241579,-0.11811181020087289
0.034966580641256254,0.1151884017094191,0.07971505644399683,-0.1151884017094191
0.036904504779834466,0.11233735122011917,0.07496266588300696,-0.11233735122011917
0.038725650199274514,0.1095568673843539,0.07039498511841387,-0.1095568673843539
0.040434568827004025,0.10684520369951757,0.06600590494773137,-0.10684520369951757
0.042035659860711644,0.10420065728306359,0.0617894990033869,-0.10420065728306359
0.04353317976409247,0.10162156660887003,0.05774001246243076,-0.10162156660887003
0.044931243577439245,0.09910631118056208,0.053851861289411856,-0.09910631118056208
0.04623382538157989,0.09665331126923371,0.05011963233021698,-0.09665331126923371
0.047444764840040156,0.09426102640915725,0.046538076041086555,-0.09426102640915725
0.04856777546188858,0.09192795350035111,0.04310209705187407,-0.09192795350035111
0.049606445452491106,0.08965262658854085,0.03980675375304386,-0.08965262658854085
0.05056423809096268,0.0874336166379274,0.03664725830418264,-0.0874336166379274
0.051444497385822394,0.08526953022431448,0.033618970250655286,-0.08526953022431448
0.05225045624752158,0.08315900763462455,0.030717386992442038,-0.08315900763462455
0.05298523714359412,0.0811007227016865,0.027938143454564905,-0.0811007227016865
0.05365185277574411,0.0790933825284901,0.025277011592276327,-0.0790933825284901
0.054253208969982356,0.07713572679534537,0.022729897237066393,-0.07713572679534537
0.054792113878198795,0.07522652559777948,0.02029282914008043,-0.07522652559777948
0.055271278865527844,0.07336457923103865,0.017961958235370355,-0.07336457923103865
0.05569331966643692,0.07154871784036183,0.015733556475728723,-0.07154871784036183
0.05606075616142316,0.06977780141515647,0.013604017366436648,-0.06977780141515647
0.05637602146560231,0.06805071763688024,0.011569845029086721,-0.06805071763688024
0.05664146461602194,0.06636638122282291,0.00962765113286198,-0.06636638122282291
0.05685935109927103,0.06472373377842369,0.007774154472508059,-0.06472373377842369
0.057031862930575564,0.06312174367723794,0.006006181004897443,-0.06312174367723794
0.05716110257739622,0.06155940513079333,0.004320659217758961,-0.06155940513079333
0.057249099693974174,0.0600357365323618,0.00271461194787527,-0.0600357365323618
0.057297811397223626,0.05854978038672948,0.0011851562227906051,-0.05854978038672948
0.05730912329205137,0.05710060299980201,-0.0002704978992138507,-0.05710060299980201
0.05728484870951281,0.055687294617548344,-0.0016550462663400337,-0.055687294617548344
0.05722673581319841,0.05430896768007201,-0.002971099329115587,-0.05430896768007201
0.057136470578678114,0.052964756061914496,-0.004221185737806658,-0.052964756061914496
0.05701567692406586,0.05165381503542926,-0.005407752380035165,-0.05165381503542926
0.056865917484082026,0.05037532099845799,-0.006533165305927062,-0.05037532099845799
0.05668869361105961,0.049128471471749466,-0.007599709619634125,-0.049128471471749466
0.0564854524600439,0.04791248329246923,-0.008609598262476259,-0.04791248329246923
0.05625758822139668,0.04672659228923426,-0.009564973473747261,-0.04672659228923426
0.05600644234495024,0.045570053216545815,-0.010467906991032741,-0.045570053216545815
0.055733303984349475,0.04444213956218488,-0.011320400603700112,-0.04444213956218488
0.05543941062255504,0.04334214340151715,-0.012124386846588502,-0.04334214340151715
0.05512595425251627,0.042269373768581836,-0.012881736734875152,-0.042269373768581836
0.05479408206492331,0.04122315646858915,-0.013594260572904193,-0.04122315646858915
0.054444896651953845,0.04020283401637646,-0.014263708157906937,-0.04020283401637646
0.05407945639921664,0.03920776545873305,-0.014891769292149755,-0.03920776545873305
0.05369877585443947,0.038237326296774884,-0.015480074175968098,-0.038237326296774884
0.0533038312985103,0.03729090697251042,-0.01603020044069528,-0.03729090697251042
0.052895561381519345,0.03636791268980627,-0.01654367391801711,-0.03636791268980627
0.05247486722116503,0.03546776338400016,-0.01702196872644035,-0.03546776338400016
0.05204261297998254,0.03458989349722617,-0.017466508033576342,-0.03458989349722617
0.05159962537319318,0.03373375212680342,-0.01787866337921691,-0.03373375212680342
0.05114669878428417,0.03289880159866833,-0.01825976118188557,-0.03289880159866833
0.05068459622050672,0.03208451719024287,-0.01861108393988467,-0.03208451719024287
0.050214049315261536,0.03129038712968626,-0.01893387020536518,-0.03129038712968626
0.049735758989283944,0.030515912361225868,-0.019229315452911386,-0.030515912361225868
0.04925039446413518,0.029760606808560332,-0.019498570804743525,-0.029760606808560332
0.04875859711439503,0.029023996286134033,-0.019742747947290418,-0.029023996286134033
0.04826098235455602,0.028305617935471115,-0.019962921559732418,-0.028305617935471115
0.04775813963902344,0.02760502022517552,-0.020160129294042414,-0.02760502022517552
0.04725063275609946,0.026921762847981447,-0.020335372153267153,-0.026921762847981447
0.04673899962607213,0.026255416721928673,-0.020489614271172435,-0.026255416721928673
0.04622375337989827,0.0256055637087195,-0.020623784256316863,-0.0256055637087195
0.04570538569766922,0.02497179559251333,-0.02073877953618601,-0.02497179559251333
0.045184366956800864,0.024353714032686328,-0.020835466538890384,-0.024353714032686328
0.04466114625014542,0.023750930557566406,-0.020914680704789253,-0.023750930557566406
0.04413615189914415,0.02316306635544865,-0.020977227196651935,-0.02316306635544865
0.043609790545291856,0.02258975255766993,-0.021023879697181367,-0.02258975255766993
0.04308245039119764,0.02203062924070187,-0.021055384637218733,-0.02203062924070187
0.04255450231398937,0.021485345063389612,-0.021072462662302033,-0.021485345063389612
0.042026299865313636,0.02095355726695183,-0.02107580862392242,-0.02095355726695183
0.04149817942169233,0.02043493161787373,-0.02106609177882614,-0.02043493161787373
0.04097046022619595,0.019929142336054907,-0.021043955894945208,-0.019929142336054907
0.04044344444262533,0.019435872115079595,-0.021010019278284452,-0.019435872115079595
0.039917420021247,0.018954811174176564,-0.020964878579813766,-0.018954811174176564
0.03939266095945316,0.018485657167776046,-0.020909109140539176,-0.018485657167776046
0.03886942730176166,0.01802811518550974,-0.020843264985925012,-0.01802811518550974
0.03834796538092394,0.01758189765147484,-0.020767879162515736,-0.01758189765147484
0.03782850746891783,0.01714672439665574,-0.020683463311706406,-0.01714672439665574
0.03731127266434411,0.016722322400244433,-0.02059050881125552,-0.016722322400244433
0.03679646889982393,0.016308425081701217,-0.02048948948627471,-0.016308425081701217
0.036284292994643655,0.01590477228122156,-0.020380861677579753,-0.01590477228122156
0.03577493065475479,0.015511110259736026,-0.020265064238134466,-0.015511110259736026
0.035268556726838596,0.015127191583137814,-0.020142518899552007,-0.015127191583137814
0.03476533471689473,0.014752775260057407,-0.020013629649866617,-0.014752775260057407
0.034265417901734034,0.014387626383869066,-0.019878784200080518,-0.014387626383869066
0.03376895080389714,0.014031515580049995,-0.019738356008968318,-0.014031515580049995
0.03327606920566587,0.013684219000625313,-0.019592704300207636,-0.013684219000625313
0.032786900149063186,0.013345518324168075,-0.019442174060113053,-0.013345518324168075
0.032301562143596044,0.013015200654300818,-0.019287096344751658,-0.013015200654300818
0.03182016475394693,0.01269305864020622,-0.019127787745185885,-0.01269305864020622
0.03134280944511848,0.012378890198896389,-0.018964551508480667,-0.012378890198896389
0.030869590893245435,0.012072497995177149,-0.01879767936678814,-0.012072497995177149
0.030400597002032625,0.011773689434718902,-0.018627451559163188,-0.011773689434718902
0.02993590890275511,0.01148227666405671,-0.018454136830120385,-0.01148227666405671
0.02947560108191835,0.01119807650520238,-0.018277992621331028,-0.01119807650520238
0.029019741181230848,0.010920910489400783,-0.018099264836596178,-0.010920910489400783
0.02856839026787067,0.010650604795063147,-0.017918188173011614,-0.010650604795063147
0.02812160419656457,0.010386989679169375,-0.0177349880505051,-0.010386989679169375
0.027679433667813225,0.010129899451336851,-0.017549880695002622,-0.010129899451336851
0.027241924227891158,0.009879172473820422,-0.01736307313750981,-0.009879172473820422
0.026809116309206415,0.009634651140269734,-0.01717476327485752,-0.009634651140269734
0.026381045303991626,0.009396181792438991,-0.016985140025880988,-0.009396181792438991
0.025957741216238686,0.009163614903504038,-0.016794382799315288,-0.009163614903504038
0.025539229999081387,0.00893680449915048,-0.01660266340935386,-0.00893680449915048
0.02512553377002988,0.008715608056656513,-0.01641014639116263,-0.008715608056656513
0.024716670810970554,0.008499886504892858,-0.016216989000295612,-0.008499886504892858
0.024312655568166152,0.008289504224322822,-0.01602334121215118,-0.008289504224322822
0.023913498790373945,0.008084328955084008,-0.01582934595149648,-0.008084328955084008
0.023519207153131716,0.00788423194857195,-0.015635138564710032,-0.00788423194857195
0.023129783893428534,0.0076890877138248125,-0.01544084770761395,-0.0076890877138248125
0.02274522947428554,0.007498773689165171,-0.015246596337990258,-0.007498773689165171
0.022365541586679038,0.007313170241166842,-0.015052501718165606,-0.007313170241166842
0.021990715149540447,0.007132160664654847,-0.01485867541466548,-0.007132160664654847
0.02162074233051201,0.006955631169531893,-0.014665223331821027,-0.006955631169531893
0.021255612606339958,0.0067834708001998315,-0.014472245852437851,-0.0067834708001998315
0.020895312434862277,0.006615571630927304,-0.014279837314147278,-0.006615571630927304
0.020539826167870673,0.0064518283107585705,-0.014088087377080418,-0.0064518283107585705
0.02018913623306183,0.0062921379626687335,-0.013897081306423094,-0.0062921379626687335
0.019843223134037382,0.006136400183563716,-0.01370689997219613,-0.006136400183563716
0.01950206545030387,0.005984517044280246,-0.013517619849050835,-0.005984517044280246
0.019165639878547868,0.005836393058182749,-0.0133293130887559,-0.005836393058182749
0.01883392116352625,0.005691935168076486,-0.013142047463997351,-0.005691935168076486
0.018506882019487088,0.005551052838692213,-0.012955886197153326,-0.005551052838692213
0.018184493844555585,0.0054136576524768994,-0.012770889078723957,-0.0054136576524768994
0.017866726779634,0.005279663272606831,-0.012587112563077374,-0.005279663272606831
0.017553549708401714,0.005148985442987644,-0.0124046097683199,-0.005148985442987644
0.017244930257315157,0.0050215419882542875,-0.012223430476175145,-0.0050215419882542875
0.0169408348318689,0.004897252781163921,-0.012043621200738985,-0.004897252781163921
0.016641228528788986,0.004776039745089753,-0.011865225098074684,-0.004776039745089753
0.01634607510395195,0.0046578269273219374,-0.011688281860735455,-0.0046578269273219374
0.01605533753379192,0.0045425401438010556,-0.011512828634340038,-0.0045425401438010556
0.015768978053409394,0.004430106951964562,-0.011338900082751957,-0.004430106951964562
0.015486958156571204,0.004320456650746769,-0.011166528388002818,-0.004320456650746769
0.015209238595710583,0.004213520280578875,-0.010995743250220957,-0.004213520280578875
0.014935779398786639,0.004109230606236484,-0.01082657192157669,-0.004109230606236484
0.014666539843544105,0.00400752207847974,-0.010659039218839601,-0.00400752207847974
0.014401478317340557,0.0039083309777833706,-0.010493167239420644,-0.0039083309777833706
0.01414055279470962,0.0038115950845825797,-0.010328976168630875,-0.0038115950845825797
0.013883720899806164,0.0037172536291105646,-0.010166484392239638,-0.0037172536291105646
0.013630939906406276,0.0036252472913985085,-0.010005708496429273,-0.0036252472913985085
0.013382166737907234,0.003535518201275567,-0.00984666326775298,-0.003535518201275567
0.013137357967574882,0.003448009938097197,-0.009689361693614654,-0.003448009938097197
0.012896469852283357,0.0033626674607082382,-0.009533815066008271,-0.0033626674607082382
0.012659458132208498,0.003279437264774048,-0.009380032623848115,-0.003279437264774048
0.012426278323304223,0.0031982671922369493,-0.009228022035954977,-0.0031982671922369493
0.012196885879582741,0.0031191062849067783,-0.009077789709715312,-0.0031191062849067783
0.011971236193114597,0.0030419047844609014,-0.00892934079105459,-0.0030419047844609014
0.01174928459402865,0.002966614132444205,-0.008782679164412444,-0.002966614132444205
0.011530986350512045,0.00289318697026909,-0.008637807452719519,-0.00289318697026909
0.011316296677423118,0.002821577124270921,-0.00849472704093329,-0.002821577124270921
0.0111051706968199,0.0027517395766717243,-0.008353438065582678,-0.0027517395766717243
0.010897563359774057,0.002683630598227777,-0.008213939203916805,-0.002683630598227777
0.010693429726911606,0.0026172074857920705,-0.008076228216863986,-0.0026172074857920705
0.010492725002026616,0.0025524285227806255,-0.00794030202216306,-0.0025524285227806255
0.010295404532081248,0.002489252979172511,-0.00780615669434878,-0.002489252979172511
0.010101423807205741,0.0024276411115098347,-0.007673787464738181,-0.0024276411115098347
0.00991073846069839,0.0023675541628977396,-0.007543188721417882,-0.0023675541628977396
0.009723304275572147,0.002308954342077454,-0.007414354036705734,-0.002308954342077454
0.00953907712196517,0.002251804822349411,-0.007287276105627284,-0.002251804822349411
0.009358012947275143,0.0021960698346073435,-0.0071619466430062825,-0.0021960698346073435
0.0091800679670929,0.002141714436236293,-0.007038356805489657,-0.002141714436236293
0.00900519867831083,0.0020887044899373843,-0.006916497225822401,-0.0020887044899373843
0.008833361859122903,0.0020370066637278392,-0.0067963580128395885,-0.0020370066637278392
0.00866451456902467,0.0019865884309409683,-0.006677928751458902,-0.0019865884309409683
0.008498614148813224,0.0019374180702261675,-0.0065611985026736595,-0.0019374180702261675
0.008335618222139301,0.0018894646558969023,-0.006446155814750427,-0.0018894646558969023
0.008175484655649838,0.0018426980250492932,-0.00633278871624688,-0.0018426980250492932
0.008018171522796201,0.0017970889121256119,-0.006221084545251412,-0.0017970889121256119
0.007863637245763035,0.0017526087440342523,-0.006111030296186105,-0.0017526087440342523
0.00771184061306857,0.001709229599767928,-0.006002612677783984,-0.001709229599767928
0.007562740779564673,0.001666924210403684,-0.005895818113084659,-0.001666924210403684
0.007416297266436821,0.001625665959102891,-0.005790632739430227,-0.001625665959102891
0.007272469961204089,0.0015854288811112415,-0.005687042408461457,-0.0015854288811112415
0.007131219117719183,0.001546187663758761,-0.005585032686114282,-0.001546187663758761
0.006992505344474372,0.0015079176092024902,-0.005484588878179661,-0.0015079176092024902
0.0068562895430273555,0.0014705947097204128,-0.005385695893432654,-0.0014705947097204128
0.006722532983098307,0.0014341956223147456,-0.005288338344123244,-0.0014341956223147456
0.006591197344293187,0.001398697528514622,-0.005192500727894048,-0.001398697528514622
0.006462244716218373,0.0013640781331547356,-0.005098167429113897,-0.0013640781331547356
0.006335637598480642,0.0013303156643753357,-0.005005322718875595,-0.0013303156643753357
0.006211338900687163,0.0012973888736222232,-0.004913950754993837,-0.0012973888736222232
0.0060893119424455175,0.0012652770356467585,-0.004824035582003285,-0.0012652770356467585
0.00596952045336329,0.001233959948503763,-0.004735561131158461,-0.001233959948503763
0.005851928545427998,0.0012034178914930634,-0.004648511234870393,-0.0012034178914930634
0.005736500685734606,0.0011736317279737452,-0.004562869496618483,-0.0011736317279737452
0.005623201760287945,0.001144582834251659,-0.00447861942586385,-0.001144582834251659
0.005511997077305272,0.0011162530024858616,-0.004395744538443986,-0.0011162530024858616
0.005402852367216247,0.0010886244406886133,-0.004314228356571522,-0.0010886244406886133
0.005295733782662927,0.0010616797727253744,-0.004234054408833092,-0.0010616797727253744
0.005190607898499792,0.0010354020383148122,-0.004155206230188287,-0.0010354020383148122
0.005087441711793716,0.0010097746930287938,-0.004077667361968664,-0.0010097746930287938
0.004986202641823988,0.0009847816082923918,-0.004001421351876839,-0.0009847816082923918
0.004886858512089824,0.0009604070482837352,-0.003926451759093274,-0.0009604070482837352
0.004789377512773678,0.0009366357057240432,-0.003852742080948808,-0.0009366357057240432
0.0046937282657772495,0.0009134527350241631,-0.003780275784813407,-0.0009134527350241631
0.004599879805993056,0.0008908436219902342,-0.00370903641966128,-0.0008908436219902342
0.004507801579655962,0.0008687941794177482,-0.0036390076188277266,-0.0008687941794177482
0.004417463444343199,0.0008472905470915538,-0.003570173100008574,-0.0008472905470915538
0.0043288356689743564,0.0008263191917858543,-0.003502516665259637,-0.0008263191917858543
0.004241888933811369,0.0008058669072642051,-0.003436022200996209,-0.0008058669072642051
0.004156594330458542,0.0007859208142795197,-0.003370673677992619,-0.0007859208142795197
0.004072923361764818,0.0007664683604447422,-0.003306455151413387,-0.0007664683604447422
0.003990847896468413,0.0007474972856630754,-0.003243350750027222,-0.0007474972856630754
0.003910340198825188,0.0007289957150028053,-0.003181344612960241,-0.0007289957150028053
0.003831372950773959,0.0007109520953579184,-0.0031204209752002782,-0.0007109520953579184
0.003753919218732152,0.0006933551279286667,-0.0030605642019116202,-0.0006933551279286667
0.00367795245359578,0.0006761937682215621,-0.003001758788434697,-0.0006761937682215621
0.0036034464907394627,0.0006594572260493813,-0.002943989360285827,-0.0006594572260493813
0.0035303755500164175,0.0006431349655311636,-0.0028872406731569548,-0.0006431349655311636
0.003458714235758451,0.000627216705092209,-0.0028314976129154125,-0.000627216705092209
0.0033884375367759763,0.0006116924174640823,-0.0027767451956037135,-0.0006116924174640823
0.003319520826358005,0.0005965523296846109,-0.002722968567439341,-0.0005965523296846109
0.00325193982373974,0.0005817868984778458,-0.0026701529909021852,-0.0005817868984778458
0.003185670612577774,0.0005673868701578293,-0.002618283803305817,-0.0005673868701578293
0.0031206896814886115,0.0005533432631900833,-0.0025673464747743516,-0.0005533432631900833
0.003056973866966119,0.0005396472919468828,-0.0025173266274044473,-0.0005396472919468828
0.0029945003531155834,0.0005262903664458116,-0.0024682100352606735,-0.0005262903664458116
0.002933246671653695,0.0005132640923497586,-0.002419982624375367,-0.0005132640923497586
0.002873190701908562,0.0005005602709669208,-0.0023726304727485284,-0.0005005602709669208
0.0028143106708197045,0.0004881708992508023,-0.0023261398103477018,-0.0004881708992508023
0.0027565851529380483,0.00047608816980021284,-0.002280497019107872,-0.00047608816980021284
0.002699993070425938,0.00046430447085927065,-0.0022356886329313735,-0.00046430447085927065
0.0026445136863728347,0.00045281238204391785,-0.0021917013352769884,-0.00045281238204391785
0.0025901265524508844,0.00044160466069981117,-0.0021485219204575344,-0.00044160466069981117
0.002536811610759337,0.0004306743171310674,-0.002106137320255478,-0.0004306743171310674
0.0024845491307244555,0.0004200145292826805,-0.0020645346261403364,-0.0004200145292826805
0.0024333196874746395,0.00040961862409923865,-0.002023701086285016,-0.00040961862409923865
0.0023831041618404196,0.0003994800775249238,-0.0019836241055657482,-0.0003994800775249238
0.0023338837403544537,0.0003895925145035098,-0.001944291245562029,-0.0003895925145035098
0.002285639915251536,0.00037994970897836503,-0.0019056902245565754,-0.00037994970897836503
0.002238354484468592,0.0003705455838924512,-0.001867808917535274,-0.0003705455838924512
0.0021920095516446744,0.00036137421118832244,-0.0018306353561871296,-0.00036137421118832244
0.0021465875261209733,0.00035242981180812736,-0.001794157728904235,-0.00035242981180812736
0.0021020711142645896,0.00034370675129154145,-0.0017583643765075698,-0.00034370675129154145
0.002058443275320092,0.0003351995330262146,-0.0017232437548480744,-0.0003351995330262146
0.0020156873260663496,0.0003269028564921896,-0.0016887844812190362,-0.0003269028564921896
0.001973786864463215,0.0003188115459688782,-0.0016549753292957568,-0.0003188115459688782
0.0019327257511026355,0.0003109205381813204,-0.0016218052229403747,-0.0003109205381813204
0.001892488109208646,0.00030322488230018256,-0.0015892632362018335,-0.00030322488230018256
0.0018530583246373741,0.0002957197399417592,-0.0015573385933158614,-0.0002957197399417592
0.0018144210458770397,0.0002884003851679719,-0.0015260206687049472,-0.0002884003851679719
0.0017765611840479482,0.00028126220448636914,-0.0014952989869783156,-0.00028126220448636914
0.0017394639129025005,0.0002743006968501272,-0.0014651632229319143,-0.0002743006968501272
0.001703114668825188,0.00026751147365804964,-0.0014356032015483916,-0.00026751147365804964
0.0016674991500533962,0.0002608902583924448,-0.0014066088975800057,-0.0002608902583924448
0.0016326032690309768,0.00025443287168234747,-0.0013781704028389585,-0.00025443287168234747
0.0015984132357481768,0.00024813528190710077,-0.0013502779589337315,-0.00024813528190710077
0.0015649155257350048,0.0002419935671143319,-0.0013229219633444588,-0.0002419935671143319
0.001532096835667841,0.00023600388950718965,-0.0012960929505422866,-0.00023600388950718965
0.0014999440833694283,0.0002301624954443428,-0.0012697815919893542,-0.0002301624954443428
0.0014684444078088817,0.0002244657154399817,-0.001243978696138791,-0.0002244657154399817
0.0014375851691016777,0.00021890996416381648,-0.0012186752084346977,-0.00021890996416381648
0.0014073539485096676,0.0002134917404410795,-0.0011938622113121483,-0.0002134917404410795
0.0013777385484410635,0.00020820762725252262,-0.00116953092419717,-0.00020820762725252262
0.0013487269924504447,0.00020305429173441856,-0.0011456727035067398,-0.00020305429173441856
0.0013203075252387645,0.00019802848517856198,-0.0011222790426487835,-0.00019802848517856198
0.0012924686022525798,0.00019312703930045107,-0.0010993415653532163,-0.00019312703930045107
0.0012651988644287423,0.0001883468667136707,-0.0010768519999422444,-0.0001883468667136707
0.0012384872279849544,0.00018368499411627727,-0.001054802235934532,-0.00018368499411627727
0.0012123228044131954,0.00017913851629681226,-0.0010331842900326044,-0.00017913851629681226
0.0011866948881415439,0.00017470459051664234,-0.0010119902994023282,-0.00017470459051664234
0.0011615929565341845,0.0001703804365099605,-0.0009912125216729097,-0.0001703804365099605
0.0011370066698914128,0.00016616333648378687,-0.0009708433349368966,-0.00016616333648378687
0.0011129258714496243,0.0001620506351179669,-0.0009508752377501628,-0.0001620506351179669
0.0010893405873813205,0.00015803973956517235,-0.0009313008491319111,-0.00015803973956517235
0.0010662410267951133,0.00015412811945090195,-0.0009121129085646737,-0.00015412811945090195
0.0010436175817357149,0.00015031330687348,-0.000893304275994299,-0.00015031330687348
0.0010214608271839434,0.0001465928964040569,-0.0008748679318299547,-0.0001465928964040569
0.0009997615096796581,0.00014296454154206565,-0.0008567969691116032,-0.00014296454154206565
0.0009785105326917092,0.00013942595780437137,-0.0008390845757907994,-0.00013942595780437137
0.0009576990333456318,0.00013597494632107065,-0.0008217240878625831,-0.00013597494632107065
0.0009373183063594397,0.00013260935761667702,-0.0008047089495200852,-0.00013260935761667702
0.0009173597953162706,0.00012932708819657232,-0.0007880327078407181,-0.00012932708819657232
0.0008978150926643896,0.00012612608054700746,-0.0007716890127861778,-0.00012612608054700746
0.0008786759397171937,0.00012300432313510314,-0.0007556716172024449,-0.00012300432313510314
0.0008599342266532033,0.00011995985040884848,-0.0007399743768197768,-0.00011995985040884848
0.0008415819925160679,0.00011699074279710187,-0.0007245912502527103,-0.00011699074279710187
0.0008236114252145633,0.00011409512670959061,-0.000709516299000058,-0.00011409512670959061
0.000806014861522597,0.00011127117453691172,-0.0006947436874449116,-0.00011127117453691172
0.0007887847870791999,0.00010851710465053062,-0.0006802676828546338,-0.00010851710465053062
0.0007719138337800297,0.00010583118061924231,-0.0006660826535558989,-0.00010583118061924231
0.000755394749040138,0.00010321170570052169,-0.0006521830437061092,-0.00010321170570052169
0.0007392204745755249,0.0001006570500447377,-0.0006385634248707343,-0.0001006570500447377
0.0007233840944182851,9.816562561208317e-05,-0.000625218469121526,-9.816562561208317e-05
0.0007078788118331082,9.573587788467507e-05,-0.0006121429342409177,-9.573587788467507e-05
0.0006926979493172719,9.336628586655356e-05,-0.0005993316637220178,-9.336628586655356e-05
0.0006778349486006447,9.105536208368235e-05,-0.0005867795867686115,-9.105536208368235e-05
0.0006632833706456903,8.880165258394933e-05,-0.0005744817182951631,-8.880165258394933e-05
0.0006490368956474604,8.660373693716552e-05,-0.0005624331589268102,-8.660373693716552e-05
0.0006350893230335986,8.446022823506576e-05,-0.000550629094999366,-8.446022823506576e-05
0.0006214345714643394,8.236977309130833e-05,-0.000539064798559318,-8.236977309130833e-05
0.0006080666788325112,8.033105164147566e-05,-0.0005277356273638298,-8.033105164147566e-05
0.0005949798022635311,7.834277754307329e-05,-0.0005166370248807365,-7.834277754307329e-05
0.0005821682079069182,7.640369543994887e-05,-0.0005057645126156389,-7.640369543994887e-05
0.0005696262666744202,7.451258449300455e-05,-0.0004951136823193168,-7.451258449300455e-05
0.000557348511493706,7.266827206493813e-05,-0.0004846802395566805,-7.266827206493813e-05
0.0005453295748409323,7.08696113889557e-05,-0.0004744599635706242,-7.08696113889557e-05
0.0005335641831789262,6.911547987378903e-05,-0.00046444870341519085,-6.911547987378903e-05
0.0005220471569571801,6.74047791036947e-05,-0.0004546423779555678,-6.74047791036947e-05
0.0005107734106118549,6.573643483845456e-05,-0.00044503697586808886,-6.573643483845456e-05
0.0004997379525657817,6.410939701337604e-05,-0.00043562855564023583,-6.410939701337604e-05
0.0004889358852284572,6.252263973929142e-05,-0.0004264132455706344,-6.252263973929142e-05
0.0004783624049960463,6.097516130255826e-05,-0.00041738724376905596,-6.097516130255826e-05
0.000468012802251384,5.946598416505967e-05,-0.00040854681815641894,-5.946598416505967e-05
0.0004578824613639713,5.799415496420366e-05,-0.0003998883064647853,-5.799415496420366e-05
0.00044796686068997713,5.6558744512923476e-05,-0.00039140811623736207,-5.6558744512923476e-05
0.00043826156628447435,5.51588463473314e-05,-0.0003831027199930832,-5.51588463473314e-05
0.00042876222091450095,5.3793577205811405e-05,-0.00037496864376057793,-5.3793577205811405e-05
0.000419464602658369,5.246209112836161e-05,-0.00036700251157813734,-5.246209112836161e-05
0.0004103645705374595,5.116356161191135e-05,-0.0003592010089701919,-5.116356161191135e-05
0.00040145805644380134,4.989717937311215e-05,-0.0003515608771120993,-4.989717937311215e-05
0.00039274106514006776,4.8662152348337175e-05,-0.00034407891283014133,-4.8662152348337175e-05
0.00038420967425957807,4.7457705693681534e-05,-0.00033675196860152515,-4.7457705693681534e-05
0.0003758600343062996,4.62830817849625e-05,-0.00032957695255438513,-4.62830817849625e-05
0.0003676883686548439,4.513754021771903e-05,-0.00032255082846777925,-4.513754021771903e-05
0.00035969097355046883,4.402035780721199e-05,-0.00031567061577169095,-4.402035780721199e-05
0.0003518642181090799,4.293082858842442e-05,-0.0003089333895470301,-4.293082858842442e-05
0.0003442045443172272,4.186826381606105e-05,-0.0003023362805256305,-4.186826381606105e-05
0.000336708467032107,4.083199196454853e-05,-0.00029587647509025087,-4.083199196454853e-05
0.0003293725739815631,3.982135872803565e-05,-0.00028955121527457625,-3.982135872803565e-05
0.0003221935304407217,3.8835730855622946e-05,-0.00028335779960462294,-3.8835730855622946e-05
0.000315168080002599,3.7874496522572864e-05,-0.00027729358349813616,-3.7874496522572864e-05
0.0003082930254698559,3.6937054595383196e-05,-0.000271355970891271,-3.6937054595383196e-05
0.00030156522948751043,3.6022817381890066e-05,-0.000265542412121202,-3.6022817381890066e-05
0.0002949816145801285,3.513121066817599e-05,-0.0002598504039264055,-3.513121066817599e-05
0.0002885391631518249,3.4261673718570125e-05,-0.0002542774894466609,-3.4261673718570125e-05
0.00028223491748626494,3.34136592756484e-05,-0.0002488212582230517,-3.34136592756484e-05
0.00027606597974666166,3.2586633560233176e-05,-0.00024347934619796293,-3.2586633560233176e-05
0.00027002951197577723,3.178007627139344e-05,-0.0002382494357150828,-3.178007627139344e-05
-0.6,1.1,1.4004990217606297,-1.1
-0.5654598070576834,1.0727736833055415,1.3559637300233187,-1.0727736833055415
-0.5320241190014428,1.0462212469303132,1.3123570315370308,-1.0462212469303132
-0.49966980855982973,1.0203260204728308,1.269669101080348,-1.0203260204728308
-0.468373968633779,0.9950717356388072,1.2278905991749187,-0.9950717356388072
-0.43811390448152077,0.9704425225333164,1.1870125899690174,-0.9704425225333164
-0.4088671404484195,0.9464229062475311,1.1470264762597284,-0.9464229062475311
-0.3806114447959568,0.9229978056227388,1.1079239567429167,-0.9229978056227388
-0.3533247868880114,0.9001525088991101,1.0696969082058407,-0.9001525088991101
-0.3269853204757356,0.8778726608779491,1.0323373017031936,-0.8778726608779491
-0.3015713867158536,0.8561442618724118,0.9958371481608967,-0.8561442618724118
-0.2770615492025826,0.8349536650687317,0.9601884801340046,-0.8349536650687317
-0.25343458284163745,0.8142875646050858,0.9253832873523734,-0.8142875646050858
-0.23066945101209374,0.7941329761792965,0.8914134406666518,-0.7941329761792965
-0.20874530651349296,0.7744772355166248,0.858270653853776,-0.7744772355166248
-0.18764152329057002,0.7553079957545055,0.8259464809206072,-0.7553079957545055
-0.1673377056790385,0.7366132202684145,0.7944322933495702,-0.7366132202684145
-0.14781366732566317,0.7183811640937952,0.7637192246128761,-0.7183811640937952
-0.12904943217665132,0.7006003713447931,0.7337981504866331,-0.7006003713447931
-0.11102526469781743,0.6832596730004208,0.704659703576517,-0.6832596730004208
-0.09372168068822664,0.6663481797127068,0.6762942696681014,-0.6663481797127068
-0.07711943150553166,0.6498552666738224,0.6486919560018803,-0.6498552666738224
-0.06119950769021444,0.6337705713693346,0.6218425907853712,-0.6337705713693346
-0.04594317066713348,0.618083991320541,0.5957357544829385,-0.618083991320541
-0.03133195080826412,0.6027856742510256,0.5703607754786344,-0.6027856742510256
-0.017347639350145615,0.5878660084690789,0.5457067222935941,-0.5878660084690789
-0.003972302718919936,0.5733156215972046,0.5217624266081851,-0.5733156215972046
0.008811700611563913,0.5591253746554272,0.49851650792525803,-0.5591253746554272
0.021021730350127336,0.5452863530451002,0.4759573707629123,-0.5452863530451002
0.03267485237637084,0.5317898637238225,0.4540732303051853,-0.5317898637238225
0.04378783231372754,0.5186274289212754,0.43285213140857426,-0.5186274289212754
0.05437713922819191,0.5057907795873676,0.41228195842505405,-0.5057907795873676
0.06445893177046236,0.4932718530640439,0.3923504668334608,-0.4932718530640439
0.07404906080190425,0.4810627852029868,0.3730452948659924,-0.4810627852029868
0.08316307213998024,0.4691559055967722,0.35435397795336465,-0.4691559055967722
0.09181619089303357,0.45754373587776037,0.33626398449319617,-0.45754373587776037
0.10002332740268885,0.4462189818273086,0.31876272528922456,-0.4462189818273086
0.10779908347163639,0.43517452827196473,0.30183756495443426,-0.43517452827196473
0.11515773954466403,0.4244034377871614,0.28547585549278787,-0.4244034377871614
0.12211325320403688,0.4138989457217723,0.26966495542989943,-0.4138989457217723
0.12867927268011328,0.4036544523259971,0.2543922311608384,-0.4036544523259971
0.13486913420889265,0.393663521223658,0.23964507940793953,-0.393663521223658
0.1406958473389774,0.38391987817316636,0.2254109616584718,-0.38391987817316636
0.14617211033921462,0.37441740284660696,0.21167740202119517,-0.37441740284660696
0.151310317512186,0.36515012465910046,0.19843199602789896,-0.36515012465910046
0.15612255322801044,0.3561122214875398,0.18566243467119625,-0.3561122214875398
0.16062058299625173,0.3472980182233607,0.17335653071664334,-0.3472980182233607
0.16481587418189922,0.33870197781089284,0.16150220807046103,-0.33870197781089284
0.16871960009440737,0.33031869902368854,0.15008751299160553,-0.33031869902368854
0.17234263418855436,0.32214291520783195,0.1391006354261853,-0.32214291520783195
0.17569554443796206,0.31416949288868534,0.12852992941738775,-0.31416949288868534
0.17878861558782844,0.306393423146316,0.11836389839959971,-0.306393423146316
0.18163185280894187,0.29880981985429683,0.10859120455001028,-0.29880981985429683
0.18423497839168657,0.2914139184395451,0.09920068493893375,-0.2914139184395451
0.18660742475246322,0.28420107531167305,0.09018137135998677,-0.28420107531167305
0.18875835747744452,0.2771667597321531,0.08152247250817063,-0.2771667597321531
0.19069668069383927,0.2703065515508592,0.07321337853384646,-0.2703065515508592
0.1924310364499444,0.263616140307793,0.06524367225458169,-0.263616140307793
0.1939697961656958,0.2570913250108866,0.05760314836248462,-0.2570913250108866
0.19532107961621223,0.25072800798513184,0.050281798985069154,-0.25072800798513184
0.1964927658415028,0.2445221907949646,0.04326980864347754,-0.2445221907949646
0.19749249350855802,0.23846997387475166,0.03655756269669633,-0.23846997387475166
0.19832765560918378,0.23256755581784672,0.030135660641803702,-0.23256755581784672
0.19900540583462462,0.22681123092187272,0.023994915606024902,-0.22681123092187272
0.19953267825449403,0.2211973826988881,0.01812633620853013,-0.2211973826988881
0.19991618851553344,0.2157224833991739,0.012521132129705959,-0.2157224833991739
0.20016243400092393,0.21038309295900195,0.00717071976107464,-0.21038309295900195
0.20027768804469662,0.20517585929319615,0.0020667346915853313,-0.20517585929319615
0.20026802055940893,0.20009751212314486,-0.0027989887967173055,-0.20009751212314486
0.20013930587092854,0.1951448602907584,-0.0074344225056367785,-0.1951448602907584
0.19989722312390448,0.19031479154192457,-0.011847339644400295,-0.19031479154192457
0.1995472543052984,0.18560427175195254,-0.01604530862423259,-0.18560427175195254
0.19909468630024627,0.18101034399858154,-0.02003569133731306,-0.18101034399858154
0.19854463093078373,0.17653012241799007,-0.023825664766967403,-0.17653012241799007
0.19790202703442736,0.17216079148067165,-0.027422219696668998,-0.17216079148067165
0.1971716412909113,0.1678996055109916,-0.030832158183984854,-0.1678996055109916
0.1963580648528744,0.16374388851520938,-0.03406208677656061,-0.16374388851520938
0.19546572229892945,0.15969103165457685,-0.03711842456984077,-0.15969103165457685
0.19449888651886593,0.15573848859321535,-0.04000741950012568,-0.15573848859321535
0.1934616791877119,0.15188377532992275,-0.04273514607352749,-0.15188377532992275
0.19235807186451295,0.148124469571498,-0.04530750435192052,-0.148124469571498
0.19119188238918022,0.14445821094622863,-0.04773021359064336,-0.14445821094622863
0.18996678649734236,0.14088269776148807,-0.05000882464381934,-0.14088269776148807
0.18868632907781735,0.13739568344511377,-0.05214873249479285,-0.13739568344511377
0.1873539242895682,0.13399497650362896,-0.05415517435368439,-0.13399497650362896
0.18597285675215391,0.13067843990249733,-0.05603322952929826,-0.13067843990249733
0.18454627829846024,0.12744399138912169,-0.057787814063629345,-0.12744399138912169
0.1830772188394373,0.12428960044242668,-0.059423692916014015,-0.12428960044242668
0.18156859637017297,0.12121328509484237,-0.06094549153855071,-0.12121328509484237
0.18002321704942748,0.11821311190414917,-0.06235769453463341,-0.11821311190414917
0.17844377623503987,0.11528719547231743,-0.06366464581529399,-0.11528719547231743
0.1768328561420632,0.11243369860307217,-0.06487054483857306,-0.11243369860307217
0.17519293341522613,0.10965083019335427,-0.06597945508533817,-0.10965083019335427
0.17352638977588553,0.10693684184586662,-0.06699531695996062,-0.10693684184586662
0.17183551223828294,0.10429002779379347,-0.06792194706804644,-0.10429002779379347
0.17012249374635452,0.10170872463432556,-0.06876303817134448,-0.10170872463432556
0.168389432415722,0.09919131108800175,-0.06952215778612034,-0.09919131108800175
0.16663833407684675,0.09673620734108887,-0.07020275055555197,-0.09673620734108887
0.16487112434494433,0.09434187120525962,-0.07080815336056401,-0.09434187120525962
0.16308964942742066,0.09200679784040196,-0.07134159569664483,-0.09200679784040196
0.16129567627451907,0.08972951969633479,-0.07180619922465195,-0.08972951969633479
0.15949089358457447,0.08750860585733054,-0.07220497881324309,-0.08750860585733054
0.15767690962921238,0.08534266270450298,-0.07254083913585763,-0.08534266270450298
0.15585526412321762,0.08323033015225902,-0.07281658974505772,-0.08323033015225902
0.15402743085896742,0.08117028074720506,-0.07303494811173512,-0.08117028074720506
0.15219481770643173,0.07916121966814717,-0.073198539169295,-0.07916121966814717
0.15035876757141978,0.07720188428744304,-0.07330989628298276,-0.07720188428744304
0.14852055649278656,0.07529104452579764,-0.07337145859887056,-0.07529104452579764
0.14668139936553667,0.073427501138186,-0.07338557810288167,-0.073427501138186
0.1448424568285662,0.07161008334559077,-0.07335452852329966,-0.07161008334559077
0.14300483534436853,0.06983764880549527,-0.07328050512474604,-0.06983764880549527
0.14116958737392304,0.06810908354004362,-0.07316562466093837,-0.06810908354004362
0.13933771207208764,0.06642330143835089,-0.07301192629207315,-0.06642330143835089
0.13751015373628514,0.06477924482951469,-0.07282136920866894,-0.06477924482951469
0.13568781090796958,0.06317588138094908,-0.07259584458499634,-0.06317588138094908
0.13387153807234176,0.06161220347636164,-0.0723371776805269,-0.06161220347636164
0.13206214565834934,0.06008722821575359,-0.07204712763747087,-0.06008722821575359
0.1302604006100815,0.05859999715098479,-0.07172738812709173,-0.05859999715098479
0.1284670255126361,0.05714957636515306,-0.07137958622102328,-0.05714957636515306
0.12668270084962605,0.05573505582582112,-0.07100528513013601,-0.05573505582582112
0.12490807143378643,0.05435554702539042,-0.07060599283619887,-0.05435554702539042
0.12314374665283775,0.05301018288464471,-0.07018316229450398,-0.05301018288464471
0.12139030046948576,0.05169811775274996,-0.06973819130406288,-0.05169811775274996
0.11964827222483373,0.05041852698790126,-0.06927242360842939,-0.05041852698790126
0.11791816485083484,0.049170607510269526,-0.06878714644426534,-0.049170607510269526
0.11620044958670171,0.04795357616792132,-0.06828359678323753,-0.04795357616792132
0.11449556953408245,0.0467666683418515,-0.06776296618248691,-0.0467666683418515
0.11280393966024235,0.04560913794463563,-0.06722640069995137,-0.04560913794463563
0.11112594682180717,0.044480257409553914,-0.06667500084589256,-0.044480257409553914
0.10946195050131191,0.04337931724616722,-0.06610982268570015,-0.04337931724616722
0.10781228099738382,0.04230562674019443,-0.06553187525967488,-0.04230562674019443
0.10617724465967626,0.041258511963224304,-0.0649421277377602,-0.041258511963224304
0.10455712580424548,0.040237314973830526,-0.06434151207092195,-0.040237314973830526
0.1029521867135504,0.039241393817571635,-0.06373092293412946,-0.039241393817571635
0.10136266768420074,0.03827012250342535,-0.06311121774454581,-0.03827012250342535
0.0997887875669937,0.037322890621242874,-0.06248321753416993,-0.037322890621242874
0.09823074230251583,0.03639910397916805,-0.06184770480301434,-0.03639910397916805
0.0966887095679576,0.03549818271557226,-0.06120543000873631,-0.03549818271557226
0.0951628500647681,0.034619560726982856,-0.0605571133863913,-0.034619560726982856
0.09365330751865505,0.03376268566808311,-0.059903444912029154,-0.03376268566808311
0.09216020871282345,0.03292701893416161,-0.059245084319573836,-0.03292701893416161
0.09068366395035599,0.03211203531178296,-0.058582661880635385,-0.03211203531178296
0.08922376573547666,0.03131722358685051,-0.05791677644904918,-0.03131722358685051
0.0877805926025959,0.030542084900325145,-0.057248000905300384,-0.030542084900325145
0.08635421026416375,0.02978613220439603,-0.05657688382264987,-0.02978613220439603
0.08494467161067,0.029048890262480677,-0.05590394944391433,-0.029048890262480677
0.08355201671503354,0.028329895646764493,-0.055229697666698635,-0.028329895646764493
0.08217627326151627,0.027628696419083384,-0.05455460477106765,-0.027628696419083384
0.08081745534367046,0.02694485268115345,-0.05387912164900625,-0.02694485268115345
0.07947556627774863,0.026277935324037726,-0.05320367785004286,-0.026277935324037726
0.07815059993594138,0.02562752535375742,-0.05252868357241368,-0.02562752535375742
0.07684254074637749,0.02499321389129196,-0.0518545296482637,-0.02499321389129196
0.07555136369312372,0.024374602172578922,-0.05118158752987076,-0.024374602172578922
0.07427703458986235,0.023771301341486247,-0.050510209757413216,-0.023771301341486247
0.0730195093401703,0.023182932729345906,-0.049840728927966135,-0.023182932729345906
0.07177873531772133,0.022609127281727957,-0.04917345963752871,-0.022609127281727957
0.07055465315431106,0.02204952459438213,-0.048508701222382114,-0.02204952459438213
0.06934719675583456,0.021503772903778463,-0.04784673777509551,-0.021503772903778463
0.06815629330228638,0.020971529087107303,-0.047187838135752086,-0.020971529087107303
0.06698186336044964,0.020452458576236416,-0.046532256082479476,-0.020452458576236416
0.06582382070424281,0.019946235311567417,-0.04588023019033298,-0.019946235311567417
0.06468207229900291,0.019452541875340786,-0.04523198367526908,-0.019452541875340786
0.06355652038221948,0.018971068314865617,-0.04458772764465175,-0.018971068314865617
0.062447062627515204,0.018501512039913258,-0.04394766135779536,-0.018501512039913258
0.06135359214464625,0.01804357782271744,-0.04331197222038008,-0.01804357782271744
0.06027599748603712,0.01759697779293877,-0.04268083579082273,-0.01759697779293877
0.05921416283439981,0.017161431208227853,-0.042054416192429146,-0.017161431208227853
0.05816796728348726,0.016736664902975363,-0.04143286494104083,-0.016736664902975363
0.05713728644275777,0.01632241237976175,-0.04081632345380687,-0.01632241237976175
0.05612199305492622,0.015918413397790522,-0.04020492407435207,-0.015918413397790522
0.055121956995963985,0.015524413972888191,-0.039598790069224135,-0.015524413972888191
0.054137045275098876,0.01514016637750424,-0.03899803562458669,-0.01514016637750424
0.05316712211289937,0.01476542905922213,-0.03840276600269741,-0.01476542905922213
0.052212048724482235,0.014399966650198257,-0.03781307731281998,-0.014399966650198257
0.05127168342039726,0.014043550033969933,-0.0372290565426543,-0.014043550033969933
0.050345882879798645,0.013695955456570506,-0.03665078371774938,-0.013695955456570506
0.04943450222670733,0.013356964466055192,-0.03607833203596719,-0.013356964466055192
0.04853739503001124,0.013026363912501164,-0.03551176786538013,-0.013026363912501164
0.04765441330346517,0.012703945948007528,-0.03495115074231394,-0.012703945948007528
0.04678540760268691,0.012389507868611855,-0.03439653362458211,-0.012389507868611855
0.0459302265820986,0.012082852399693183,-0.03384796216137795,-0.012082852399693183
0.04508871775278421,0.011783787236835864,-0.03330547590862404,-0.011783787236835864
0.044260728064795946,0.011492124555768087,-0.032769109399821826,-0.011492124555768087
0.04344610390757576,0.011207681011944044,-0.03223889214555474,-0.011207681011944044
0.04264469110995521,0.010930277740543908,-0.031714848632244226,-0.010930277740543908
0.041856334947053854,0.010659740347444465,-0.031196998336918996,-0.010659740347444465
0.041080880166369814,0.01039589875445762,-0.03068535590697368,-0.01039589875445762
0.040318170641569055,0.010138587549960883,-0.03017993046236623,-0.010138587549960883
0.0395680501951879,0.009887645324944025,-0.029680727081272215,-0.009887645324944025
0.03883036282504032,0.009642914443296664,-0.029187747255328536,-0.009642914443296664
0.03810495270421785,0.009404241041808236,-0.028700988888843367,-0.009404241041808236
0.0373916641810898,0.009171475030168061,-0.028220446298060954,-0.009171475030168061
0.03669034178933078,0.008944470072649226,-0.027746110238819476,-0.008944470072649226
0.03600083020866775,0.008723083475639649,-0.0272779679791222,-0.008723083475639649
0.03532297406860404,0.008507176483491042,-0.026816002806444236,-0.008507176483491042
0.03465661858726746,0.008296613650258014,-0.026360195294244437,-0.008296613650258014
0.03400160968486177,0.008091262696640462,-0.025910523557961064,-0.008091262696640462
0.03335779398366649,0.007890994509983516,-0.025466963254544808,-0.007890994509983516
0.032725018808037104,0.0076956831442775795,-0.025029487582024425,-0.0076956831442775795
0.03210313218952643,0.0075052058064924865,-0.02459806729788887,-0.0075052058064924865
0.03149198282039146,0.007319442749187699,-0.024172670779602154,-0.007319442749187699
0.030891419904186677,0.007138277554196114,-0.02375326359117901,-0.007138277554196114
0.030301293619667102,0.006961596590998972,-0.023339809488359203,-0.006961596590998972
0.02972145520707695,0.0067892888769132895,-0.022932270644404416,-0.0067892888769132895
0.029151756968149735,0.0066212460770918935,-0.022530607649822572,-0.0066212460770918935
0.028592052266108232,0.00645736250452341,-0.022134779512111232,-0.00645736250452341
0.02804219552609418,0.006297535118294452,-0.021744743657686205,-0.006297535118294452
0.027502042207849346,0.006141663407940965,-0.021360456019984757,-0.006141663407940965
0.026971448656673065,0.005989649657381034,-0.02098187062629423,-0.005989649657381034
0.02645027240893799,0.005841398567564278,-0.020608940280411978,-0.005841398567564278
0.02593837228942468,0.00569681704439122,-0.020241616871876963,-0.00569681704439122
0.02543560841132152,0.0055558141987132655,-0.019879851375807008,-0.0055558141987132655
0.02494184217622488,0.005418301346332743,-0.019523593852747455,-0.005418301346332743
0.024456936274138946,0.005284192008002864,-0.019172793448530047,-0.005284192008002864
0.023980754670848984,0.005153401848643986,-0.018827398442297184,-0.005153401848643986
0.023513162485891356,0.0050258487594382955,-0.018487356042257718,-0.0050258487594382955
0.02305402612554885,0.004901452838830246,-0.018152612537567753,-0.004901452838830246
0.022603213406384336,0.004780136023731082,-0.01782311379054584,-0.004780136023731082
0.02216059355682376,0.004661822078965826,-0.017498805248712706,-0.004661822078965826
0.02172603721715611,0.0045464365972732726,-0.01717963194470192,-0.0045464365972732726
0.021299416439533515,0.004433906999306005,-0.0168655384961768,-0.004433906999306005
0.02088060468686111,0.004324162527595189,-0.01655646911067797,-0.004324162527595189
0.020469476759337992,0.004217134161259246,-0.016252367597382224,-0.004217134161259246
0.020065908785796532,0.0041127548470967085,-0.015953177127286285,-0.0041127548470967085
0.019669778344172852,0.00401095915906787,-0.015658840694127298,-0.00401095915906787
0.019280964468301107,0.003911683179068816,-0.015369301240344201,-0.003911683179068816
0.018899347647913445,0.003814864496931419,-0.015084501657025018,-0.003814864496931419
0.018524809828639972,0.003720442210423316,-0.014804384783857828,-0.003720442210423316
0.018157234412008835,0.0036283569252479435,-0.014528893409085211,-0.0036283569252479435
0.017796506243950055,0.003538550731863163,-0.014257970281146707,-0.003538550731863163
0.017442511522406397,0.0034509671844600697,-0.013991558037271208,-0.0034509671844600697
0.01709513788390342,0.0033655514491892744,-0.01372959914178582,-0.0033655514491892744
0.01675427441308879,0.0032822499699011517,-0.013472036229876862,-0.0032822499699011517
0.01641981163495582,0.0032010104278149465,-0.013218812140112779,-0.0032010104278149465
0.016091641514843442,0.0031217817415187627,-0.01296986991441524,-0.0031217817415187627
0.015769657458436167,0.0030445140669695565,-0.012725152798032244,-0.0030445140669695565
0.015453754311764155,0.0029691587974931535,-0.012484604239513171,-0.0029691587974931535
0.01514382834305657,0.002895668539154072,-0.012248167897168816,-0.002895668539154072
0.014839777159013428,0.0028239971069299002,-0.01201578755914725,-0.0028239971069299002
0.014541499815204131,0.0027540996428339418,-0.011787407135690521,-0.0027540996428339418
0.014248896760317103,0.0026859323265033723,-0.011562970892775153,-0.0026859323265033723
0.013961869824552135,0.002619452347141418,-0.011342423468545084,-0.002619452347141418
0.013680322219620351,0.0025546179035173464,-0.011125709873295827,-0.0025546179035173464
0.01340415853874418,0.00249138820396646,-0.010912775489459726,-0.00249138820396646
0.013133284756657431,0.002429723466390113,-0.01070356607159231,-0.002429723466390113
0.01286760822017659,0.002369584907607815,-0.01049802774757869,-0.002369584907607815
0.012607037556080445,0.0023109347026262295,-0.010296106967232113,-0.0023109347026262295
0.012351482794066258,0.002253736145324989,-0.010097750464554175,-0.002253736145324989
0.012100855287196415,0.0021979533997768383,-0.009902905426849738,-0.0021979533997768383
0.011855067681291749,0.002143551448802613,-0.009711519515555656,-0.002143551448802613
0.011614033914931505,0.0020904960939712347,-0.009523540866232116,-0.0020904960939712347
0.01137766921945331,0.0020387539555997056,-0.009338918088554537,-0.0020387539555997056
0.011145890118953233,0.0019882924727531175,-0.009157600266306128,-0.0019882924727531175
0.010918614430285753,0.0019390799032446486,-0.008979536957370882,-0.0019390799032446486
0.010695761194872705,0.0018910852760065048,-0.008804678173164916,-0.0018910852760065048
0.010477250719383211,0.0018442784984479762,-0.008632974311952717,-0.0018442784984479762
0.010263004604269137,0.001798630283702283,-0.00846437626012984,-0.001798630283702283
0.010052945635252377,0.001754112005064116,-0.008298835429267008,-0.001754112005064116
0.00984699778304662,0.0017106956957018344,-0.008136303756114944,-0.0017106956957018344
0.009645086203357332,0.0016683540486574625,-0.007976733702599942,-0.0016683540486574625
0.009447137236881804,0.0016270604168466998,-0.007820078255819814,-0.0016270604168466998
0.009253078409309097,0.001586788813058909,-0.0076662909280400295,-0.001586788813058909
0.009062838425023432,0.0015475139052231722,-0.007515325755127475,-0.0015475139052231722
0.008876347073879961,0.0015092109760655855,-0.0073671372436655514,-0.0015092109760655855
0.008693535383998094,0.0014718560606547214,-0.0072216803861992794,-0.0014718560606547214
0.008514335504899176,0.00143542577506279,-0.007078910715708559,-0.00143542577506279
0.008338680653136993,0.001399897263874365,-0.006938784303727231,-0.001399897263874365
0.008166505112297759,0.00136524820018638,-0.006801257760340658,-0.00136524820018638
0.007997744233000141,0.0013314567856081356,-0.006666288234183512,-0.0013314567856081356
0.007832334432895254,0.001298501750261296,-0.0065338334124376745,-0.001298501750261296
0.00767021319666664,0.0012663623527798859,-0.006403851520830281,-0.0012663623527798859
0.007511319065324754,0.001235018373718959,-0.006276301319517728,-0.001235018373718959
0.0073555915526095665,0.001204450089397191,-0.006151142045643959,-0.001204450089397191
0.007202971311313776,0.0011746383853834261,-0.006028333466175742,-0.0011746383853834261
0.007053399984205069,0.0011455646020263116,-0.0059078358832936086,-0.0011455646020263116
0.006906820159930425,0.001117210500401021,-0.0057896101243480646,-0.001117210500401021
0.006763175373016151,0.0010895582623092616,-0.005673617541858402,-0.0010895582623092616
0.006622410103867841,0.0010625904902792666,-0.005559820013511521,-0.0010625904902792666
0.006484469778770411,0.0010362902075658025,-0.0054481799421609006,-0.0010362902075658025
0.006349300769888084,0.0010106408581501648,-0.0053386602558256,-0.0010106408581501648
0.006216850391927712,0.0009856263049046825,-0.005231224406188157,-0.0009856263049046825
0.006087066815431308,0.0009612307970321923,-0.005125836314446764,-0.0009612307970321923
0.00595989922319746,0.0009374390735085398,-0.005022460424293482,-0.0009374390735085398
0.005835297696490711,0.0009142362536978879,-0.004921061697507469,-0.0009142362536978879
0.005713213143455548,0.0008916077899421293,-0.004821605589778843,-0.0008916077899421293
0.005593597299116386,0.0008695394675608841,-0.0047240580507080425,-0.0008695394675608841
0.005476402725377559,0.0008480174048514977,-0.00462838552380525,-0.0008480174048514977
0.005361582811023348,0.0008270280530890456,-0.004534554946489865,-0.0008270280530890456
0.0052490917717179465,0.0008065581965263278,-0.004442533750089988,-0.0008065581965263278
0.005138884650005492,0.0007865949523938741,-0.004352289859841967,-0.0007865949523938741
0.0050309172679393315,0.0007671257515708744,-0.0042637916668483,-0.0007671257515708744
0.004925146259507852,0.0007481383778026634,-0.004177008021285592,-0.0007481383778026634
0.004821529129469375,0.0007296209707385154,-0.004091908288201286,-0.0007296209707385154
0.004720024099754123,0.0007115619338130369,-0.004008462286033833,-0.0007115619338130369
0.004620590106157605,0.0006939499325354237,-0.003926640285016509,-0.0006939499325354237
0.0045231867983406004,0.0006767738944894602,-0.0038464130071771026,-0.0006767738944894602
0.00442777453982915,0.0006600230093335171,-0.0037677516263376395,-0.0006600230093335171
0.004334314408014579,0.0006436867288005545,-0.003690627768114143,-0.0006436867288005545
0.004242768194153483,0.0006277547666981211,-0.003615013509916388,-0.0006277547666981211
0.004153098400079439,0.0006122170975177949,-0.0035408813790499503,-0.0006122170975177949
0.0040652681652289455,0.000597063934610474,-0.003468204301566642,-0.000597063934610474
0.003979241416980175,0.0005822858038941392,-0.003396955678895339,-0.0005822858038941392
0.003894982756395605,0.0005678734682526164,-0.0033271093491856448,-0.0005678734682526164
0.0038124573938540973,0.0005538178957333885,-0.0032586395547419844,-0.0005538178957333885
0.003731631149050876,0.0005401102595475912,-0.003191520942023437,-0.0005401102595475912
0.0036524704509975467,0.0005267419380700166,-0.003125728561643616,-0.0005267419380700166
0.0035749423380220897,0.0005137045148391115,-0.0030612378683705335,-0.0005137045148391115
0.0034990144577688484,0.000500989778556976,-0.0029980247211264695,-0.000500989778556976
0.0034246550671985527,0.0004885897230893673,-0.002936065382987881,-0.0004885897230893673
0.003351833022268196,0.0004764965436986009,-0.002875336514632273,-0.0004764965436986009
0.0032805177262484613,0.00046470262750485916,-0.002815815132194216,-0.00046470262750485916
0.003210679274684495,0.00045320060975088906,-0.0027574786959613474,-0.00045320060975088906
0.0031422883112465073,0.00044198329979387507,-0.0027003050402329967,-0.00044198329979387507
0.0030753159941991795,0.0004310436667336998,-0.0026442723541612537,-0.0004310436667336998
0.003009733996401658,0.00042037483941294296,-0.0025893591817508937,-0.00042037483941294296
0.002945514505307545,0.0004099701064168801,-0.0025355444218593056,-0.0004099701064168801
0.0028826302229649154,0.0003998229160734851,-0.0024828073281964414,-0.0003998229160734851
0.002821054366016308,0.0003899268764534288,-0.002431127509324758,-0.0003899268764534288
0.0027607606656987185,0.0003802757553700779,-0.0023804849286591543,-0.0003802757553700779
0.0027017233598737233,0.00037086347772378396,-0.002330859899152758,-0.00037086347772378396
0.0026439171443581612,0.00036168411615488235,-0.002282233043974562,-0.00036168411615488235
0.0025873173089438466,0.00035273193976350384,-0.00223458538380929,-0.00035273193976350384
0.002531899608072528,0.00034400135460467784,-0.002187898267037204,-0.00034400135460467784
0.002477640226396741,0.00033548689040241897,-0.002142153348580834,-0.00033548689040241897
0.0024245157787797815,0.00032718320054972314,-0.002097332589904919,-0.00032718320054972314
0.0023725033102957177,0.00031908506210856914,-0.002053418259016393,-0.00031908506210856914
0.002321580296229401,0.0003111873758099205,-0.002010392930464358,-0.0003111873758099205
0.0022717246420764434,0.0003034851660537222,-0.001968239485340044,-0.0003034851660537222
0.0022229146835432336,0.0002959735809089026,-0.0019269411112767948,-0.0002959735809089026
0.0021751291859874915,0.0002886478919353777,-0.0018864813020685973,-0.0002886478919353777
0.0021283472924367767,0.00028150348102436737,-0.0018468438188482493,-0.00028150348102436737
0.0020825486310920263,0.0002745358806177847,-0.0018080127573714933,-0.0002745358806177847
0.0020377132533850786,0.00026774074230375723,-0.0017699725174789955,-0.00026774074230375723
0.001993821566834136,0.00026111381281753175,-0.0017327077599508874,-0.00026111381281753175
0.0019508543350437457,0.00025465093404147165,-0.001696203406506732,-0.00025465093404147165
0.0019087926777048097,0.00024834804300505835,-0.001660444639805518,-0.00024834804300505835
0.0018676180705945924,0.00024220117188489244,-0.0016254169034456538,-0.00024220117188489244
0.0018273123455767044,0.00023620644800469116,-0.0015911059019649402,-0.00023620644800469116
0.0017878576906011103,0.00023036009383528986,-0.0015574976008405658,-0.00023036009383528986
0.0017492366497041376,0.0002246584269946429,-0.0015245782264891037,-0.0002246584269946429
0.001711432107011778,0.00021909785595950325,-0.0014923342545581232,-0.00021909785595950325
0.0016744272774564192,0.00021367488335054607,-0.001460752397357788,-0.00021367488335054607
0.0016382057965383123,0.0002083861289898974,-0.0014298196705647887,-0.0002083861289898974
0.0016027516027079442,0.00020322828887359953,-0.0013995233166322384,-0.00020322828887359953
0.0015680489261811826,0.00019819813169494723,-0.0013698507970814748,-0.00019819813169494723
0.0015340822889392837,0.00019329249884448868,-0.0013407897925020592,-0.00019329249884448868
0.001500836504728877,0.00018850830441002355,-0.0013123282025517581,-0.00018850830441002355
0.0014682966790619748,0.00018384253517660416,-0.0012844541459565454,-0.00018384253517660416
0.0014364482092159689,0.00017929225062653496,-0.0012571559605105928,-0.00017929225062653496
0.001405276784233638,0.00017485458293937378,-0.001230422203076273,-0.00017485458293937378
0.0013747683849231348,0.00017052673699192986,-0.0012042416495841415,-0.00017052673699192986
0.0013449092593299941,0.00016630598453133976,-0.001178603276331867,-0.00016630598453133976
0.0013156859504411605,0.00016218967667128436,-0.0011534962751920358,-0.00016218967667128436
0.0012870853354439535,0.00015817524951683402,-0.00112891008724627,-0.00015817524951683402
0.001259094530536437,0.0001542601949655938,-0.0011048343367944457,-0.0001542601949655938
0.0012317008884880024,0.00015044206002771756,-0.0010812588295952606,-0.00015044206002771756
0.0012048919986393566,0.0001467184468259061,-0.001058173552866219,-0.0001467184468259061
0.0011786556869025286,0.00014308701259540816,-0.0010355686752836365,-0.00014308701259540816
0.0011529800157608744,0.0001395454696840211,-0.00101343454698264,-0.0001395454696840211
0.001127853284269066,0.00013609158555208937,-0.000991761699557157,-0.00013609158555208937
0.001103264028053099,0.00013272318277250553,-0.0009705408460599194,-0.00013272318277250553
0.0010792010193102887,0.0001294381390307098,-0.0009497628810024578,-0.0001294381390307098
0.0010556532501588341,0.0001262343833724317,-0.0009294188674569225,-0.0001262343833724317
0.001032609940654079,0.00012310990210937173,-0.0009095000391666605,-0.00012310990210937173
0.001010060597624464,0.0001200627506049533,-0.0008899978475964147,-0.0001200627506049533
0.0009879949228360618,0.00011709102699472043,-0.0008709038963764594,-0.00011709102699472043
0.0009664028077680047,0.00011419287082890091,-0.0008522099374354626,-0.00011419287082890091
0.0009452743336124893,0.000111366463072407,-0.0008339078710004893,-0.000111366463072407
0.0009245997712747798,0.00010861002610483594,-0.0008159897455970036,-0.00010861002610483594
0.000904369581373201,0.00010592182372046882,-0.0007984477580488598,-0.00010592182372046882
0.0008845744142391409,0.00010330016112827117,-0.0007812742534783057,-0.00010330016112827117
0.0008652051099170559,0.00010074338495189346,-0.000764461725305985,-0.00010074338495189346
0.0008462526981644621,9.824988322967005e-05,-0.0007480028152509287,-9.824988322967005e-05
0.0008277083968172425,9.581808504596435e-05,-0.0007318903120645168,-9.581808504596435e-05
0.0008095635803770593,9.344645503777836e-05,-0.0007161171256112799,-9.344645503777836e-05
0.0007918098641000238,9.113351432529876e-05,-0.0007006763500270227,-9.113351432529876e-05
0.000774439045606626,8.887782283191577e-05,-0.0006855612230087334,-8.887782283191577e-05
0.0007574430728711375,8.667797129387492e-05,-0.0006707651017943351,-8.667797129387492e-05
0.0007408140442216037,8.45325812602761e-05,-0.0006562814631626774,-8.45325812602761e-05
0.0007245442083398494,8.244030509307429e-05,-0.000642103903433541,-8.244030509307429e-05
0.0007086259642614761,8.039982596707914e-05,-0.0006282261384676353,-8.039982596707914e-05
0.0006930518613758666,7.840985786995562e-05,-0.0006146420036666016,-7.840985786995562e-05
0.0006778145994261781,7.646914560222312e-05,-0.0006013454539730068,-7.646914560222312e-05
0.0006629070285093458,7.457646477725593e-05,-0.0005883305638703459,-7.457646477725593e-05
0.0006483221490760859,7.273062182128358e-05,-0.0005755915273830444,-7.273062182128358e-05
0.0006340531082818064,7.093045322426092e-05,-0.0005631226551764989,-7.093045322426092e-05
0.0006200931775007682,6.917482251732337e-05,-0.0005509183550937822,-6.917482251732337e-05
0.0006064358295541866,6.746263723040772e-05,-0.0005389731924261244,-6.746263723040772e-05
0.0005930746738807161,6.579283189497669e-05,-0.0005272818420806718,-6.579283189497669e-05
0.0005800034375734425,6.416436371103692e-05,-0.0005158390739504619,-6.416436371103692e-05
0.0005672159653798863,6.257621254713935e-05,-0.0005046397529144252,-6.257621254713935e-05
0.0005547062197019963,6.102738094037855e-05,-0.00049367883883738,-6.102738094037855e-05
0.0005424682805961537,5.9516894096393084e-05,-0.0004829513865700354,-5.9516894096393084e-05
0.0005304963457731706,5.8043799889365417e-05,-0.00047245254594898995,-5.8043799889365417e-05
0.0005187847305982928,5.660716886202222e-05,-0.00046217756179673406,-5.660716886202222e-05
0.0005073278680911952,5.520609422563383e-05,-0.00045212177392164546,-5.520609422563383e-05
0.0004961203089259841,5.383969186001451e-05,-0.00044228061711799156,-5.383969186001451e-05
0.00048515672143595274,5.250710031514834e-05,-0.00043264962116905837,-5.250710031514834e-05
0.0004744319081143551,5.120748679435391e-05,-0.00042322442136476,-5.120748679435391e-05
0.0004639407812128858,4.994004027270093e-05,-0.0004140007409817018,-4.994004027270093e-05
0.5,-1.0,-1.2615941559557649,1.0
0.46890539765847017,-0.9752488030825915,-1.219907178783921,0.9752488030825915
0.4388441611417199,-0.951110225184653,-1.1791294220286364,0.951110225184653
0.4097936301874485,-0.9275691105100395,-1.1392521522759484,0.9275691105100395
0.3817313460465754,-0.9046106693092253,-1.1002668253668053,0.9046106693092253
0.35463504592378675,-0.8822204748639505,-1.0621650175079687,0.8822204748639505
0.3284826792564603,-0.8603844599847781,-1.0249383824169631,0.8603844599847781
0.3032524325212672,-0.839088914970469,-0.9885786224710784,0.839088914970469
0.2789226929669396,-0.8183204635497321,-0.9530773918209482,0.8183204635497321
0.25547204203291785,-0.7980660554184571,-0.9184262416896587,0.7980660554184571
0.23287926516421076,-0.7783129645366809,-0.8846165902035792,0.7783129645366809
0.2111233913483393,-0.7590487867389252,-0.851639726883958,0.7590487867389252
0.190183670316792,-0.7402614233064626,-0.8194867515369049,0.7402614233064626
0.17003956423154715,-0.7219390694653058,-0.7881485345816375,0.7219390694653058
0.15067075526861293,-0.7040702131650715,-0.7576157039905669,0.7040702131650715
0.1320571849470899,-0.686643632588761,-0.7278786680460037,0.686643632588761
0.11417904030047654,-0.6696483828892443,-0.6989275823855897,0.6696483828892443
0.09701674664556635,-0.653073785661852,-0.6707523289170884,0.653073785661852
0.08055097797478347,-0.6369094275946596,-0.6433425220438248,0.6369094275946596
0.06476269033371333,-0.621145157462124,-0.6166875405521248,0.621145157462124
0.04963310694047141,-0.6057710730955246,-0.5907765075382716,0.6057710730955246
0.03514371560807977,-0.5907775149487757,-0.5655982897556446,0.5907775149487757
0.02127628918218363,-0.5761550647348918,-0.5411415262462828,0.5761550647348918
0.008012895961138643,-0.5618945382875299,-0.5173946452852863,0.5618945382875299
-0.004664110447705481,-0.547986976586489,-0.49434586130923985,0.547986976586489
-0.01677207789849659,-0.5344236434449935,-0.4719832018360974,0.5344236434449935
-0.028328047187578885,-0.521196019568955,-0.4502945285754913,0.521196019568955
-0.03934875910401491,-0.5082957947970537,-0.42926754276717316,0.5082957947970537
-0.04985064204502118,-0.49571486595900915,-0.40888981527514767,0.49571486595900915
-0.05984980836970682,-0.4834453305806318,-0.38914880560595233,0.4834453305806318
-0.0693620610421985,-0.4714794803189654,-0.37003187096088624,0.4714794803189654
-0.07840288112226614,-0.45980979921510484,-0.35152629871590096,0.45980979921510484
-0.08698742764116144,-0.4484289573232518,-0.33361932312648723,0.4484289573232518
-0.09513054630913675,-0.43732980435226915,-0.31629813324106076,0.43732980435226915
-0.10284675922338578,-0.4265053682067063,-0.2995499038215403,0.4265053682067063
-0.11015026021796018,-0.41594885077451504,-0.2833618182908013,0.41594885077451504
-0.11705492885167926,-0.40565361975307873,-0.2677210694235024,0.40565361975307873
-0.12357432849833634,-0.3956132069274543,-0.2526148809789289,0.3956132069274543
-0.12972169217028248,-0.38582130685860877,-0.23803054164232704,0.38582130685860877
-0.13550993714186377,-0.37627176885200314,-0.22395540393345575,0.37627176885200314
-0.14095167228743868,-0.3669585928018115,-0.2103768931100464,0.3669585928018115
-0.14605919139867363,-0.35787592794229145,-0.1972825320698246,0.35787592794229145
-0.15084446622728173,-0.3490180709415475,-0.18465996541150134,0.3490180709415475
-0.15531916669945595,-0.3403794571133019,-0.17249694958672618,0.3403794571133019
-0.1594946641564853,-0.3319546585254759,-0.16078136538784463,0.3319546585254759
-0.16338202389503215,-0.32373838284241213,-0.14950124117121838,0.32373838284241213
-0.1669920037457345,-0.31572547097843745,-0.13864476834042253,0.31572547097843745
-0.17033507506006018,-0.3079108888694563,-0.12820028839480868,0.3079108888694563
-0.17342142503114372,-0.3002897262287265,-0.11815630421764989,0.3002897262287265
-0.1762609511468807,-0.29285719539947613,-0.10850149869221073,0.29285719539947613
-0.1788632594408451,-0.2856086297204565,-0.09922474844423237,0.2856086297204565
-0.18123768687570335,-0.2785394754968126,-0.09031510689584088,0.2785394754968126
-0.18339330423420172,-0.27164529072350335,-0.08176181233399263,0.27164529072350335
-0.18533891401645697,-0.2649217439014606,-0.07355430046862238,0.2649217439014606
-0.18708304439188342,-0.25836461370769237,-0.06568222115842395,0.25836461370769237
-0.1886339722088071,-0.25196978140994913,-0.05813541871703723,0.25196978140994913
-0.1899997287728287,-0.24573322863638206,-0.050903933834690746,0.24573322863638206
-0.19118809997928418,-0.23965103667177373,-0.04397801204977911,0.23965103667177373
-0.19220661924267396,-0.23371938620040045,-0.037348119351718306,0.23371938620040045
-0.1930625831337895,-0.22793455245979513,-0.031004930245385504,0.22793455245979513
-0.19376306482013927,-0.22229290060962692,-0.02493931769553398,0.22229290060962692
-0.19431491449258953,-0.21679088550199707,-0.019142359794276254,0.21679088550199707
-0.1947247570650656,-0.21142505074213727,-0.013605348068078671,0.21142505074213727
-0.19499899268664725,-0.20619202783593263,-0.008319792654069513,0.20619202783593263
-0.19514381843730744,-0.20108852946964537,-0.0032774002729677454,0.20108852946964537
-0.19516523107273057,-0.1961113485308524,0.0015299237528234866,0.1961113485308524
-0.1950690277596524,-0.19125735749538086,0.006110071460884714,0.19125735749538086
-0.19486080134505454,-0.18652350834057507,0.010470722557946233,0.18652350834057507
-0.1945459532857883,-0.18190682884532902,0.0146193561872488,0.18190682884532902
-0.19412970726912546,-0.17740441823699435,0.018563264340613977,0.17740441823699435
-0.19361710945570232,-0.17301344709932068,0.02230954806390753,0.17301344709932068
-0.1930130294071966,-0.1687311563900525,0.02586511546411277,0.1687311563900525
-0.1923221557816512,-0.1645548579531192,0.02923667327519633,0.1645548579531192
-0.19154901516846687,-0.1604819290563245,0.032430747607943206,0.1604819290563245
-0.19069797859417675,-0.1565098102830379,0.035453689351061635,0.1565098102830379
-0.18977326173956063,-0.15263600544399594,0.038311671522141655,0.15263600544399594
-0.18877892532678464,-0.14885808070792467,0.04101068773868574,0.14885808070792467
-0.18771887332599613,-0.14517366483621916,0.043556547608260665,0.14517366483621916
-0.18659687142768147,-0.14158044372377973,0.045954898129227095,0.14158044372377973
-0.18541655051685538,-0.13807615926780126,0.04821122603408448,0.13807615926780126
-0.18418140697922672,-0.13465860924531267,0.050330856123696116,0.13465860924531267
-0.18289480298672878,-0.1313256465773886,0.05231895031898351,0.1313256465773886
-0.18155996569825794,-0.12807517944775507,0.05418050491779994,0.12807517944775507
-0.1801800040740484,-0.12490516627542704,0.05592037065049342,0.12490516627542704
-0.1787579114727134,-0.12181361486671113,0.05754325453493879,0.12181361486671113
-0.17729656587112075,-0.11879858233066602,0.059053718708109396,0.11879858233066602
-0.17579873065199889,-0.11585817433781546,0.06045618057013405,0.11585817433781546
-0.1742670528394704,-0.11299054554843703,0.06175490931503698,0.11299054554843703
-0.17270407841342045,-0.11019389500070645,0.06295404460305598,0.11019389500070645
-0.17111225521362428,-0.10746646516142014,0.06405759929824038,0.10746646516142014
-0.16949393298116053,-0.10480654191074486,0.06506945849578005,0.10480654191074486
-0.167851364770497,-0.10221245377352821,0.06599338073399359,0.10221245377352821
-0.16618670378017816,-0.09968257270214344,0.06683299315517961,0.09968257270214344
-0.1645020162352374,-0.09721531019806304,0.06759180739336904,0.09721531019806304
-0.1627992858603947,-0.09480911584488104,0.06827322473008433,0.09480911584488104
-0.16108041388005637,-0.09246247730831314,0.06888053537789969,0.09246247730831314
-0.15934722009308946,-0.0901739198502138,0.06941691936884635,0.0901739198502138
-0.1576014406853166,-0.08794200668451088,0.06988544339128552,0.08794200668451088
-0.1558447353033501,-0.08576533692245011,0.07028906932244831,0.08576533692245011
-0.15407869483682063,-0.08364254300637436,0.07063066402119517,0.08364254300637436
-0.1523048414978137,-0.08157229068138706,0.07091299893861706,0.08157229068138706
-0.1505246292120678,-0.07955327883631982,0.07113875020386702,0.07955327883631982
-0.14873944370576225,-0.07758423914775846,0.07131049863306005,0.07758423914775846
-0.14695060265836457,-0.0756639361269216,0.07143072943369809,0.0756639361269216
-0.14515936604159255,-0.07379116371851581,0.07150184555189343,0.07379116371851581
-0.14336693722112956,-0.07196474491285397,0.07152616881572256,0.07196474491285397
-0.14157446295662476,-0.07018353174585518,0.07150593961485295,0.07018353174585518
-0.13978303448533627,-0.06844640478066476,0.0714433182015912,0.06844640478066476
-0.13799368522701852,-0.06675227371872793,0.07134038150987088,0.06675227371872793
-0.1362073976910792,-0.06510007520399652,0.07119913198974293,0.06510007520399652
-0.13442510820607187,-0.06348877114788215,0.07102150376615245,0.06348877114788215
-0.13264770692199804,-0.06191734872837465,0.07080936242112354,0.06191734872837465
-0.13087603803103964,-0.0603848202964175,0.07056450510187179,0.0603848202964175
-0.12911090019171212,-0.058890222988689206,0.0702886611391347,0.058890222988689206
-0.1273530455697795,-0.057432619140423816,0.06998349049844294,0.057432619140423816
-0.12560318787279723,-0.05601109346012009,0.06965059446488125,0.05601109346012009
-0.12386200354597691,-0.054624752579287866,0.06929151713532843,0.054624752579287866
-0.12213013177218611,-0.05327272505244784,0.06890774527670337,0.05327272505244784
-0.12040817497996127,-0.05195416111653183,0.0685007089419069,0.05195416111653183
-0.11869669807355789,-0.05066823276829427,0.06807178049989285,0.05066823276829427
-0.11699623031284308,-0.049414133224359225,0.06762227693986435,0.049414133224359225
-0.11530727102245747,-0.048191074765682435,0.06715346762489526,0.048191074765682435
-0.11363028981551487,-0.046998288647294176,0.06666657450818961,0.046998288647294176
-0.11196572659360222,-0.045835025098299266,0.06616277204232882,0.045835025098299266
-0.11031399218752322,-0.04470055298403346,0.06564318807268602,0.04470055298403346
-0.10867546697037346,-0.0435941602121961,0.06510890196664987,0.0435941602121961
-0.1070505042906334,-0.042515152544649645,0.06456094915953153,0.042515152544649645
-0.10543943409909673,-0.041462852133595185,0.06400032617519183,0.041462852133595185
-0.1038425629702068,-0.040436597512310636,0.06342799059431539,0.040436597512310636
-0.10226017410205673,-0.039435743595150834,0.06284486099639548,0.039435743595150834
-0.10069252794896695,-0.03845966131019267,0.06225181790511682,0.03845966131019267
-0.09913986071016984,-0.037507738145253815,0.06164970168166018,0.037507738145253815
-0.09760238803335143,-0.03657937674565237,0.061039317581771856,0.03657937674565237
-0.09608030745631023,-0.03567399386440725,0.06042143920278292,0.03567399386440725
-0.09457379840701773,-0.034791020362210004,0.05979680844390938,0.034791020362210004
-0.09308302220362441,-0.033929901207421904,0.05916613546921686,0.033929901207421904
-0.09160812258754754,-0.033090095140452205,0.05853009954148293,0.033090095140452205
-0.09014922438312065,-0.03227107519715283,0.05788934712700142,0.03227107519715283
-0.08870643663649729,-0.03147232745221335,0.057244496259942386,0.03147232745221335
-0.0872798546215922,-0.030693350100317426,0.056596139438766,0.030693350100317426
-0.08586955984008134,-0.029933653456142868,0.05594484360083829,0.029933653456142868
-0.08447562002140174,-0.02919275995436155,0.05529115009879979,0.02919275995436155
-0.08309808951083293,-0.028470203890034455,0.05463557532604754,0.028470203890034455
-0.0817370082780688,-0.027765531791468897,0.053978609332323776,0.027765531791468897
-0.08039240400983545,-0.02707830157426451,0.05332071874260446,0.02707830157426451
-0.07906429415169205,-0.0264080815445631,0.0526623497773798,0.0264080815445631
-0.077752685915216,-0.025754450395225153,0.052003928247478584,0.025754450395225153
-0.07645757627800295,-0.02511699720582983,0.05134585953900497,0.02511699720582983
-0.0751789522137603,-0.024495321282650605,0.050688528989341244,0.024495321282650605
-0.07391679016813973,-0.02388903229093895,0.050032301217751596,0.02388903229093895
-0.07267105688229712,-0.02329774998200229,0.04937752120958374,0.02329774998200229
-0.0714417116530557,-0.02272110302415426,0.048724517733631886,0.02272110302415426
-0.07022870640009127,-0.02215872896479097,0.0480736034369146,0.02215872896479097
-0.06903198566593231,-0.021610274230391018,0.047425074835079725,0.021610274230391018
-0.06785148670075253,-0.021075394066164776,0.046779212448590624,0.021075394066164776
-0.06668713943283512,-0.020553752406450923,0.046136280894436554,0.020553752406450923
-0.06553886612913568,-0.0200450221606227,0.045496528253193676,0.0200450221606227
-0.064406583684802,-0.019548883974003357,0.04486018958995566,0.019548883974003357
-0.06329020389881108,-0.019065026062765705,0.04422748738843297,0.019065026062765705
-0.06218963347396925,-0.0185931442139321,0.04359863154484457,0.0185931442139321
-0.06110477401806213,-0.01813294178453776,0.04297381936421921,0.01813294178453776
-0.06003552226111418,-0.017684129473852717,0.04235323600007147,0.017684129473852717
-0.05898176930981572,-0.017246425743993595,0.0417370532834384,0.017246425743993595
-0.05794340217206634,-0.016819556007562995,0.041125432054960845,0.016819556007562995
-0.05692030455795739,-0.01640325211540693,0.040518523473757555,0.01640325211540693
-0.055912356879771655,-0.015997252356614703,0.03991646901353871,0.015997252356614703
-0.05491943625198367,-0.01560130145851901,0.03931940045898867,0.01560130145851901
-0.05394141656568628,-0.015215150514734014,0.038727440048771544,0.015215150514734014
-0.0529781683169146,-0.014838556959338334,0.03814070032653855,0.014838556959338334
-0.052029558602133485,-0.014471284695510766,0.03755928400489858,0.014471284695510766
-0.05109545251279507,-0.014113103165020527,0.03698328628758872,0.014113103165020527
-0.05017571323969626,-0.013763787269484781,0.03641279505008407,0.013763787269484781
-0.049270202072978976,-0.013423117370368734,0.03584789083729747,0.013423117370368734
-0.04837877840213005,-0.01309087928898558,0.035288646861438476,0.01309087928898558
-0.04750129982213277,-0.012766864150557987,0.03473512926208587,0.012766864150557987
-0.04663762168022984,-0.012450868657535825,0.034187396377828305,0.012450868657535825
-0.045787597841021495,-0.01214269464894327,0.033645499950221744,0.01214269464894327
-0.04495108133374365,-0.01184214858122529,0.03310948628855748,0.01184214858122529
-0.04412792435326978,-0.011549041527311548,0.032579396270337846,0.011549041527311548
-0.04331797826011082,-0.011263189176616359,0.032055265339915345,0.011263189176616359
-0.042521093588739935,-0.010984411824859132,0.03153712352572921,0.010984411824859132
-0.04173712007941302,-0.010712534218498283,0.031024995626496174,0.010712534218498283
-0.04096590631462039,-0.010447385907532136,0.0305189004938083,0.010447385907532136
-0.04020730060264168,-0.010188800559330864,0.03001885260076008,0.010188800559330864
-0.039461151213074454,-0.009936615732334906,0.029524862502821308,0.009936615732334906
-0.03872730637683434,-0.009690672876055012,0.02903693683697274,0.009690672876055012
-0.03800561428615494,-0.009450817331072222,0.028555078320901338,0.009450817331072222
-0.03729592310846454,-0.009216898305544924,0.0280792857896191,0.009216898305544924
-0.036598080936338366,-0.008988768774491389,0.02760955424542856,0.008988768774491389
-0.035911935605621434,-0.008766285758703753,0.027145874396507466,0.008766285758703753
-0.03523733538349512,-0.008549309673305035,0.02668823399576506,0.008549309673305035
-0.03457412907471502,-0.00833770420188179,0.026236618072387287,0.00833770420188179
-0.033922166021610696,-0.008131336296484055,0.025791008931325667,0.008131336296484055
-0.03328129610408589,-0.007930076177625393,0.025351386152821967,0.007930076177625393
-0.03265136974831902,-0.007733797312913867,0.024917726622033898,0.007733797312913867
-0.032032237863101935,-0.007542376328827202,0.024490004553182353,0.007542376328827202
-0.03142375171739861,-0.007355693269563516,0.02406819110789196,0.007355693269563516
-0.030825763444487782,-0.00717363102500074,0.023652255470986653,0.00717363102500074
-0.030238126115235936,-0.006996075220321292,0.023242165033806966,0.006996075220321292
-0.02966069373809726,-0.006822914216012052,0.022837885393908224,0.006822914216012052
-0.029093321259113597,-0.00665403910786435,0.02243938035477964,0.00665403910786435
-0.02853586456385919,-0.006489343719837002,0.02204661193466434,0.006489343719837002
-0.027988180437554144,-0.0063287244935154975,0.02165954043696613,0.0063287244935154975
-0.02745012642876231,-0.00617208076476124,0.02127812403708364,0.00617208076476124
-0.026921561203698912,-0.006019314308162123,0.02090231959203896,0.006019314308162123
-0.026402344626136907,-0.005870329178158543,0.020532082879059634,0.005870329178158543
-0.025892337757406937,-0.005725031709043383,0.020167368595400536,0.005725031709043383
-0.025391402856397433,-0.0055833305149620505,0.0198081303581781,0.0055833305149620505
-0.024899403379554496,-0.005445136489912435,0.019454320704215964,0.005445136489912435
-0.024416203962637526,-0.005310362725313402,0.019105891154086202,0.005310362725313402
-0.02394167029036444,-0.005178924665197307,0.01876279192643323,0.005178924665197307
-0.023475669283958563,-0.005050739954243703,0.018424972277358405,0.005050739954243703
-0.023018069212011306,-0.004925728130635786,0.018092380918303813,0.004925728130635786
-0.022568739690774865,-0.004803810624383187,0.017764966017917095,0.004803810624383187
-0.02212755168416233,-0.004684910757322018,0.01744267520195367,0.004684910757322018
-0.02169437750374764,-0.004568953743114847,0.01712545555318569,0.004568953743114847
-0.021269090805166015,-0.00445586666827494,0.016813253626693128,0.00445586666827494
-0.020851566498411602,-0.004345578442147585,0.01650601541010048,0.004345578442147585
-0.020441680777519053,-0.004238019991272316,0.0162036861588266,0.004238019991272316
-0.020039311243732878,-0.004133123869709481,0.015906210908852095,0.004133123869709481
-0.01964433691122937,-0.004030824193770017,0.0156135345476482,0.004030824193770017
-0.019256638207116598,-0.003931056642015436,0.015325601814119115,0.003931056642015436
-0.01887609697143431,-0.003833758455257817,0.015042357298548262,0.003833758455257817
-0.018502596457154092,-0.0037388684365598284,0.014763745442548444,0.0037388684365598284
-0.018136021305845563,-0.003646326905859337,0.01448971056005638,0.003646326905859337
-0.017776257464457008,-0.0035560757555500675,0.014220196698490284,0.0035560757555500675
-0.01742319229101825,-0.003468058477600536,0.013955147717293892,0.003468058477600536
-0.017076714559681606,-0.0033822198588716605,0.013694507597618815,0.0033822198588716605
-0.016736714458653226,-0.00329850596953228,0.013438220451806256,0.00329850596953228
-0.016403083590193043,-0.0032168641630591303,0.013186230523355357,0.0032168641630591303
-0.016075714970614823,-0.003137243076236862,0.0129384821868938,0.003137243076236862
-0.015754503030286148,-0.0030595926291580324,0.012694919948150418,0.0030595926291580324
-0.01543934357370823,-0.0029838639756223106,0.012455488453609876,0.0029838639756223106
-0.015130133731600489,-0.0029100095883447348,0.012220132357366126,0.0029100095883447348
-0.014826772056215295,-0.002837983234206608,0.01198879644116393,0.002837983234206608
-0.014529158469658873,-0.0027677397326480845,0.01176142580430481,0.0027677397326480845
-0.014237194262094185,-0.002699234951310951,0.011537965866188504,0.002699234951310951
-0.013950782091740898,-0.0026324258060386194,0.01131836236629563,0.0026324258060386194
-0.013669825984875345,-0.002567270260876118,0.011102561364171513,0.002567270260876118
-0.013394231335830608,-0.0025037273280701104,0.010890509239411263,0.0025037273280701104
-0.01312390487566823,-0.0024417570354993427,0.010682152692886868,0.0024417570354993427
-0.012858754615132122,-0.002381320461493738,0.01047743865486928,0.002381320461493738
-0.012598689954087259,-0.0023223797893654943,0.010276314339924212,0.0023223797893654943
-0.012343621588429826,-0.0022648980653710727,0.010078727395847758,0.0022648980653710727
-0.012093461502975444,-0.00220883918678971,0.00988462590846584,0.00220883918678971
-0.01184812297145909,-0.002154167901923405,0.009693958401624665,0.002154167901923405
-0.011607520556535161,-0.00210084981009693,0.009506673837181954,0.00210084981009693
-0.011371570109777449,-0.0020488513616578256,0.009322721614998693,0.0020488513616578256
-0.011140188764833376,-0.0019981398512956498,0.00914205157276647,0.0019981398512956498
-0.010913294844468676,-0.001948683372744899,0.008964613938341935,0.001948683372744899
-0.01069080799204596,-0.001900450975517644,0.008790359304486751,0.001900450975517644
-0.010472649081491203,-0.0018534124531574918,0.00861923875057314,0.0018534124531574918
-0.010258740174805004,-0.0018075382858298264,0.008451203857499081,0.0018075382858298264
-0.010049004522062557,-0.0017627996403218036,0.008286206707683118,0.0017627996403218036
-0.009843366561413627,-0.0017191683700423454,0.008124199885059507,0.0017191683700423454
-0.009641751919082609,-0.0016766170150221528,0.007965136475073766,0.0016766170150221528
-0.009444087409368463,-0.0016351188019136922,0.007808970064678445,0.0016351188019136922
-0.009250300999048236,-0.0015946476194636215,0.007655654731260265,0.0015946476194636215
-0.009060321772324235,-0.001555178046197562,0.007505144979898988,0.001555178046197562
-0.008874080048086961,-0.0015166854023813167,0.007357395808665882,0.0015166854023813167
-0.008691507229908978,-0.0014791455680999719,0.0072123627405349285,0.0014791455680999719
-0.008512535796169734,-0.0014425349739205996,0.007070001822842083,0.0014425349739205996
-0.008337099300055583,-0.0014068306008922689,0.0069302696272826505,0.0014068306008922689
-0.00816513236955978,-0.0013720099805460402,0.006793123249908829,0.0013720099805460402
-0.007996570707482456,-0.001338051194894962,0.006658520311127401,0.001338051194894962
-0.007831351091430657,-0.001304932876434079,0.006526418955697641,0.001304932876434079
-0.007669411324454562,-0.0012726341805797698,0.006396777830926169,0.0012726341805797698
-0.0075106902455346096,-0.001241134836219168,0.006269556046602904,0.001241134836219168
-0.007355127807078424,-0.0012104151527434226,0.006144713245463023,0.0012104151527434226
-0.007202664922100099,-0.0011804558811841926,0.006022209589227948,0.0011804558811841926
-0.00705324346015195,-0.0011512382111723235,0.005902005757576988,0.0011512382111723235
-0.006906806247324556,-0.0011227437709378538,0.005784062948146023,0.0011227437709378538
-0.006763297066246713,-0.0010949546273100069,0.00566834287652622,0.0010949546273100069
-0.00662266065608547,-0.0010678532857171983,0.005554807776262907,0.0010678532857171983
-0.006484842712546119,-0.0010414226901870323,0.005443420398854477,0.0010414226901870323
-0.00634978985294301,-0.0010156462057990215,0.005334143996369464,0.0010156462057990215
-0.006217449597607443,-0.0009905076399377621,0.005226942281600346,0.0009905076399377621
-0.006087770486250191,-0.0009659912853153564,0.005121779501402823,0.0009659912853153564
-0.005960701908371158,-0.0009420817889550404,0.005018620398120898,0.0009420817889550404
-0.005836194092483487,-0.0009187641452607135,0.00491743020574073,0.0009187641452607135
-0.005714198106113551,-0.0008960236960169354,0.004818174649889942,0.0008960236960169354
-0.005594665855800976,-0.0008738461303889318,0.004720819947837001,0.0008738461303889318
-0.0054775500870986316,-0.000852217484922591,0.00462533280849063,0.000852217484922591
-0.005362804384572617,-0.0008311241435444623,0.004531680432399241,0.0008311241435444623
-0.005250383164085353,-0.000810552833829421,0.004439830507765847,0.000810552833829421
-0.00514024159684265,-0.0007904906050814838,0.004349751156413836,0.0007904906050814838
-0.005032335773265013,-0.0007709249171230169,0.004261411008868669,0.0007709249171230169
-0.004926622560020199,-0.000751843532353345,0.00417477916933136,0.000751843532353345
-0.004823059550208019,-0.0007332344867544438,0.004089825194857187,0.0007332344867544438
-0.00472160506336037,-0.000715086089890945,0.004006519095355375,0.000715086089890945
-0.004622218145441225,-0.0006973869249101348,0.003924831333588769,0.0006973869249101348
-0.004524858568846617,-0.0006801258485419513,0.0038447328251735163,0.0006801258485419513
-0.004429486832404669,-0.0006632919910989888,0.0037661949385788193,0.0006632919910989888
-0.00433606416137556,-0.0006468747564764938,0.003689189495126641,0.0006468747564764938
-0.00424455247093172,-0.0006308638081312402,0.0036136887464927824,0.0006308638081312402
-0.004154914376506531,-0.0006152490928109548,0.0035396653613259405,0.0006152490928109548
-0.004067113278266754,-0.0006000208608183147,0.003467092489455939,0.0006000208608183147
-0.003981113204477418,-0.0005851695798450508,0.0033959436914242844,0.0005851695798450508
-0.0038968788050043938,-0.0005706859318759261,0.0033261929350825873,0.0005706859318759261
-0.0038143753513143843,-0.0005565608131887331,0.0032578145955923917,0.0005565608131887331
-0.003733568736474943,-0.0005427853343542982,0.003190783455425039,0.0005427853343542982
-0.0036544254751544668,-0.0005293508202364786,0.003125074704361518,0.0005293508202364786
-0.0035769127036221846,-0.0005162488099921621,0.003060663939492329,0.0005162488099921621
-0.003500998179748179,-0.0005034710570712699,0.0029975271652173735,0.0005034710570712699
-0.003426650230663309,-0.0004910095121374127,0.0029356407579851094,0.0004910095121374127
-0.0033538378272502797,-0.00047885636641691834,0.002874981497434492,0.00047885636641691834
-0.003282530582657698,-0.00046700403199837414,0.0028155265846093883,0.00046700403199837414
-0.0032126986365086253,-0.00045544508804854856,0.0027572535799511005,0.00045544508804854856
-0.0031443126545707876,-0.0004441722806774635,0.002700140403103426,0.0004441722806774635
-0.003077343828756558,-0.00043317852293839077,0.0026441653329125625,0.00043317852293839077
-0.0030117638771229747,-0.0004224568948278553,0.002589307007427054,0.0004224568948278553
-0.0029475450438717302,-0.0004120006432856335,0.0025355444238977136,0.0004120006432856335
-0.0028846600993491685,-0.0004018031821947525,0.0024828569387775595,0.0004018031821947525
-0.002823082340046296,-0.000391858092381492,0.002431224267721767,0.000391858092381492
-0.002762785542273048,-0.0003821591077891423,0.002380626453088121,0.0003821591077891423
-0.002703744030620571,-0.00037270015069172056,0.0023310438971855373,0.00037270015069172056
-0.0026459326796034128,-0.00036347531788603096,0.0022824573777241444,0.00036347531788603096
-0.0025893268049133017,-0.000354478835639423,0.002234847984121253,0.000354478835639423
-0.0025339021630136787,-0.0003457050595403867,0.0021881971172452576,0.0003457050595403867
-0.0024796349511397114,-0.0003371484744985548,0.00214248648941561,0.0003371484744985548
-0.0024265018072982796,-0.00032880369474470005,0.002097698124402773,0.00032880369474470005
-0.0023744798102679895,-0.0003206654638307379,0.002053814357428203,0.0003206654638307379
-0.0023235464795991574,-0.0003127286546297236,0.002010817835164305,0.0003127286546297236
-0.002273679775613831,-0.0003049882693358559,0.0019686915157344255,0.0003049882693358559
-0.0022248580749043073,-0.0002974394323434177,0.0019274186513323994,0.0002974394323434177
-0.0021770601778684385,-0.000290077401337309,0.001886982784667307,0.000290077401337309
-0.0021302653846905183,-0.00028289758528260434,0.0018473678069547768,0.00028289758528260434
-0.00208445336791548,-0.0002758954950620317,0.0018085578798536827,0.0002758954950620317
-0.0020396041656282962,-0.00026906674112313567,0.0017705374309983607,0.00026906674112313567
-0.0019956981814539714,-0.00026240703347827656,0.0017332911539985878,0.00026240703347827656
-0.0019527161845575558,-0.0002559121817046321,0.0016968040084395755,0.0002559121817046321
-0.0019106393096441263,-0.00024957809494419457,0.0016610612198819403,0.00024957809494419457
-0.0018694490569587958,-0.00024340078190377264,0.001626048279861697,0.00024340078190377264
-0.0018291272922867205,-0.00023737635085499206,0.0015917509458902523,0.00023737635085499206
-0.0017896562447621328,-0.0002315010089925106,0.0015581552399052115,0.0002315010089925106
-0.0017510184598064971,-0.00022577105203568874,0.0015252474116068519,0.00022577105203568874
-0.0017131969122293625,-0.00022018290144192585,0.0014930140143456297,0.00022018290144192585
-0.0016761749233692466,-0.00021473307012891666,0.001461441856540798,0.00021473307012891666
-0.0016399361146486218,-0.00020941814714958,0.001430517970560453,0.00020941814714958
-0.0016044644075739242,-0.00020423479769205997,0.0014002296127215348,0.00020423479769205997
-0.0015697440237355364,-0.00019917976307972388,0.0013705642632898041,0.00019917976307972388
-0.0015357594848077977,-0.00019424986077116308,0.001341509626479845,0.00019424986077116308
-0.0015024956125490089,-0.0001894419843601942,0.0013130536304550627,0.0001894419843601942
-0.0014699375288014195,-0.00018475310357585705,0.0012851844273276654,0.00018475310357585705
-0.0014380706554912338,-0.00018018026428241559,0.0012578903931586647,0.00018018026428241559
-0.0014068807059291304,-0.00017572058622591138,0.0012311601215118362,0.00017572058622591138
-0.0013763536592299103,-0.0001713712603280638,0.001204982400579463,0.0001713712603280638
-0.0013464758610669172,-0.00016712957581081284,0.0011793462868122085,0.00016712957581081284
-0.001317233919974392,-0.00016299288530223494,0.0011542410361155503,0.00016299288530223494
-0.00128861468827043,-0.0001589585992058116,0.001129656090403465,0.0001589585992058116
-0.0012606052620569696,-0.00015502418570042793,0.0011055810775984145,0.00015502418570042793
-0.0012331929812197978,-0.00015118717074037342,0.0010820058116313477,0.00015118717074037342
-0.0012063654294285561,-0.00014744513805534275,0.0010589202924417025,0.00014744513805534275
-0.0011801104341367284,-0.0001437957291504341,0.0010363147059773924,0.0001437957291504341
-0.001154416066581648,-0.0001402366433061501,0.0010141794241948108,0.0001402366433061501
-0.001129270641784502,-0.00013676563757839845,0.00099250500505883,0.00013676563757839845
-0.0011046627129707766,-0.00013338052544695987,0.0009712821883147794,0.00013338052544695987
-0.001080581043353557,-0.00013007917275250372,0.0009505018713347255,0.00013007917275250372
-0.0010570147018113317,-0.00012685952234032637,0.0009301551801515364,0.00012685952234032637
-0.0010339529752449957,-0.0001237195665610471,0.0009102334093151877,0.0001237195665610471
-0.001011385346438467,-0.00012065734123119969,0.0008907280057927849,0.00012065734123119969
-0.000989301494058684,-0.00011767092563323201,0.0008716305689685602,0.00011767092563323201
-0.0009676912926556117,-0.00011475844251550681,0.0008529328506438753,0.00011475844251550681
-0.0009465448126622318,-0.0001119180580923005,0.0008346267550372135,0.0001119180580923005
-0.0009258523203945481,-0.00010914798204380374,0.0008167043387841813,0.00010914798204380374
-0.0009056042780515906,-0.00010644646751612209,0.0007991578109375115,0.00010644646751612209
-0.0008857913437154065,-0.00010381181112127479,0.0007819795329670546,0.00010381181112127479
-0.0008664043713510648,-0.00010124235293719537,0.0007651620187597813,0.00010124235293719537
-0.0008474343837335871,-9.873647106774182e-05,0.0007486979129867023,9.873647106774182e-05
-0.000828872624110616,-9.629259681448788e-05,0.0007325800275937449,9.629259681448788e-05
-0.0008107105528953643,-9.390920983240044e-05,0.0007168013433390238,9.390920983240044e-05
-0.0007929397861724358,-9.158482218467823e-05,0.000701354964243822,9.158482218467823e-05
-0.000775552095590671,-8.931797831731748e-05,0.0006862341175108709,8.931797831731748e-05
-0.0007585394083631507,-8.710725505911237e-05,0.0006714321535243521,8.710725505911237e-05
-0.0007418938072672002,-8.495126162165553e-05,0.0006569425458499011,8.495126162165553e-05
-0.0007256075306443818,-8.284863959933707e-05,0.0006427588912345996,8.284863959933707e-05
-0.0007096729724004983,-8.079806296934505e-05,0.0006288749096069787,8.079806296934505e-05
-0.0006940826820055964,-7.8798238091666e-05,0.0006152844440770207,7.8798238091666e-05
-0.0006788293644939601,-7.68479037090839e-05,0.0006019814609361539,7.68479037090839e-05
-0.0006639058798402971,-7.494583081318867e-05,0.0005889600491674289,7.494583081318867e-05
-0.0006493052141083016,-7.309081760476709e-05,0.0005762143966336914,7.309081760476709e-05
-0.0006350205512749862,-7.12817068309537e-05,0.0005637388445647619,7.12817068309537e-05
-0.0006210452325415618,-6.951737342204842e-05,0.0005515278592314981,6.951737342204842e-05
-0.000607372721107603,-6.779671616939352e-05,0.000539576005042083,6.779671616939352e-05
-0.0005939966021710507,-6.6118657725374e-05,0.0005278779445420266,6.6118657725374e-05
-0.0005809105829282065,-6.448214460341683e-05,0.0005164284384141608,6.448214460341683e-05
-0.0005681084925737359,-6.288614717799132e-05,0.0005052223454786425,6.288614717799132e-05
-0.0005555842823006707,-6.13296596846095e-05,0.0004942546226929549,6.13296596846095e-05
-0.0005433320253004033,-5.9811700219825374e-05,0.0004835203251519021,5.9811700219825374e-05
-0.00053134591676269,-5.833131074123531e-05,0.0004730146060876129,5.833131074123531e-05
-0.0005196202738756534,-5.6887557067478334e-05,0.00046273271686954147,5.6887557067478334e-05
-0.0005081495358257769,-5.547952887823552e-05,0.000452670007004463,5.547952887823552e-05
-0.0004969282703179748,-5.410634282308113e-05,0.0004428219275476924,5.410634282308113e-05
-0.00048595117460387165,-5.2767143191216694e-05,0.0004331840314616294,5.2767143191216694e-05
-0.0004752130462050283,-5.146109136261959e-05,0.0004237519548878359,5.146109136261959e-05
-0.00046470878408531917,-5.0187367798716985e-05,0.000414521416328739,5.0187367798716985e-05
-0.00045443338873989554,-4.894517209050172e-05,0.00040548821668847865,4.894517209050172e-05
-0.00044438196219518777,-4.773372295853258e-05,0.0003966482392729091,4.773372295853258e-05
-0.0004345497080089008,-4.655225825293374e-05,0.00038799744978959506,4.655225825293374e-05
-0.0004249319312700165,-4.540003495339506e-05,0.0003795318963478137,4.540003495339506e-05
1.0,0.9,-0.28370212980097553,-0.9
0.9928412271410278,0.8777239226107071,-0.2875639915484939,-0.8777239226107071
0.9855860294089062,0.8559991958932351,-0.2913954189916197,-0.8559991958932351
0.978235324316906,0.8348121871036538,-0.29518385619608056,-0.8348121871036538
0.9707903264358513,0.8141495916251901,-0.29891730504266845,-0.8141495916251901
0.9632525489062775,0.7939984240762852,-0.3025843749849916,-0.7939984240762852
0.9556238034384313,0.7743460183105945,-0.306174321437927,-0.7743460183105945
0.9479061772975019,0.7551800238884271,-0.3096770577386383,-0.7551800238884271
0.9401019657173328,0.7364884081186034,-0.3130831140429057,-0.7364884081186034
0.9322136927573493,0.7182594395246928,-0.3163836907471992,-0.7182594395246928
0.9242440915133949,0.7004816655590957,-0.3195706711940758,-0.7004816655590957
0.9161961032789238,0.6831439122479299,-0.3226366360014058,-0.6831439122479299
0.9080728728919828,0.6662352831851023,-0.3255748692996677,-0.6662352831851023
0.8998776815496667,0.6497451561344636,-0.3283792996793734,-0.6497451561344636
0.8916139421281384,0.6336631838430364,-0.33104449687358906,-0.6336631838430364
0.8832851919144283,0.6179792661251724,-0.33356568201887793,-0.6179792661251724
0.8748950863378113,0.6026835460738966,-0.3359387202795061,-0.6026835460738966
0.8664473989698063,0.5877664100609081,-0.33816011399022294,-0.5877664100609081
0.8579459871325316,0.5732184836318946,-0.3402269614535707,-0.5732184836318946
0.8493947435761772,0.559030635915472,-0.34213689312281304,-0.559030635915472
0.8407976138659193,0.545193960419597,-0.3438880886821615,-0.545193960419597
0.8321585837460732,0.5316997630068431,-0.34547925780185157,-0.5316997630068431
0.823481679140076,0.5185395618943944,-0.346909623160464,-0.5185395618943944
0.81477095879828,0.5057050862326112,-0.3481788956773085,-0.5057050862326112
0.806030456098772,0.49318827502014484,-0.3492871974299435,-0.49318827502014484
0.7972641885201428,0.4809812740763533,-0.3502350528223432,-0.4809812740763533
0.7884761563388397,0.4690764158846351,-0.3510233821792612,-0.4690764158846351
0.7796703403893427,0.4574662181421305,-0.3516534795101981,-0.4574662181421305
0.7708507019388585,0.44614338370853507,-0.35212699080833204,-0.44614338370853507
0.7620211539551168,0.4351007970093117,-0.3524458663779888,-0.4351007970093117
0.7531855328953287,0.42433152841762634,-0.352612306989372,-0.42433152841762634
0.7443476187736209,0.41382881695703844,-0.35262877645975266,-0.41382881695703844
0.7355111318844383,0.40358606302032973,-0.35249798317282655,-0.40358606302032973
0.7266797328025453,0.3935968283695042,-0.3522228590724906,-0.3935968283695042
0.717857017967569,0.3838548349236909,-0.35180653554118557,-0.3838548349236909
0.7090464819910736,0.37435396414446787,-0.35125228586469925,-0.37435396414446787
0.7002515275466887,0.36508825465731,-0.3505635172641847,-0.36508825465731
0.6914754751187557,0.356051886546165,-0.3497437751142232,-0.356051886546165
0.6827215623534483,0.34723918030984474,-0.3487967247584669,-0.34723918030984474
0.6739929440570062,0.33864459686014153,-0.34772613359143484,-0.33864459686014153
0.6652926794360323,0.33026273479569307,-0.34653584338416915,-0.33026273479569307
0.6566237090250844,0.3220883338667885,-0.34522972736774965,-0.3220883338667885
0.6479888776780575,0.31411626300302875,-0.3438117078975463,-0.31411626300302875
0.639390937836417,0.30634151314038843,-0.3422857509512839,-0.30634151314038843
0.6308325495291989,0.2987591972212149,-0.34065585156921824,-0.2987591972212149
0.6223162797502912,0.29136454970433956,-0.33892601971454583,-0.29136454970433956
0.6138445845828864,0.2841529248420318,-0.3371002506270199,-0.2841529248420318
0.6054198071180796,0.2771197982801958,-0.3351825085217535,-0.2771197982801958
0.597044197120895,0.2702607535058579,-0.3331767466871507,-0.2702607535058579
0.5887199120644345,0.26357147985376983,-0.3310868990068156,-0.26357147985376983
0.5804490171298791,0.257047772506409,-0.3289168691610211,-0.257047772506409
0.5722334834433613,0.250685531291948,-0.3266705197246389,-0.250685531291948
0.5640751714196298,0.24448076122618076,-0.32435164526728044,-0.24448076122618076
0.5559758421305675,0.23842956927333314,-0.32196397754689055,-0.23842956927333314
0.5479371705591272,0.23252815442897226,-0.3195111994584916,-0.23252815442897226
0.5399607457894811,0.22677280736986233,-0.31699693744335866,-0.22677280736986233
0.5320480710070215,0.2211599104539647,-0.3144247538157196,-0.2211599104539647
0.524200560960727,0.21568593595930854,-0.3117981386543917,-0.21568593595930854
0.5164195295522047,0.21034744838255356,-0.30912048836402817,-0.21034744838255356
0.5087062067995195,0.20514109746696835,-0.30639512286127496,-0.20514109746696835
0.5010617467593679,0.2000636122423304,-0.3036252932029827,-0.2000636122423304
0.49348722753077784,0.19511180101847425,-0.3008141759787841,-0.19511180101847425
0.4859836512855403,0.19028255133744104,-0.2979648680964918,-0.19028255133744104
0.47855194157704756,0.18557282812741657,-0.2950803808957889,-0.18557282812741657
0.4711929352859099,0.18097967654344443,-0.2921636246773702,-0.18097967654344443
0.46390740020302546,0.17650021349571526,-0.28921743009178846,-0.17650021349571526
0.45669603965507244,0.172131624337621,-0.2862445519058573,-0.172131624337621
0.4495594925045092,0.167871162865755,-0.2832476651991203,-0.167871162865755
0.4424983332493431,0.16371615118347335,-0.280229362025446,-0.16371615118347335
0.4355130696057343,0.15966397821012468,-0.2771921470996187,-0.15966397821012468
0.42860413764026595,0.15571210203915092,-0.2741384274965111,-0.15571210203915092
0.4217719176525009,0.15185804183010967,-0.2710705335094687,-0.15185804183010967
0.4150167371684619,0.14809937573374793,-0.26799072095833987,-0.14809937573374793
0.4083388709406315,0.1444337408920019,-0.26490116865613766,-0.1444337408920019
0.4017385410911935,0.1408588332679859,-0.26180397634610164,-0.1408588332679859
0.3952159153244045,0.1373724064415812,-0.2587011618756141,-0.1373724064415812
0.3887711035936789,0.13397227356097288,-0.2555946538743864,-0.13397227356097288
0.3824041718406187,0.13065630009129003,-0.252486310676221,-0.13065630009129003
0.3761151442746353,0.1274224022609551,-0.24937792233828662,-0.1274224022609551
0.3699040033729498,0.12426854706168412,-0.24627120897395102,-0.12426854706168412
0.3637706900125485,0.12119275210938862,-0.24316781946292124,-0.12119275210938862
0.3577151024782329,0.11819308455611537,-0.2400693300758696,-0.11819308455611537
0.3517370934474671,0.1152676629336552,-0.2369772382830711,-0.1152676629336552
0.34583648168428216,0.11241465081909459,-0.23389297943025736,-0.11241465081909459
0.34001305414147126,0.10963225540478803,-0.2308179290850311,-0.10963225540478803
0.33426656596058985,0.10691872749835767,-0.22775340194936577,-0.10691872749835767
0.32859674054515886,0.10427236145179683,-0.22470065098732475,-0.10427236145179683
0.32300326933753093,0.10169149409077612,-0.22166086731374102,-0.10169149409077612
0.31748580859624936,0.09917450659111195,-0.21863517423162815,-0.09917450659111195
0.31204398904960523,0.09671981913921969,-0.21562464134848086,-0.09671981913921969
0.30667741820497557,0.09432588933913652,-0.21263028770549555,-0.09432588933913652
0.30138568034882307,0.09199121221252146,-0.20965308107280223,-0.09199121221252146
0.2961683365574344,0.08971432018875125,-0.20669393731243105,-0.08971432018875125
0.2910249249891237,0.08749378211544337,-0.2037537210391298,-0.08749378211544337
0.2859549576783073,0.08532820495744642,-0.20083324015774828,-0.08532820495744642
0.2809579277833559,0.08321622977891603,-0.1979332565669173,-0.08321622977891603
0.2760333124617613,0.08115652969824678,-0.19505449057481394,-0.08115652969824678
0.27118057287013725,0.07914780988807221,-0.1921976204446385,-0.07914780988807221
0.26639915416421867,0.07718880757526489,-0.18936328197078084,-0.07718880757526489
0.2616884858415762,0.07527829137211646,-0.18655206909150096,-0.07527829137211646
0.2570479793759496,0.07341506222536086,-0.18376453021210853,-0.07341506222536086
0.2524770323872932,0.07159795130307564,-0.1810011741339163,-0.07159795130307564
0.24797503239109425,0.06982581721051315,-0.17826247625707767,-0.06982581721051315
0.2435413568159161,0.06809754597415052,-0.17554887832191174,-0.06809754597415052
0.23917537300339753,0.06641205104168944,-0.17286078813667116,-0.06641205104168944
0.23487643842885356,0.064768272936801,-0.17019857988829698,-0.064768272936801
0.23064389944332728,0.06316517939038138,-0.16756259251781552,-0.06316517939038138
0.22647709253173479,0.06160176506000382,-0.16495313103812806,-0.06160176506000382
0.2223753486347917,0.06007704820166627,-0.16237047396779827,-0.06007704820166627
0.2183379933353741,0.058590070497267374,-0.15981487350200657,-0.058590070497267374
0.21436434685851902,0.05713989705460649,-0.15728655533814537,-0.05713989705460649
0.21045372414387037,0.055725616305605255,-0.15478571868726854,-0.055725616305605255
0.20660543455790792,0.05434633952716346,-0.15231253631284217,-0.05434633952716346
0.2028187811064374,0.05300120180846155,-0.14986715263821285,-0.05300120180846155
0.1990930645095047,0.05168935882632774,-0.14744969090616245,-0.05168935882632774
0.19542758382035108,0.05040998624348038,-0.14506025427796249,-0.05040998624348038
0.1918216364254134,0.04916227970852808,-0.142698925721862,-0.04916227970852808
0.18827451804432374,0.04794545485596958,-0.14036576790923075,-0.04794545485596958
0.18478552285459482,0.04675874677426407,-0.13806082377331433,-0.04675874677426407
0.18135394223123427,0.045601410921705866,-0.13578411424515063,-0.045601410921705866
0.17797906727928714,0.044472721268187784,-0.13353564255669734,-0.044472721268187784
0.17466019024239127,0.04337196881187335,-0.13131539705271109,-0.04337196881187335
0.17139660450278676,0.042298461579184085,-0.12912335111957862,-0.042298461579184085
0.1681876045813157,0.04125152462479946,-0.126959463119019,-0.04125152462479946
0.16503248620664945,0.04023049983507933,-0.12482367659184804,-0.04023049983507933
0.16193054571485335,0.039234745926989,-0.12271591960124548,-0.039234745926989
0.15888108048684088,0.038263638544860694,-0.12063610502020047,-0.038263638544860694
0.15588339099565643,0.03731656798107558,-0.11858413480523566,-0.03731656798107558
0.15293678091879925,0.0363929390167031,-0.11655990022242609,-0.0363929390167031
0.1500405571382239,0.035492170921501066,-0.11456328180512629,-0.035492170921501066
0.14719402974466889,0.034613697443293304,-0.11259414932955333,-0.034613697443293304
0.14439651197124656,0.03375696636774917,-0.11065236215146976,-0.03375696636774917
0.14164731954146043,0.032921440380592554,-0.1087377676589679,-0.032921440380592554
0.1389457723402633,0.03210659526620794,-0.10685020471123935,-0.03210659526620794
0.1362911949166083,0.03131191911967169,-0.10498950489918504,-0.03131191911967169
0.13368291648344885,0.03053691234675212,-0.10315549251848549,-0.03053691234675212
0.1311202709177386,0.029781087663909384,-0.101347984544529,-0.029781087663909384
0.12860259676974065,0.029043969938338236,-0.09956679077820785,-0.029043969938338236
0.12612923681773278,0.028325096227030833,-0.09781171333991079,-0.028325096227030833
0.12369953844786605,0.027624015823913283,-0.09608254698210132,-0.027624015823913283
0.1213128546389518,0.026940288573425803,-0.09437908174052245,-0.026940288573425803
0.11896854400455402,0.026273484764851297,-0.09270110306472479,-0.026273484764851297
0.11666597079298936,0.025623185132315412,-0.09104839180210612,-0.025623185132315412
0.11440450488742751,0.02498898085401683,-0.08942072418392487,-0.02498898085401683
0.11218352169926245,0.024370473227771132,-0.08781787202910998,-0.024370473227771132
0.11000240181605365,0.023767274288813426,-0.08623960176193365,-0.023767274288813426
0.10786053178849347,0.02317900567927552,-0.08468567631688627,-0.02317900567927552
0.10575730438510601,0.02260529788933853,-0.0831558561408204,-0.02260529788933853
0.10369211859224729,0.022045790257232956,-0.08164989918279733,-0.022045790257232956
0.10166437961410506,0.021500130969238578,-0.0801675608846348,-0.021500130969238578
0.09967349886345506,0.02096797700186876,-0.07870859422065671,-0.02096797700186876
0.09771889368875927,0.020448993954723386,-0.07727274958368975,-0.020448993954723386
0.09579998746903544,0.01994285648823144,-0.07585977443477299,-0.01994285648823144
0.09391621005642442,0.01944924696056602,-0.07446941510119057,-0.01944924696056602
0.09206699780168015,0.0189678552127655,-0.07310141701028564,-0.0189678552127655
0.09025179355416954,0.018498378568733542,-0.0717555246834499,-0.018498378568733542
0.08847004666187265,0.018040521835239125,-0.07043148173052916,-0.018040521835239125
0.08672121291166743,0.01759399717106119,-0.06912903091571701,-0.01759399717106119
0.08500475426720254,0.01715852420052737,-0.06784791377708883,-0.01715852420052737
0.08332013916804766,0.016733829935764298,-0.06658787099897548,-0.016733829935764298
0.08166684260630581,0.016319647747588012,-0.06534864351322768,-0.016319647747588012
0.08004434612216743,0.015915717323659536,-0.06412997253278123,-0.015915717323659536
0.07845213780391051,0.015521784668484917,-0.06293159954810112,-0.015521784668484917
0.07688971228790022,0.015137602103415127,-0.06175326632387168,-0.015137602103415127
0.0753565706263552,0.014762928087885577,-0.060594714942404856,-0.014762928087885577
0.07385222017833244,0.014397527531955197,-0.05945568737929558,-0.014397527531955197
0.07237617482367455,0.014041171330933076,-0.05833592617997865,-0.014041171330933076
0.07092795486759587,0.013693635704608888,-0.057235175022499106,-0.013693635704608888
0.06950708703984536,0.013354702194720349,-0.056153178716947964,-0.013354702194720349
0.06811310449470687,0.013024157664953304,-0.055089683203359684,-0.013024157664953304
0.06674554681054738,0.012701794300110794,-0.054044435550134065,-0.012701794300110794
0.06540395979854366,0.012387409415161603,-0.05301718395186421,-0.012387409415161603
0.06408789556381024,0.012080805848713686,-0.05200767739536189,-0.012080805848713686
0.06279691252761536,0.011781791331337511,-0.0510156663118794,-0.011781791331337511
0.061530575286496726,0.01149017806759855,-0.0500409028526877,-0.01149017806759855
0.0602884546122618,0.011205782736057355,-0.04908314088774137,-0.011205782736057355
0.059070127451987475,0.01092842648926947,-0.048142136004435204,-0.01092842648926947
0.05787517692609055,0.010657934951161947,-0.04721764550714119,-0.010657934951161947
0.05670319211806108,0.01039413804681008,-0.046309428376070445,-0.01039413804681008
0.05555376822643851,0.010136870373767455,-0.045417245046960916,-0.010136870373767455
0.05442650645380245,0.009885970600958135,-0.04454085790018078,-0.009885970600958135
0.05332101384105041,0.009641281149480003,-0.04368003141331729,-0.009641281149480003
0.052236903267398015,0.009402648192604831,-0.04283453216038791,-0.009402648192604831
0.051173793450378924,0.009169921655778242,-0.04200412881110578,-0.009169921655778242
0.05013130894522783,0.008942955215934871,-0.04118859213026396,-0.008942955215934871
0.04910907994501461,0.008721606154964126,-0.04038769492375676,-0.008721606154964126
0.04810674244383813,0.008505735673452414,-0.039601211887465265,-0.008505735673452414
0.04712393809774154,0.008295208425850383,-0.03882891993242004,-0.008295208425850383
0.04616031400671806,0.008089892205205614,-0.038070598281547255,-0.008089892205205614
0.045215522714710875,0.007889657943162603,-0.037326028469202584,-0.007889657943162603
0.044289222209613066,0.0076943797099627296,-0.03659499434073737,-0.0076943797099627296
0.043381075923267814,0.007503934714444319,-0.03587728205209502,-0.007503934714444319
0.04249075258258617,0.007318203201403624,-0.03517268002318673,-0.007318203201403624
0.04161792627665745,0.007137068641194425,-0.03448097881506383,-0.007137068641194425
0.04076227644227013,0.0069604175121672895,-0.033801971332662765,-0.0069604175121672895
0.03992348753432165,0.0067881389125751465,-0.0331354528829909,-0.0067881389125751465
0.03910124902374177,0.006620124558576022,-0.03248122117477186,-0.006620124558576022
0.038295255397492324,0.006456268784232995,-0.031839076318189295,-0.006456268784232995
0.03750520615856741,0.006296468541514233,-0.03120882082464862,-0.006296468541514233
0.036730805750728984,0.006140623350124108,-0.03059025958145787,-0.006140623350124108
0.03597176346709628,0.005988635328049232,-0.0299831997296663,-0.005988635328049232
0.035227793653645624,0.0058404092616150625,-0.029387450797318276,-0.0058404092616150625
0.03449861526191894,0.005695852141954625,-0.028802824715499123,-0.005695852141954625
0.03378395181665002,0.0055548731371167235,-0.02822913581368975,-0.0055548731371167235
0.033083531415764665,0.005417383592065973,-0.02766620081961568,-0.005417383592065973
0.03239708673038065,0.00528329702868278,-0.027113838859106305,-0.00528329702868278
0.0317243549933294,0.005152529138251397,-0.026571871451997475,-0.005152529138251397
0.03106507779531582,0.005024997691729251,-0.026040122397897977,-0.005024997691729251
0.030419001403955346,0.004900622781406902,-0.02551841785345979,-0.004900622781406902
0.029785876376233648,0.004779326428917721,-0.025006586336712926,-0.004779326428917721
0.02916545739893172,0.004661032460206113,-0.024504458692423077,-0.004661032460206113
0.028557503288625823,0.0045456665055275125,-0.02401186809200245,-0.0045456665055275125
0.027961776991687656,0.004433155999448409,-0.023528650033426926,-0.004433155999448409
0.027378045584284152,0.004323430180846316,-0.023054642341158678,-0.004323430180846316
0.026806080182119378,0.004216420046320946,-0.022589685122404234,-0.004216420046320946
0.02624565592793516,0.004112058405677202,-0.02213362069906641,-0.004112058405677202
0.025696552126639682,0.004010279897634195,-0.021686293727101954,-0.004010279897634195
0.02515855179954644,0.0039110206638179965,-0.021247551076704854,-0.0039110206638179965
0.0246314416647198,0.003814218336215898,-0.020817241825144876,-0.003814218336215898
0.024115012136974933,0.0037198120371763985,-0.0203952172567186,-0.0037198120371763985
0.023609057327877925,0.0036277423794092286,-0.019981330862703976,-0.0036277423794092286
0.023113375045305713,0.003537951465749186,-0.019575438341114058,-0.003537951465749186
0.022627766620426624,0.003450382815616851,-0.01917739749717654,-0.003450382815616851
0.02215203715827209,0.0033649815363261887,-0.01878706832256335,-0.0033649815363261887
0.02168599530734001,0.003281694121289328,-0.01840431296675272,-0.003281694121289328
0.021229452998281818,0.003200468290600376,-0.018028995635099333,-0.003200468290600376
0.020782225443902413,0.0031212529910354054,-0.017660982588805524,-0.0031212529910354054
0.020344131139160126,0.0030439983960524504,-0.01730014214489436,-0.0030439983960524504
0.019914991861166832,0.002968655905791522,-0.01694634467618481,-0.002968655905791522
0.01949463265849856,0.002895178142080636,-0.01659946260557303,-0.002895178142080636
0.019082881680782315,0.0028235188905522805,-0.016259370293480666,-0.0028235188905522805
0.018679570501319142,0.0027536332686027647,-0.015925944192499847,-0.0027536332686027647
0.018284533735399715,0.002685477479852207,-0.015599062711228132,-0.002685477479852207
0.017897608890102862,0.0026190087339430686,-0.015278606144250825,-0.0026190087339430686
0.017518636364295518,0.0025541852465401456,-0.014964456672125134,-0.0025541852465401456
0.017147459448632683,0.0024909662393305613,-0.014656498361365441,-0.0024909662393305613
0.016783924325557514,0.0024293119400237814,-0.014354617164429677,-0.0024293119400237814
0.016427880054820286,0.002369183576253217,-0.014058700911323926,-0.002369183576253217
0.016079178422862033,0.00231054333100264,-0.013768639203547563,-0.00231054333100264
0.015737674257078924,0.0022533544859017116,-0.013484323585051881,-0.0022533544859017116
0.01540322503717539,0.0021975812034359817,-0.013205647371371799,-0.0021975812034359817
0.015075690772374395,0.002143188468176007,-0.012932505585597368,-0.002143188468176007
0.014754934001417397,0.0020901420867773424,-0.012664794958365094,-0.0020901420867773424
0.014440819792564324,0.00203840868798054,-0.012402413927849852,-0.00203840868798054
0.014133215743593644,0.001987955722611158,-0.01214526263975745,-0.001987955722611158
0.013831991975453902,0.0019387514610955398,-0.011893242943453399,-0.0019387514610955398
0.013537020984274334,0.0018907649485122421,-0.011646258288915448,-0.0018907649485122421
0.013248177934650898,0.0018439661328498009,-0.011404213891756292,-0.0018439661328498009
0.012965340341441102,0.0017983256983311522,-0.011167016581687748,-0.0017983256983311522
0.012688387917096805,0.0017538149985595224,-0.010934574716702325,-0.0017538149985595224
0.012417202571664185,0.0017104060565184243,-0.01070679818306844,-0.0017104060565184243
0.0121516684127837,0.001668071564571651,-0.01048359839532599,-0.001668071564571651
0.011891671745690165,0.0016267848844632865,-0.01026488829628229,-0.0016267848844632865
0.011637101073212702,0.0015865200473177007,-0.010050582357008234,-0.0015865200473177007
0.011387846983637387,0.0015472517185158804,-0.009840596499820945,-0.0015472517185158804
0.01114380232118639,0.0015089552782971772,-0.00963484818815808,-0.0015089552782971772
0.010904862083074769,0.0014716067541995024,-0.009433256391191178,-0.0014716067541995024
0.010670923163708601,0.0014351827169782538,-0.009235741432101797,-0.0014351827169782538
0.010441884354407769,0.0013996602805033014,-0.00904222498790473,-0.0013996602805033014
0.010217646343405938,0.0013650171017589845,-0.00885263008944556,-0.0013650171017589845
0.009998111715850607,0.0013312313808441212,-0.008666881121398469,-0.0013312313808441212
0.009783184953803052,0.0012982818609719965,-0.008484903822264078,-0.0012982818609719965
0.009572772394072598,0.0012661478152473256,-0.00830662525542481,-0.0012661478152473256
0.009366782199539497,0.0012348090525732174,-0.008131973774558996,-0.0012348090525732174
0.00916512453744547,0.0012042459675920424,-0.007960879151988943,-0.0012042459675920424
0.00896771123273715,0.0011744394049140352,-0.007793272367794007,-0.0011744394049140352
0.008774455737634117,0.0011453706482581869,-0.007629085590236296,-0.0011453706482581869
0.008585273131628874,0.0011170214204522426,-0.007468252175759331,-0.0011170214204522426
0.008400080121486889,0.001089373883432706,-0.0073107066689868504,-0.001089373883432706
0.008218795041246582,0.001062410638244838,-0.007156384802721655,-0.001062410638244838
0.008041337851639031,0.0010361147248601258,-0.007005223497546779,-0.0010361147248601258
0.007867630032926027,0.001010469593728767,-0.006857160783110041,-0.001010469593728767
0.0076975947899586535,0.000985459179959402,-0.006712135929002052,-0.000985459179959402
0.007531156882370944,0.0009610678297537182,-0.006570089348514324,-0.0009610678297537182
0.007368242457412491,0.0009372802430536635,-0.006430962488823834,-0.0009372802430536635
0.0072087790499484284,0.0009140814735414442,-0.006294697830992283,-0.0009140814735414442
0.007052695582459469,0.00089145692863953,-0.006161238889965454,-0.00089145692863953
0.006899922365041864,0.0008693923695106486,-0.006030530214572555,-0.0008693923695106486
0.006750391095407439,0.0008478739110577906,-0.005902517387525663,-0.0008478739110577906
0.00660403484129769,0.000826888016982653,-0.005777147012774836,-0.000826888016982653
0.006460787972106969,0.0008064214881560233,-0.005654366658760396,-0.0008064214881560233
0.0063205863690546675,0.0007864615231880989,-0.005534125008014375,-0.0007864615231880989
0.006183367144302082,0.0007669956216200172,-0.0054163716730853415,-0.0007669956216200172
0.006049068586289674,0.0007480115668871692,-0.005301057158911943,-0.0007480115668871692
0.005917630159737094,0.0007294974263192023,-0.005188132862822561,-0.0007294974263192023
0.005788992505643172,0.0007114415511400193,-0.005077551074534958,-0.0007114415511400193
0.0056630974412859,0.0006938325764677756,-0.004969264976155946,-0.0006938325764677756
0.005539887960222465,0.0006766594213148843,-0.0048632286421811215,-0.0006766594213148843
0.005419308200643574,0.0006599112804677463,-0.00475939701596917,-0.0006599112804677463
0.005301303433089566,0.0006435776292726346,-0.004657725892671854,-0.0006435776292726346
0.005185820197993916,0.0006276482560589907,-0.004558172024353985,-0.0006276482560589907
0.005072806048818481,0.0006121131823314428,-0.004460692942936403,-0.0006121131823314428
0.004962209530245085,0.0005969626565132194,-0.004365246944643938,-0.0005969626565132194
0.004853980178175487,0.0005821871539461449,-0.004271793090005203,-0.0005821871539461449
0.004748068519731407,0.0005677773768906433,-0.004180291203852438,-0.0005677773768906433
0.004644426073254515,0.0005537242545257365,-0.004090701875321338,-0.0005537242545257365
0.004543005348306425,0.0005400189429490434,-0.0040029864578509,-0.0005400189429490434
0.004443759815350872,0.0005266528178752544,-0.003917107046166981,-0.0005266528178752544
0.004346643902720864,0.0005136174805327774,-0.0038330264673526785,-0.0005136174805327774
0.004251613115084732,0.0005009047835529979,-0.003750708373425002,-0.0005009047835529979
0.0041586238047082134,0.0004885067648112196,-0.003670117078755889,-0.0004885067648112196
0.004067633154057232,0.00047641564275870666,-0.003591217547342837,-0.00047641564275870666
0.003978599175797886,0.0004646238164226838,-0.0035139753928087997,-0.0004646238164226838
0.0038914807127964756,0.00045312386540633843,-0.003438356878402119,-0.00045312386540633843
0.0038062374381194718,0.0004419085498888176,-0.0033643289169964187,-0.0004419085498888176
0.0037228298550335426,0.0004309708106252309,-0.0032918590710905517,-0.0004309708106252309
0.003641219281184248,0.00042030376527363175,-0.0032209155406602375,-0.00042030376527363175
0.0035613678112488196,0.0004099007040582969,-0.0031514671301475002,-0.0004099007040582969
0.0034832384692783575,0.00039975512551563734,-0.0030834833650568963,-0.00039975512551563734
0.003406795002918813,0.000389860679498848,-0.0030169343431717807,-0.000389860679498848
0.003332001850746686,0.0003802111588548184,-0.0029517907102130413,-0.0003802111588548184
0.0032588241422690165,0.0003708004994241315,-0.0028880236598390428,-0.0003708004994241315
0.0031872276979233753,0.00036162278004106286,-0.0028256049336455734,-0.00036162278004106286
0.0031171790290778806,0.0003526722225335826,-0.0027645068211658167,-0.0003526722225335826
0.0030486453380311907,0.0003439431917233543,-0.002704702159870309,-0.0003439431917233543
0.0029815945172809604,0.0003354301952589339,-0.0026461643346021584,-0.0003354301952589339
0.002915995087286325,0.0003271278713375543,-0.0025888672276177097,-0.0003271278713375543
0.002851816336150103,0.00031903102384639844,-0.0025327853231274476,-0.00031903102384639844
0.002789028213897207,0.00031113459148532374,-0.00247789363245165,-0.00031113459148532374
0.0027276012417206535,0.00030343362556774635,-0.0024241676254654837,-0.00030343362556774635
0.0026675065119815457,0.00029592329002063914,-0.0023715832305989657,-0.00029592329002063914
0.002608715688209089,0.0002885988613845335,-0.0023201168348369544,-0.0002885988613845335
0.0025512010051005744,0.0002814557288135174,-0.0022697452837191134,-0.0002814557288135174
0.0024949352685214015,0.00027448939407523804,-0.0022204458813399122,-0.00027448939407523804
0.0024398918555050527,0.0002676954715508989,-0.0021721963903485833,-0.0002676954715508989
0.0023860446983022176,0.00026106968495111536,-0.002124975019282377,-0.00026106968495111536
0.0023333682663345496,0.0002546078667650303,-0.0020787604050711847,-0.0002546078667650303
0.0022818376823623555,0.00024830598200325664,-0.002033531705462272,-0.00024830598200325664
0.0022314285580621843,0.0002421600883559422,-0.0019892684744397863,-0.0002421600883559422
0.0021821169738881516,0.00023616633165722005,-0.0019459506466216205,-0.00023616633165722005
0.0021338794790719527,0.00023032094588521038,-0.0019035585372594106,-0.00023032094588521038
0.0020866930916228427,0.000224620253162018,-0.0018620728422385074,-0.000224620253162018
0.0020405352983276477,0.00021906066375373338,-0.0018214746380779776,-0.00021906066375373338
0.001995384054750772,0.00021363867607043416,-0.0017817453819305997,-0.00021363867607043416
0.0019512177852341812,0.00020835087666618251,-0.0017428669115828418,-0.00020835087666618251
0.0019080153593062548,0.0002031939357360798,-0.0017048214263666501,-0.0002031939357360798
0.0018657561081547877,0.0001981646135401556,-0.001667591497208555,-0.0001981646135401556
0.0018244198913039114,0.00019325977157867938,-0.0016311601221312736,-0.00019325977157867938
0.0017839869572343662,0.0001884763413816253,-0.00159551061808451,-0.0001884763413816253
0.0017444379361918057,0.00018381132299578347,-0.0015606266152661421,-0.00018381132299578347
0.0017057538401867786,0.0001792617849847578,-0.0015264920571222006,-0.0001792617849847578
0.0016679160629947383,0.0001748248644289672,-0.0014930912003468712,-0.0001748248644289672
0.00163090638015605,0.00017049776692564637,-0.0014604086148824978,-0.00017049776692564637
0.0015947069489759753,0.00016627776658884397,-0.0014284291839195635,-0.00016627776658884397
0.0015593003085246796,0.0001621622060494236,-0.0013971381038966931,-0.0001621622060494236
0.0015246693643107575,0.0001581484936423857,-0.001366520871986853,-0.0001581484936423857
0.001490797383916354,0.00015423410494017612,-0.0013365632801991597,-0.00015423410494017612
0.0014576680840446398,0.00015041659834528972,-0.0013072514868337497,-0.00015041659834528972
0.0014252655019032247,0.00014669358755658497,-0.0012785719153988733,-0.00014669358755658497
0.0013935739829916184,0.000143062739122415,-0.0012505112448452226,-0.000143062739122415
0.0013625781811012164,0.00013952177244062617,-0.0012230564095659156,-0.00013952177244062617
0.0013322630583153074,0.00013606845975855882,-0.0011961945993965008,-0.00013606845975855882
0.0013026138850090795,0.00013270062617304793,-0.0011699132596149602,-0.00013270062617304793
0.0012736162398496067,0.0001294161496304217,-0.0011442000909416955,-0.0001294161496304217
0.001245256009795857,0.00012621296092650233,-0.0011190430495395334,-0.00012621296092650233
0.0012175193890513636,0.0001230890435162613,-0.0010944303461567395,-0.0001230890435162613
0.001190392840019555,0.00012004242737666147,-0.0010703504132195047,-0.00012004242737666147
0.0011638631938646082,0.00011707120873256571,-0.0010467919856668889,-0.00011707120873256571
0.0011379175782788432,0.00011417353388717806,-0.001023744044887772,-0.00011417353388717806
0.0011125433676333724,0.00011134758955664825,-0.0010011957785368974,-0.00011134758955664825
0.001087728182978109,0.00010859160287007262,-0.0009791365805348787,-0.00010859160287007262
0.001063459892041763,0.00010590384136949363,-0.0009575560510681953,-0.00010590384136949363
0.0010397266092318478,0.00010328261300990063,-0.0009364439965891961,-0.00010328261300990063
0.0010165166956346702,0.00010072626615922884,-0.0009157904298160901,-0.00010072626615922884
0.0009938187590153359,9.823318959835976e-05,-0.0008955855697329516,-9.823318959835976e-05
0.0009716216538177534,9.58018125211218e-05,-0.0008758198415897209,-9.58018125211218e-05
0.0009499144757211278,9.3430603616561e-05,-0.0008564838723764274,-9.3430603616561e-05
0.0009286865374247297,9.111806816989504e-05,-0.0008375684695070039,-9.111806816989504e-05
0.0009079274625159664,8.886276450749337e-05,-0.0008190646982423773,-8.886276450749337e-05
0.0008876270922696936,8.666328560613745e-05,-0.0008009638068805184,-8.666328560613745e-05
0.0008677754633607248,8.451825504735699e-05,-0.0007832572085146152,-8.451825504735699e-05
0.000848362807863834,8.242632701743043e-05,-0.0007659364810330744,-8.242632701743043e-05
0.0008293795532537483,8.038618630738396e-05,-0.0007489933671195145,-8.038618630738396e-05
0.0008108163224051514,7.839654831299207e-05,-0.0007324197742527682,-7.839654831299207e-05
0.0007926639335926886,7.645615903477792e-05,-0.0007162077747068866,-7.645615903477792e-05
0.0007749134004909577,7.456379507801243e-05,-0.0007003496055511308,-7.456379507801243e-05
0.0007575559321745135,7.27182636527149e-05,-0.0006848376686499753,-7.27182636527149e-05
0.0007405829315952062,7.091840232649986e-05,-0.0006696645293875991,-7.091840232649986e-05
0.0007239859661112776,6.916307497540132e-05,-0.0006548228912461575,-6.916307497540132e-05
0.000707756852214871,6.745118646639258e-05,-0.0006403056658507717,-6.745118646639258e-05
0.0006918875927586426,6.578167036229379e-05,-0.0006261059224912329,-6.578167036229379e-05
0.0006763703436710192,6.415348315294332e-05,-0.0006122168606060873,-6.415348315294332e-05
0.0006611974139561915,6.256560425519702e-05,-0.0005986318097826312,-6.256560425519702e-05
0.0006463612656941175,6.1017036012928624e-05,-0.0005853442297569125,-6.1017036012928624e-05
0.0006318545140405257,5.9506803697030045e-05,-0.0005723477104137347,-5.9506803697030045e-05
0.0006176699272269088,5.803395550541074e-05,-0.0005596359717866497,-5.803395550541074e-05
0.0006038004265605266,5.6597562562998024e-05,-0.0005472028640579614,-5.6597562562998024e-05
0.0005902390864244095,5.519671892173737e-05,-0.0005350423675587277,-5.519671892173737e-05
0.0005769791342773519,5.383054156059184e-05,-0.0005231485927687554,-5.383054156059184e-05
0.0005640139466295716,5.249817000607153e-05,-0.0005115157766717295,-5.249817000607153e-05
0.0005513370564137126,5.119876880981588e-05,-0.0005001382876486328,-5.119876880981588e-05
0.000538942167380416,4.9931528044634196e-05,-0.0004890106393772775,-4.9931528044634196e-05
0.0005268231079723145,4.869565573357498e-05,-0.0004781274522772297,-4.869565573357498e-05
0.0005149738280453719,4.7490377394316394e-05,-0.00046748345068675775,-4.7490377394316394e-05
0.000503388398868886,4.631493603916658e-05,-0.0004570734628628357,-4.631493603916658e-05
0.0004920610131254839,4.5168592175063155e-05,-0.0004468924209811384,-4.5168592175063155e-05
0.0004809859849111245,4.4050623803573494e-05,-0.0004369353611360438,-4.4050623803573494e-05
0.00047015774973510084,4.296032642089492e-05,-0.000427197423340635,-4.296032642089492e-05
0.0004595708645200351,4.1897013017854266e-05,-0.00041767385152669564,-4.1897013017854266e-05
0.00044922000760188154,4.086001407990811e-05,-0.0004083599935447126,-4.086001407990811e-05
1.3,-0.4,-1.6799489622552248,0.4
1.2585252276348315,-0.39009952102901374,-1.629971248581563,0.39009952102901374
1.2182855783689637,-0.38044408769154475,-1.5813786487883137,0.38044408769154475
1.1792468018512587,-0.3710276403343037,-1.534137053732637,0.3710276403343037
1.1413754710271333,-0.36184426473515935,-1.4882129484038156,0.36184426473515935
1.1046389658573275,-0.352888189434966,-1.4435734121765138,0.352888189434966
1.0690054731219576,-0.34415378568216126,-1.4001861368900614,0.34415378568216126
1.0344439900717315,-0.3356355651253609,-1.3580194462190254,0.3356355651253609
1.0009243497429028,-0.32732818172720146,-1.3170423398671964,0.32732818172720146
0.9684171373308486,-0.3192264190864742,-1.2772244150781729,0.3192264190864742
0.9368936666454903,-0.3113251860390798,-1.2385358548001109,0.3113251860390798
0.9063259801112942,-0.30361951665802844,-1.2009474427034668,0.30361951665802844
0.8766868466223052,-0.29610456865606266,-1.164430573991693,0.29610456865606266
0.8479497850901573,-0.2887756244876649,-1.128957293751135,0.2887756244876649
0.8200890053507666,-0.28162808310330967,-1.0945002434391327,0.28162808310330967
0.7930793698939724,-0.2746574534435412,-1.0610326290353338,0.2746574534435412
0.7668963937794837,-0.26785935442110353,-1.0285282327163459,0.26785935442110353
0.7415162417629562,-0.26122951395296945,-0.9969614202976167,0.26122951395296945
0.7169157432985642,-0.2547637691049216,-0.9663071670315679,0.2547637691049216
0.693072357168084,-0.24845806135556286,-0.9365410279105294,0.24845806135556286
0.6699641236428445,-0.2423084290160396,-0.9076390922190662,0.2423084290160396
0.6475696634359958,-0.23631100703724248,-0.8795779912479371,0.23631100703724248
0.6258681753242263,-0.23046202643177535,-0.8523349038400029,0.23046202643177535
0.6048394435359069,-0.22475781383447865,-0.825887571371519,0.22475781383447865
0.5844638194845627,-0.2191947890586708,-0.8002142847234051,0.2191947890586708
0.5647221706562978,-0.2137694573617736,-0.7752938328962544,0.2137694573617736
0.5455958778959825,-0.20847840898665826,-0.7511055064928738,0.20847840898665826
0.5270668337313859,-0.20331831881912907,-0.7276291019701377,0.20331831881912907
0.5091174445117882,-0.1982859456485018,-0.7048449289608721,0.1982859456485018
0.4917306227273641,-0.19337813109022017,-0.6827338070995875,0.19337813109022017
0.4748897372994448,-0.18859179226853517,-0.661277014457576,0.18859179226853517
0.45857860910576465,-0.18392392109812633,-0.6404562872099095,0.18392392109812633
0.4427815098655977,-0.17937158407788664,-0.6202538228638999,0.17937158407788664
0.42748316124157726,-0.17493192144684847,-0.6006522828103495,0.17493192144684847
0.4126687328012849,-0.17060214683326744,-0.5816347939465358,0.17060214683326744
0.3983237963947321,-0.16637954063720886,-0.5631849003699958,0.16637954063720886
0.38443432033613556,-0.16226144912462515,-0.5452865601553427,0.16226144912462515
0.3709866686479374,-0.15824528429548093,-0.5279241477267039,0.15824528429548093
0.3579675987090035,-0.1543285230518069,-0.5110824537468492,0.1543285230518069
0.34536426165174117,-0.15050870717188886,-0.49474668834569696,0.15050870717188886
0.3331641618725274,-0.146783437470209,-0.4789024375901916,0.146783437470209
0.32135515058085284,-0.14315037280985415,-0.4635356585403081,0.14315037280985415
0.3099254252354537,-0.1396072300073683,-0.44863268090429487,0.1396072300073683
0.2988635267095327,-0.1361517830720698,-0.4341802056212884,0.1361517830720698
0.2881583402684697,-0.13278186327346236,-0.4201653079265675,0.13278186327346236
0.27779906022219647,-0.12949535403708304,-0.40657539887497235,0.12949535403708304
0.2677751836153897,-0.12629018998565644,-0.39339821983394396,0.12629018998565644
0.2580765097362897,-0.12316435685756738,-0.38062184354159245,0.12316435685756738
0.24869313734320625,-0.12011589084319439,-0.3682346722020365,0.12011589084319439
0.23961546520211488,-0.11714287861312976,-0.35622543947157903,0.11714287861312976
0.2308341614366578,-0.1142434528647269,-0.3445831767400005,0.1142434528647269
0.2223401580116366,-0.11141579148428397,-0.33329720801158325,0.11141579148428397
0.21412465022690846,-0.10865811746343046,-0.32235715045813984,0.10865811746343046
0.20617909431454465,-0.10596869834515923,-0.31175291253434645,0.10596869834515923
0.19849520691452596,-0.10334584612429887,-0.3014746943484778,0.10334584612429887
0.19106493865692975,-0.10078791336998226,-0.29151295833302915,0.10078791336998226
0.1838804698557027,-0.09829329256860489,-0.2818584251428064,0.09829329256860489
0.1769342099156896,-0.0958604160254377,-0.2725020737609375,0.0958604160254377
0.17021879550026286,-0.09348775543162816,-0.2634351399801994,0.09348775543162816
0.16372708846051298,-0.09117382155934459,-0.2546491147219021,0.09117382155934459
0.15745215339682997,-0.08891716092491803,-0.2461357189315323,0.08891716092491803
0.15138725470441675,-0.08671635533406705,-0.23788690076747027,0.08671635533406705
0.14552585582977895,-0.08457002175708708,-0.2298948352872785,0.08457002175708708
0.13986161814247522,-0.08247681202845047,-0.22215192353718846,0.08247681202845047
0.1343883968938106,-0.08043541226144851,-0.21465078840979707,0.08043541226144851
0.1291002227615665,-0.07844454006091887,-0.2073842538655521,0.07844454006091887
0.12399130013669116,-0.07650294425624195,-0.20034534336627777,0.07650294425624195
0.11905600617401518,-0.07460940473907202,-0.19352727914847667,0.07460940473907202
0.11428889041617528,-0.07276273230161631,-0.18692348204400316,0.07276273230161631
0.10968466848603488,-0.07096176770937368,-0.18052756458286434,0.07096176770937368
0.10523820777316653,-0.06920537950126324,-0.17433331479936398,0.06920537950126324
0.10094452666887951,-0.06749246386852342,-0.16833469563186493,0.06749246386852342
0.09679879336442705,-0.06582194444430071,-0.16252584377720186,0.06582194444430071
0.09279632614844004,-0.06419277227279517,-0.15690107020469618,0.06419277227279517
0.08893258480278077,-0.06260392451447984,-0.15145485049259463,0.06260392451447984
0.08520316056261303,-0.06105440287296543,-0.14618181343405418,0.06105440287296543
0.0816037759191188,-0.05954323356316284,-0.14107674100525294,0.05954323356316284
0.07813028311561888,-0.058069467040370165,-0.13613456677510657,0.058069467040370165
0.07477866490406695,-0.05663217807557261,-0.13135037690757767,0.05663217807557261
0.07154502399303544,-0.055230464122772105,-0.12671939814101157,0.055230464122772105
0.06842557720126413,-0.05386344438415234,-0.12223699115638789,0.05386344438415234
0.0654166553607789,-0.05253025979361791,-0.11789865060008836,0.05253025979361791
0.06251470189791843,-0.0512300727460166,-0.11370000352155765,0.0512300727460166
0.05971627283039542,-0.049962067087427064,-0.10963680947846574,0.049962067087427064
0.05701802593449466,-0.04872544639187379,-0.10570494809434565,0.04872544639187379
0.0544167182151105,-0.047519433548599284,-0.10190041621786927,0.047519433548599284
0.05190920554621061,-0.04634327069873853,-0.09821932759396981,0.04634327069873853
0.04949244198460619,-0.04519621907911859,-0.09465791210907418,0.04519621907911859
0.04716347722151651,-0.044077558620634436,-0.09121251292304577,0.044077558620634436
0.04491944801583757,-0.04298658655082901,-0.08787957658301121,0.04298658655082901
0.042757577450004865,-0.04192261726965382,-0.08465565222473669,0.04192261726965382
0.04067517422587623,-0.040884982220084125,-0.08153739080402791,0.040884982220084125
0.03866963267893256,-0.03987302985774759,-0.07852154514076704,0.03987302985774759
0.03673842740043104,-0.03888612477958694,-0.07560496372702054,0.03888612477958694
0.03487910818308107,-0.03792364687777122,-0.07278458487960215,0.03792364687777122
0.033089299910967374,-0.03698499132053156,-0.07005743665873201,0.03698499132053156
0.031366701636661255,-0.03606956837198838,-0.06742063580976876,0.03606956837198838
0.029709086463661192,-0.03517680336580459,-0.0648713876607483,0.03517680336580459
0.02811429468151011,-0.03430613555415581,-0.062406978146352106,0.03430613555415581
0.026580232012625087,-0.0334570178068938,-0.06002477178974798,0.0334570178068938
0.025104869313493712,-0.032628916555876415,-0.05772221138114638,0.032628916555876415
0.02368624222398141,-0.031821311707934105,-0.05549681757083458,0.031821311707934105
0.022322448669028657,-0.031033696226749712,-0.05334618598167571,0.031033696226749712
0.02101164387827525,-0.0302655752731187,-0.051267981396215065,0.0302655752731187
0.019752040100198348,-0.029516466154492757,-0.049259937444807986,0.029516466154492757
0.018541905948319184,-0.02878589819636174,-0.04731985584601721,0.02878589819636174
0.01737956642286916,-0.028073412735085092,-0.04544560644221555,0.028073412735085092
0.01626339814715262,-0.027378562292022415,-0.04363512163032819,0.027378562292022415
0.015191827469329325,-0.026700910236285763,-0.04188639414471627,0.026700910236285763
0.014163330272696211,-0.02604003074819877,-0.0401974768477356,0.02604003074819877
0.013176431647061185,-0.02539550874094511,-0.03856648233843171,0.02539550874094511
0.012229704152146487,-0.024766939557767677,-0.03699158092785092,0.024766939557767677
0.011321764001818058,-0.02415392828833128,-0.03547099615349593,0.02415392828833128
0.010451270797191247,-0.023556089719834486,-0.03400300447599925,0.023556089719834486
0.009616927032332166,-0.022973048235484315,-0.03258593469491311,0.022973048235484315
0.008817477985867288,-0.022404437788266143,-0.03121816782484565,0.022404437788266143
0.008051708040923256,-0.02184990123603176,-0.029898132760797915,0.02184990123603176
0.007318439477146892,-0.021309090118270937,-0.028624304856272893,0.021309090118270937
0.006616532267973912,-0.020781664615069043,-0.027395205688070898,0.020781664615069043
0.005944883895743665,-0.020267293498416515,-0.026209402830686714,0.020267293498416515
0.005302427449385787,-0.019765653785852388,-0.025065507615169267,0.019765653785852388
0.004688129217697056,-0.019276430290424227,-0.023962172279370364,0.019276430290424227
0.004100988560161725,-0.01879931559550499,-0.02289808981991778,0.01879931559550499
0.0035400375785020863,-0.01833400998084528,-0.021871993595728483,0.01833400998084528
0.0030043405333843726,-0.017880221312573504,-0.020882656640219713,0.017880221312573504
0.002492991063056339,-0.017437664516730327,-0.01992888835872062,0.017437664516730327
0.0020051117699756973,-0.01700606149943293,-0.01900953403997376,0.01700606149943293
0.001539853933480588,-0.016585141084835924,-0.018123474511138125,0.016585141084835924
0.0010963974006294387,-0.016174638987647604,-0.01726962600520002,0.016174638987647604
0.000673948316244326,-0.01577429737820782,-0.016446937459966005,0.01577429737820782
0.0002717381706601723,-0.015383864695802283,-0.015654389382644608,0.015383864695802283
-0.00011097634374205174,-0.015003095617655244,-0.014890993678600755,0.015003095617655244
-0.00047491346707735085,-0.014631751022935662,-0.014155793483823549,0.014631751022935662
-0.0008207677830656707,-0.014269597718678556,-0.013447861482579657,0.014269597718678556
-0.001149211652231406,-0.013916408154506593,-0.012766298191567568,0.013916408154506593
-0.0014608953168251293,-0.013571960400438579,-0.012110231835192279,0.013571960400438579
-0.0017564470737150366,-0.013236038103291187,-0.011478818131300408,0.013236038103291187
-0.0020364739804788886,-0.012908430346410388,-0.010871239446903894,0.012908430346410388
-0.002301563563094521,-0.012588931304437341,-0.01028670274722127,0.012588931304437341
-0.002552283968530399,-0.012277340211748228,-0.009724439413296083,0.012277340211748228
-0.0027891842203348516,-0.01197346130315996,-0.0091837049287625,0.01197346130315996
-0.0030127942497571994,-0.011677103805670611,-0.008663778841990023,0.011677103805670611
-0.0032236267048144883,-0.011388081566999154,-0.00816396258702236,0.011388081566999154
-0.003422177378330375,-0.011106212966170186,-0.007683578967440965,0.011106212966170186
-0.0036089253393338707,-0.010831320883583326,-0.007221971996252406,0.010831320883583326
-0.003784332949660762,-0.010563232689093625,-0.0067785068684966,0.010563232689093625
-0.003948846719049886,-0.010301780066103553,-0.0063525689313101655,0.010301780066103553
-0.00410289857262241,-0.010046798742439422,-0.0059435621483217484,0.010046798742439422
-0.004246905889313434,-0.009798128482022802,-0.00555090905378927,0.009798128482022802
-0.004381271732132535,-0.009555613029422547,-0.0051740504677306445,0.009555613029422547
-0.004506384670857706,-0.009319100144075498,-0.004812445708222385,0.009319100144075498
-0.004622620170202733,-0.009088441303993625,-0.004465570907685342,0.009088441303993625
-0.0047303412261881185,-0.00886349156624315,-0.00413291823766884,0.00886349156624315
-0.004829898377374455,-0.00864410956431747,-0.003813995895606422,0.00864410956431747
-0.004921629923379008,-0.008430157452102066,-0.003508327830841345,0.008430157452102066
-0.005005861744354401,-0.008221500943070963,-0.003215453964873929,0.008221500943070963
-0.00508290871365479,-0.008018008999247836,-0.002934928468172237,0.008018008999247836
-0.005153075091105021,-0.007819553742333916,-0.002666319278492363,0.007819553742333916
-0.005216654530763032,-0.007626010451836461,-0.0024092080916676695,0.007626010451836461
-0.005273930287458735,-0.007437257510439081,-0.002163190100836907,0.007437257510439081
-0.005325174986138841,-0.007253176455613365,-0.001927874279073768,0.007253176455613365
-0.005370651882788687,-0.007073651694882835,-0.0017028818340838678,0.007073651694882835
-0.00541061526306671,-0.006898570413061657,-0.0014878457171266556,0.006898570413061657
-0.005445310442304445,-0.006727822572254609,-0.001282410623305765,0.006727822572254609
-0.0054749739325948,-0.006561300867387974,-0.0010862327802837642,0.006561300867387974
-0.005499833229060237,-0.006398900771177262,-0.000898980207230774,0.006398900771177262
-0.00552010767026491,-0.006240520337838276,-0.0007203316583649011,0.006240520337838276
-0.005536009068549116,-0.006086060052269715,-0.0005499758420215621,0.006086060052269715
-0.005547741710600219,-0.005935422829912285,-0.0003876114201408695,0.005935422829912285
-0.005555502426689218,-0.005788513998247788,-0.0002329469207161556,0.005788513998247788
-0.005559480594249625,-0.005645241286245647,-8.570072383426268e-05,0.005645241286245647
-0.005559858283767855,-0.005505514795652063,5.4399112764612e-05,0.005505514795652063
-0.005556811235884663,-0.005369246762328651,0.00018761606929404255,0.005369246762328651
-0.005550508926589036,-0.005236351539851137,0.0003142052453794404,0.005236351539851137
-0.005541114567458829,-0.005106745599445133,0.0004344133602358262,0.005106745599445133
-0.005528785261650456,-0.0049803474844094045,0.0005484789541148668,0.0049803474844094045
-0.005513671739646926,-0.004857077873416491,0.0006566320606440435,0.004857077873416491
-0.005495919122558718,-0.0047368593944226095,0.00075909515611101,0.0047368593944226095
-0.0054756673597914545,-0.004619616512211892,0.0008560837094904045,0.004619616512211892
-0.005453051229045894,-0.004505275528396366,0.0009478061823567857,0.004505275528396366
-0.005428200354276866,-0.004393764576325752,0.0010344640518526382,0.004393764576325752
-0.005401239318249788,-0.004285013582488344,0.0011162519617679261,0.004285013582488344
-0.005372287439714651,-0.004178954327984862,0.001193357438171361,0.004178954327984862
-0.005341459626464492,-0.004075520228064899,0.00126596196286345,0.004075520228064899
-0.00530886655576679,-0.003974646283592936,0.0013342412022812767,0.003974646283592936
-0.00527461467436347,-0.0038762690810483632,0.0013983650074430027,0.0038762690810483632
-0.0052388062226852924,-0.003780326785290158,0.0014584974453458375,0.003780326785290158
-0.005201539309520162,-0.0036867591095219683,0.0015147969036208354,0.0036867591095219683
-0.005162907731567043,-0.003595507369440529,0.0015674158558945336,0.003595507369440529
-0.0051230017342755885,-0.003506514277929667,0.0016165018278904274,0.003506514277929667
-0.005081908137074852,-0.003419723909824828,0.001662197557854666,0.003419723909824828
-0.00503971033337329,-0.003335081701913093,0.0017046409965207048,0.003335081701913093
-0.004996488300705775,-0.003252534449780955,0.0017439653203756263,0.003252534449780955
-0.004952318700323819,-0.0031720302705284483,0.0017802990685052747,0.0031720302705284483
-0.004907274629516525,-0.003093518675883596,0.001813765821773096,0.003093518675883596
-0.004861426268658342,-0.0030169503921057862,0.0018444850299363302,0.0030169503921057862
-0.004814841054299333,-0.0029422773092213374,0.0018725722354759958,0.0029422773092213374
-0.004767583679165162,-0.002869452481023476,0.0018981390735744166,0.002869452481023476
-0.004719716092157111,-0.002798430125072358,0.001921293272094283,0.002798430125072358
-0.004671297582883749,-0.0027291655925776163,0.00194213876620809,0.0027291655925776163
-0.004622384602794038,-0.002661615415898815,0.001960775472013059,0.002661615415898815
-0.004573031059851663,-0.002595737230113112,0.0019772996596204,0.002595737230113112
-0.004523288690221796,-0.0025314896598027554,0.0019918044380382908,0.0025314896598027554
-0.004473207059892722,-0.002468832318537611,0.0020043797572966743,0.002468832318537611
-0.004422833564675843,-0.0024077258088751755,0.002015112408433943,0.0024077258088751755
-0.004372213445673748,-0.002348131716913133,0.002024086044400037,0.002348131716913133
-0.004321389839765051,-0.0022900125864971075,0.0020313812563218852,0.0022900125864971075
-0.004270403589276461,-0.0022333319845975635,0.0020370753177882187,0.0022333319845975635
-0.00421929374963047,-0.0021780543447557127,0.002041242849040607,0.0021780543447557127
-0.004168097684137344,-0.002124144936095012,0.00204395594274468,0.002124144936095012
-0.00411685106399511,-0.002071569863321159,0.0020452841639816742,0.002071569863321159
-0.004065587868289557,-0.002020296066722086,0.0020452945502405645,0.002020296066722086
-0.004014340414319907,-0.001970291310426449,0.0020440516534778793,0.001970291310426449
-0.003963139335872507,-0.0019215241792951184,0.0020416175214930917,0.0019215241792951184
-0.003912013511883582,-0.0018739641121873546,0.00203805159331899,0.0018739641121873546
-0.0038609904891320655,-0.0018275812616979788,0.002033411262170957,0.0018275812616979788
-0.0038100965168294454,-0.0017823464820113702,0.0020277519221774086,0.0017823464820113702
-0.003759356546619779,-0.0017382313289014749,0.002021126968374801,0.0017382313289014749
-0.0037087942325796865,-0.0016952080597318006,0.0020135877967029786,0.0016952080597318006
-0.0036584319540525117,-0.0016532496239681936,0.0020051838363222083,0.0016532496239681936
-0.0036082908063110176,-0.0016123296558349402,0.0019959625476157344,0.0016123296558349402
-0.0035583905013554383,-0.0015724225187873384,0.0019859692785116367,0.0015724225187873384
-0.0035087497384285373,-0.001533503175400594,0.001975247765105187,0.001533503175400594
-0.0034593862413319176,-0.0014955471733889385,0.001963840182952834,0.0014955471733889385
-0.0034103167584260043,-0.0014585306456056145,0.0019517871470692517,0.0014585306456056145
-0.0033615570626300594,-0.0014224303100428886,0.0019391277119245967,0.0014224303100428886
-0.0033131219548339997,-0.0013872234683578713,0.0019258993763279484,0.0013872234683578713
-0.0032650253140273236,-0.0013528879775363623,0.0019121381618899635,0.0013528879775363623
-0.003217279914008972,-0.0013194023220037552,0.0018978783576197613,0.0013194023220037552
-0.0031698977106129015,-0.0012867455111921651,0.001883152909581123,0.0012867455111921651
-0.0031228899440590204,-0.0012548970389979085,0.0018679935637840026,0.0012548970389979085
-0.0030762671389531855,-0.0012238368837814981,0.001852430866182785,0.0012238368837814981
-0.0030300391042871965,-0.0011935455083676402,0.0018364941626746684,0.0011935455083676402
-0.0029842149334388048,-0.0011640038600452412,0.0018202115990981565,0.0011640038600452412
-0.0029388030244753252,-0.0011351933602529315,0.0018036101518497346,0.0011351933602529315
-0.0028938110497658777,-0.0011070959059453378,0.001786715596128537,0.0011070959059453378
-0.002849245894619616,-0.0010796939062672315,0.0017695524078992623,0.0010796939062672315
-0.0028051139159435572,-0.0010529701768887908,0.0017521441282134856,0.0010529701768887908
-0.0027614209617046353,-0.0010269079313911585,0.0017345133912851202,0.0010269079313911585
-0.0027181723709297097,-0.0010014907812664476,0.001716681924489466,0.0010014907812664476
-0.002675372973705557,-0.0009767027359177355,0.0016986705483623197,0.0009767027359177355
-0.0026330270911788783,-0.0009525282026590676,0.0016804991765991533,0.0009525282026590676
-0.002591138555207575,-0.0009289519752991961,0.0016621868471218713,0.0009289519752991961
-0.0025497106652940618,-0.0009059592422630727,0.0016437516708899258,0.0009059592422630727
-0.002508746154314824,-0.0008835356149928446,0.0016252107692282364,0.0008835356149928446
-0.0024682473963500953,-0.0008616670345650188,0.0016065805750390101,0.0008616670345650188
-0.002428216418262987,-0.0008403397659974911,0.001587876850073276,0.0008403397659974911
-0.002388654899699483,-0.0008195403982495443,0.0015691146849303595,0.0008195403982495443
-0.002349564173088436,-0.000799255844221846,0.0015503084990573966,0.000799255844221846
-0.0023109452236415766,-0.0007794733407564524,0.0015314720407488827,0.0007794733407564524
-0.0022727986949026874,-0.0007601804451892276,0.0015126183961430093,0.0007601804451892276
-0.0022351248981788067,-0.0007413650184102031,0.0014937600155921042,0.0007413650184102031
-0.002197923702772057,-0.0007230152874034192,0.001474908541354292,0.0007230152874034192
-0.002161194717569308,-0.0007051197602388078,0.001456075074190886,0.0007051197602388078
-0.002124937328314485,-0.0006876672061206855,0.0014372702305898864,0.0006876672061206855
-0.002089150697608577,-0.000670646655387759,0.001418504142765697,0.000670646655387759
-0.0020538337649096275,-0.0006540473995131196,0.001399786458658855,0.0006540473995131196
-0.002018985246532743,-0.0006378589911042477,0.0013811263419357877,0.0006378589911042477
-0.0019846036356500896,-0.0006220712439030107,0.001362532471988582,0.0006220712439030107
-0.001950687214601159,-0.0006066742228599854,0.0013440130661707093,0.0006066742228599854
-0.0019172340178304416,-0.0005916582519768358,0.0013255758348921242,0.0005916582519768358
-0.0018842418038394688,-0.0005770139456248782,0.0013072279222525692,0.0005770139456248782
-0.0018517081932411,-0.0005627321312083342,0.0012889761214324082,0.0005627321312083342
-0.0018196306763865703,-0.0005488038443154917,0.0012708268871683545,0.0005488038443154917
-0.001788006613365486,-0.0005352203287187051,0.0012527863357533228,0.0005352203287187051
-0.001756833234005832,-0.000521973036374397,0.001234860245036299,0.000521973036374397
-0.0017261076378739684,-0.0005090536274230574,0.0012170540544222115,0.0005090536274230574
-0.0016958267942746269,-0.0004964539701892421,0.0011993728648718124,0.0004964539701892421
-0.0016659875482847718,-0.0004841661354141647,0.0011818214507028366,0.0004841661354141647
-0.0016365866049770765,-0.00047218239103352633,0.0011644042490355458,0.00047218239103352633
-0.0016076204765919846,-0.00046049525108854796,0.0011471252580536751,0.00046049525108854796
-0.0015790855994993428,-0.00044909740307947325,0.0011299882266124577,0.00044909740307947325
-0.0015509783471644252,-0.00043798169840285995,0.0011129966767672761,0.00043798169840285995
-0.0015232950301479402,-0.00042714115235158244,0.001096153903773595,0.00042714115235158244
-0.0014960318961060272,-0.0004165689441148307,0.0010794629760868873,0.0004165689441148307
-0.001469185129790254,-0.0004062584167781092,0.0010629267353625721,0.0004062584167781092
-0.0014427508530476243,-0.0003962030773232394,0.0010465477964559577,0.0003962030773232394
-0.0014167251248205683,-0.00038639659662835697,0.001030328547422181,0.00038639659662835697
-0.0013911039490088488,-0.0003768327962542599,0.0010142711705917115,0.0003768327962542599
-0.0013658832258517232,-0.0003675056738900906,0.0009983775685067887,0.0003675056738900906
-0.0013410587717852917,-0.0003584094097761958,0.0009826493773558642,0.0003584094097761958
-0.001316626386227893,-0.0003495383122219726,0.0009670880882411042,0.0003495383122219726
-0.0012925818524691319,-0.00034088681672120595,0.0009516950489520423,0.00034088681672120595
-0.0012689209376698751,-0.0003324494859520678,0.0009364714639655406,0.0003324494859520678
-0.0012456393928622575,-0.0003242210097771191,0.0009214183944457625,0.0003242210097771191
-0.0012227329529496788,-0.00031619620524330866,0.0009065367582441395,0.00031619620524330866
-0.0012001973367068018,-0.0003083700165819724,0.0008918273298993431,0.0003083700165819724
-0.0011780282467795577,-0.00030073751520883553,0.0008772907406372616,0.00030073751520883553
-0.0011562213725275934,-0.00029329389297782073,0.0008629274879596138,0.00029329389297782073
-0.0011347723658246618,-0.00028603446436819717,0.0008487379092571691,0.00028603446436819717
-0.0011136768269075653,-0.0002789547051716455,0.0008347221289716074,0.0002789547051716455
-0.0010929303662383938,-0.00027205019351109953,0.0008208801794388909,0.00027205019351109953
-0.0010725286086249205,-0.0002653166045735549,0.0008072120102768339,0.0002653166045735549
-0.0010524671932205963,-0.0002587497106100672,0.0007937174883850818,0.0002587497106100672
-0.0010327417735245543,-0.00025234538093575365,0.0007803963979450997,0.00025234538093575365
-0.0010133480173816082,-0.0002460995819297924,0.0007672484404201564,0.0002460995819297924
-0.0009942816069822497,-0.0002400083770354218,0.0007542732345553103,0.0002400083770354218
-0.0009755382388626532,-0.0002340679267599417,0.0007414703163773999,0.0002340679267599417
-0.0009571136239046731,-0.00022827448867471294,0.0007288391391950303,0.00022827448867471294
-0.0009390034877022555,-0.00022262440962463284,0.0007163790817554987,0.00022262440962463284
-0.0009212035443923613,-0.00021711413385594664,0.0007040894139478961,0.00021711413385594664
-0.0009037095015340655,-0.00021174023326853844,0.000691969271429909,0.00021174023326853844
-0.0008865170974881831,-0.0002064993555118957,0.000680017744911468,0.0002064993555118957
-0.0008696221028127547,-0.0002013882208845796,0.0006682338846507569,0.0002013882208845796
-0.000853020320263043,-0.0001964036223342235,0.0006566167004542023,0.0001964036223342235
-0.0008367075847915357,-0.00019154242545753428,0.0006451651616764696,0.00019154242545753428
-0.0008206797635479449,-0.00018680156850029177,0.0006338781972204558,0.00018680156850029177
-0.0008049327558792045,-0.00018217806235734817,0.0006227546955372828,0.00018217806235734817
-0.0007894624933294746,-0.00017766899057262937,0.0006117935046262943,0.00017766899057262937
-0.000774264939640137,-0.0001732715093391335,0.0006009934320350479,0.0001732715093391335
-0.000759336090749799,-0.00016898284749893215,0.0005903532448593132,0.00016898284749893215
-0.0007446719679066497,-0.00016480029338753946,0.0005798716760110548,0.00016480029338753946
-0.0007302685961916676,-0.00016072122743710643,0.0005695473701384413,0.00016072122743710643
-0.0007161220317594827,-0.00015674311692990916,0.0005593789161132162,0.00015674311692990916
-0.0007022283713296559,-0.00015286348234410337,0.0005493648901762186,0.00015286348234410337
-0.0006885837521870994,-0.00014907989730560665,0.0005395038559859171,0.00014907989730560665
-0.0006751843521820786,-0.00014538998858809924,0.0005297943646184093,0.00014538998858809924
-0.0006620263897302116,-0.0001417914361130237,0.0005202349545674179,0.0001417914361130237
-0.0006491061238124667,-0.00013828197294958445,0.0005108241517442871,0.00013828197294958445
-0.0006364198539751667,-0.0001348593853147487,0.0005015604694779829,0.0001348593853147487
-0.0006239639203299847,-0.00013152151257324543,0.0004924424085150882,0.00013152151257324543
-0.0006117347035539478,-0.0001282662472375664,0.0004834684570198033,0.0001282662472375664
-0.0005997286248894328,-0.000125091534967965,0.0004746370905739408,0.000125091534967965
-0.0005879421450835537,-0.00012199537269295552,0.000465946772995812,0.00012199537269295552
-0.0005763717436434945,-0.0001189757987459012,0.00045739594545897037,0.0001189757987459012
-0.0005650139317975514,-0.0001160309380454908,0.00044898299427277566,0.0001160309380454908
-0.0005538652648620953,-0.00011315896429738308,0.0004407063010477106,0.00011315896429738308
-0.0005429223402696354,-0.00011035808906887972,0.0004325642516487694,0.00011035808906887972
-0.0005321817975688219,-0.00010762656178892623,0.000424555236195459,0.00010762656178892623
-0.0005216403184244448,-0.00010496266974811146,0.0004166776490617969,0.00010496266974811146
-0.0005112946266174365,-0.00010236473809866843,0.00040892988887631233,0.00010236473809866843
-0.0005011414880448675,-9.983112985447316e-05,0.00040131035852204185,9.983112985447316e-05
-0.000491177710719949,-9.736024589104524e-05,0.0003938174651365303,9.736024589104524e-05
-0.0004814001447720343,-9.495052494554839e-05,0.0003864496201118313,9.495052494554839e-05
-0.00047180568244661544,-9.260044361678935e-05,0.00037920523909450415,9.260044361678935e-05
-0.00046239125810532437,-9.030851636521845e-05,0.0003720827419856135,9.030851636521845e-05
-0.00045315384822593565,-8.807329551293012e-05,0.0003650805529407309,8.807329551293012e-05
-0.0004440904642269584,-8.589336573306537e-05,0.000358197098705124,8.589336573306537e-05
-0.00043519813467791425,-8.376735081998932e-05,0.0003514307840538559,8.376735081998932e-05
-0.0004264739414932285,-8.16939388800269e-05,0.00034478000279494065,8.16939388800269e-05
-0.00041791500734688193,-7.967184643059886e-05,0.00033824316108485813,7.967184643059886e-05
-0.00040951849403106236,-7.769981617220811e-05,0.00033181867801521895,7.769981617220811e-05
-0.0004012816024561661,-7.577661698844014e-05,0.0003255049856127648,7.577661698844014e-05
-0.00039320157265079433,-7.390104394596221e-05,0.00031930052883936565,7.390104394596221e-05
-0.0003852756837617553,-7.207191829452372e-05,0.0003132037655920208,7.207191829452372e-05
-0.0003775012540540655,-7.028808746695664e-05,0.00030721316670285966,7.028808746695664e-05
-0.0003698756409109467,-6.854842507917474e-05,0.00030132721593913907,6.854842507917474e-05
-0.0003623962408338279,-6.685183093017402e-05,0.00029554441000324453,6.685183093017402e-05
-0.0003550604894423443,-6.519723100203259e-05,0.00028986325853268925,6.519723100203259e-05
-0.0003478658614743397,-6.358357745991103e-05,0.00028428228410011546,6.358357745991103e-05
-0.0003408098707858629,-6.200984865205176e-05,0.00027880002221329164,6.200984865205176e-05
-0.0003338900703511696,-6.047504910977937e-05,0.00027341502131511395,6.047504910977937e-05
-0.00032710403841330795,-5.8978203485003434e-05,0.00026812583499668835,5.8978203485003434e-05
-0.00032044937580975484,-5.751837152337826e-05,0.00026293100434980713,5.751837152337826e-05
-0.0003139237416658995,-5.609465636629663e-05,0.0002578290853584389,5.609465636629663e-05
-0.00030752482926603506,-5.470617917930746e-05,0.0002528186501413019,5.470617917930746e-05
-0.00030125036541786315,-5.3352078701757446e-05,0.00024789828676672693,5.3352078701757446e-05
-0.0002950981104524957,-5.203151124679138e-05,0.00024306659925265892,5.203151124679138e-05
-0.0002890658582244557,-5.074365070135242e-05,0.00023832220756665688,5.074365070135242e-05
-0.0002831514361116751,-4.9487688526181527e-05,0.0002336637476258925,4.9487688526181527e-05
-0.00027735270501549604,-4.8262833755817865e-05,0.00022908987129715107,4.8262833755817865e-05
-0.0002716675593606706,-4.7068312998598594e-05,0.00022459924639683078,4.7068312998598594e-05
-0.00026609392709536187,-4.5903370436659196e-05,0.00022019055669094396,4.5903370436659196e-05
-0.00026062976969114195,-4.476726782593302e-05,0.00021586250189511508,4.476726782593302e-05
-0.0002552730821429928,-4.365928449615149e-05,0.00021161379767458145,4.365928449615149e-05
-0.00025002189296930767,-4.257871735084436e-05,0.0002074431756441943,4.257871735084436e-05
-0.00024487426421188876,-4.152488086733923e-05,0.00020334938336841687,4.152488086733923e-05
-0.00023982829143594816,-4.049710709676181e-05,0.00019933118436132497,4.049710709676181e-05
-0.00023488208908944858,-3.949474175531521e-05,0.00019538734735466846,3.949474175531521e-05
-0.0002300337941409448,-3.8517156875474244e-05,0.0001915166372845182,3.8517156875474244e-05
-0.00022528159947371497,-3.756375413304022e-05,0.00018771784535834269,3.756375413304022e-05
-0.00022062372552488274,-3.6633946956382815e-05,0.0001839897785848881,3.6633946956382815e-05
-0.00021605841970814282,-3.57271602707768e-05,0.0001803312594525671,3.57271602707768e-05
-0.00021158395641376193,-3.484283049840226e-05,0.00017674112592945968,3.484283049840226e-05
-0.0002071986370085798,-3.398040555834471e-05,0.0001732182314633138,3.398040555834471e-05
-0.00020290078983600725,-3.313934486659482e-05,0.00016976144498154382,3.313934486659482e-05
-0.00019868877021602714,-3.23191193360485e-05,0.00016636965089123135,3.23191193360485e-05
-0.00019456096044519525,-3.151921137650717e-05,0.00016304174907912577,3.151921137650717e-05
-0.00019051576979663853,-3.073911489467734e-05,0.0001597766549116429,3.073911489467734e-05
-0.0001865516345200562,-2.9978335294170856e-05,0.00015657329923486586,2.9978335294170856e-05
-0.00018266701784171933,-2.923638947550483e-05,0.0001534306283745446,2.923638947550483e-05
-0.00017886040996447175,-2.8512805836101793e-05,0.00015034760413609673,2.8512805836101793e-05
-0.00017513032806772846,-2.7807124270289415e-05,0.0001473232038046062,2.7807124270289415e-05
-0.00017147531630747672,-2.711889616930067e-05,0.0001443564201448241,2.711889616930067e-05
-0.0001678939458162764,-2.6447684421273954e-05,0.00014144626140116898,2.6447684421273954e-05
-0.00016438480596739103,-2.5793066465668457e-05,0.00013859173950744245,2.5793066465668457e-05
-0.00016094650950578237,-2.515463972047343e-05,0.00013579186979061452,2.515463972047343e-05
-0.0001575777068201147,-2.4532010547818188e-05,0.00013304569627721778,2.4532010547818188e-05
-0.000154277069752125,-2.392479318210936e-05,0.00013035227657458046,2.392479318210936e-05
-0.00015104329141381356,-2.3332609756342677e-05,0.00012771068166170506,2.3332609756342677e-05
-0.00014787508618744466,-2.2755090302103094e-05,0.00012511999588926906,2.2755090302103094e-05
-0.00014477118972554517,-2.219187274956455e-05,0.00012257931697962364,2.219187274956455e-05
-0.00014173035895090542,-2.1642602927490127e-05,0.00012008775602679444,2.1642602927490127e-05
-0.00013875137205657885,-2.1106934563231972e-05,0.00011764443749648128,2.1106934563231972e-05
-0.0001358330285058828,-2.0584529282731438e-05,0.00011524849922605873,2.0584529282731438e-05
-0.0001329741490323973,-2.007505661051888e-05,0.00011289909242457521,2.007505661051888e-05
-0.0001301735756399656,-1.957819396971376e-05,0.00011059538167275332,1.957819396971376e-05
-0.00012743017160269488,-1.909362668202473e-05,0.00010833654492299045,1.909362668202473e-05
-0.00012474282146495498,-1.8621047967749456e-05,0.00010612177349935777,1.8621047967749456e-05
-0.00012211043104137903,-1.8160158945774703e-05,0.00010395027209760068,1.8160158945774703e-05
