x1,x2,xdot1,xdot2
-1.2,-0.8,1.168,2.464
-1.171278893482237,-0.7402765675190938,1.1246585810628171,2.3036896828283715
-1.1435926509202017,-0.6844417407833602,1.085328945931146,2.153565972309937
-1.116847239692732,-0.6322493675266986,1.0494986409017686,2.012907389138962
-1.090960670947233,-0.5834705379011681,1.0167248606513462,1.8810581871345182
-1.0658612797383435,-0.5378921514114978,0.9866238618185816,1.7574204634102712
-1.0414863089488797,-0.4953152827796849,0.9588622946717424,1.6414468045961466
-1.0177808929547276,-0.4555542827289653,0.9331501659579517,1.5326353330961642
-0.9946968703766407,-0.41843550485780145,0.909234555228059,1.430524128077853
-0.972192062024881,-0.38379639932651255,0.8868947129855419,1.334687241931539
-0.9502294547821721,-0.35148476658200056,0.8659376306909343,1.2447311432053756
-0.9287765323239,-0.3213577962094567,0.8461943997933791,1.1602911006162784
-0.9078047923545117,-0.2932815545228617,0.827517158395678,1.0810288336588143
-0.8872891592180755,-0.2671302715949825,0.8097763228912596,1.0066297744295165
-0.8672076256129804,-0.24278574602346725,0.7928583998628629,0.9368009315997163
-0.8475408456889525,-0.22013693557541467,0.7766639457495069,0.8712691622175162
-0.8282717885637942,-0.199079353027983,0.7611058849746997,0.8097791994943659
-0.8093854950723105,-0.17951472701810153,0.7461080610144624,0.7520923818162726
-0.790868767623226,-0.16135058789232246,0.7316038922122508,0.697985220345773
-0.7727099817054965,-0.1444998497848871,0.7175353129475912,0.6472481290661596
-0.7548988719489736,-0.12888056216451763,0.7038517425797712,0.599684508450935
-0.7374263446062183,-0.11441551582787782,0.69050924126089,0.555109599887329
-0.7202843487136567,-0.10103200276812878,0.6774697621959903,0.5133497313373715
-0.7034657052919343,-0.0886615511104889,0.664700442648819,0.4742415013341049
-0.6869640095525807,-0.07723963577566434,0.6521730536879815,0.43763100180366366
-0.6707735091062097,-0.06670550592937403,0.6398634322079967,0.4033732721699431
-0.6548890073387158,-0.057001915579971765,0.6277510340872023,0.3713315983197967
-0.6393057895871996,-0.048074957904960657,0.6158185108204808,0.341377051369749
-0.6240195309215228,-0.03987386714685329,0.6040513212730748,0.313387959276617
-0.6090262472716709,-0.032350829985527484,0.5924374209519111,0.2872494418905436
-0.594322222281967,-0.025460846591579465,0.5809669332323777,0.26285303552206435
-0.5799039661338543,-0.019161543804934275,0.5696319065287032,0.2400962535725332
-0.5657681658448063,-0.01341305895197224,0.5584260523021345,0.21888228839398222
-0.5519116466800238,-0.008177878086569007,0.5473445415223402,0.19911963561777127
-0.5383313404537389,-0.0034207239151352346,0.5363838028510491,0.18072182709910203
-0.5250242525104066,0.0008915778179118714,0.5255413503463953,0.163607123798643
-0.5119874405025338,0.004790207028802762,0.5148156268624133,0.14769826948179582
-0.49921798936235356,0.008304462527314396,0.5042058622211713,0.13292223548716575
-0.48671299593852135,0.011461861792911626,0.493711948057624,0.11921000066344739
-0.474469551928308,0.014288242529407127,0.48333432563309847,0.10649632836541532
-0.4624847326499468,0.016807849978226895,0.4730738834252931,0.09471957680412184
-0.4507555859701455,0.01904343061394436,0.4629318704038736,0.0838214977420848
-0.43927912561896215,0.021016309190368322,0.45290981406942427,0.0737470717419993
-0.4280523229380064,0.022746471307798846,0.4430094503402484,0.06444433208797629
-0.4170721058119007,0.024252638082773424,0.4332326648253332,0.05586420870227712
-0.4063353510213077,0.0255523313640829,0.4235814299580007,0.0479603877655998
-0.3958388880506413,0.026661951765232342,0.4140577699438661,0.040689151645436204
-0.38557949313776463,0.027596827738370185,0.404663704194878,0.03400927184028491
-0.37555389349034657,0.02837129115136175,0.39540122555751467,0.027881853846731655
-0.3657587675627808,0.028998723691792967,0.38627226130385073,0.02227023824584065
-0.3561907445507549,0.02949161335860915,0.3772786461331993,0.01713988118495438
-0.3468464118213955,0.029861613726161022,0.36842211068986414,0.012458232583704196
-0.3377223125894438,0.030119578910076262,0.35970424842453513,0.008194658432304665
-0.32881495260447013,0.030275623629448526,0.3511265140348883,0.004320316574870912
-0.32012080453170394,0.03033916148064942,0.34269020858675114,0.0008080747351163972
-0.3116363077571679,0.03031894043193726,0.3343964620680504,-0.0023675678763623725
-0.3033578775618937,0.0302230964798866,0.32624624252059087,-0.005230591832459074
-0.2952819071096348,0.03005917958432793,0.3182403411949136,-0.007803516368874067
-0.2874047700398633,0.029834189261159993,0.31037936865787974,-0.01010747741731996
-0.2797228290944399,0.029554618923147463,0.30266376672319467,-0.012162321176336588
-0.2722324374604898,0.02922647569499536,0.2950937973820225,-0.013986651386583025
-0.2649299426694362,0.028855313150412915,0.2876695466529311,-0.015597901587127386
-0.2578116941319075,0.02844626821369511,0.2803909378656799,-0.017012414648691673
-0.2508740445785626,0.02800407730083511,0.2732577249696767,-0.018245482855746252
-0.24411335382149799,0.027533103595603917,0.26626949880923184,-0.019311409482819918
-0.23752599547808306,0.02703736979385775,0.2594257027316247,-0.020223580471002894
-0.23110835861525333,0.02652057124665899,0.25272562930962894,-0.02099449844021606
-0.2248568506580116,0.02598609665778526,0.24616842583150544,-0.021635831342866927
-0.218767903386881,0.025437058324362046,0.23975311217688267,-0.022158479317349072
-0.21283797465881804,0.024876303025350162,0.23347858012183656,-0.02257260397657972
-0.207063550699864,0.024306427726676606,0.22734359824260839,-0.02288766703629212
-0.20144115067155205,0.02372980407090334,0.22134682751265278,-0.023112485831479315
-0.19596732886017543,0.02314859184881042,0.2154868265397972,-0.023255267309265557
-0.1906386763296714,0.022564749315932938,0.2097620544925641,-0.023323635684228346
-0.18545182392622886,0.021980049448409124,0.20417088116648105,-0.023324671498279253
-0.1804034449308764,0.0213960989224839,0.19871159989040196,-0.02326495607921115
-0.1754902557915653,0.020814343354703956,0.19338242759470886,-0.023150588782734502
-0.170709018552305,0.02023607866489825,0.18818151231461763,-0.02298721592074177
-0.16605654280686966,0.019662466540451153,0.18310694437391034,-0.022780067835520463
-0.16152968653335892,0.01909454478322855,0.1781567626499218,-0.022533985787517984
-0.15712535688775534,0.018533232346011185,0.17332895663644596,-0.02225343802575968
-0.15284051268135967,0.017979338437012864,0.16862147407486475,-0.02194254348400521
-0.1486721647383689,0.017433575930186553,0.1640322306904182,-0.02160510431957749
-0.14461737594945798,0.01689656739269573,0.15955911355104585,-0.021244623529487344
-0.14067326183709916,0.016368849118822786,0.15519998343747063,-0.020864318280112138
-0.13683699314336428,0.015850878662430738,0.15095268254591715,-0.020467139709351198
-0.13310579493203292,0.015343044497367215,0.14681504092180042,-0.020055797408041393
-0.1294769459739408,0.014845671971818183,0.14278488013148544,-0.019632776220393094
-0.12594777876785823,0.014359024587551585,0.13886001355374966,-0.019200343389168754
-0.12251568173093441,0.0138833112799285,0.13503825433394834,-0.01876056719785963
-0.119178099548748,0.013418690629401476,0.13131741894003376,-0.01831532961157218
-0.11593253039219746,0.012965279196507386,0.1276953314891109,-0.0178663474311321
-0.11277652577280022,0.012523152205560415,0.12416982390038697,-0.017415177551890988
-0.109707690340516,0.012092345567683686,0.12073873726577572,-0.016963224743457045
-0.10672368493371633,0.011672862262774452,0.11739993049696516,-0.016511757570050217
-0.1038222259275461,0.011264674323148358,0.11415128140063195,-0.01606191588836646
-0.10100108072911294,0.0108677292843605,0.11099068809123998,-0.015614727583651726
-0.09825806764794233,0.010481950467433969,0.10791606915688709,-0.015171112220123371
-0.09559105589512037,0.010107236996719147,0.10492536372648063,-0.014731884013151876
-0.09299796671910034,0.009743468484375463,0.10201653699720496,-0.014297763880418791
-0.09047677548694427,0.009390508849848945,0.09918758596806046,-0.013869389558188939
-0.08802550635211126,0.009048207320964613,0.09643653524827045,-0.01344732078080188
-0.08564223096589733,0.008716400519632387,0.09376143789633483,-0.01303204600437511
-0.08332506847743566,0.008394912461847107,0.09116037561468637,-0.012623984701632607
-0.0810721856877153,0.008083556664620887,0.08863146106679115,-0.012223493753931738
-0.07888179934094121,0.007782139763086615,0.08617284375423985,-0.011830876565814523
-0.07675217186681085,0.0074904615507379955,0.08378270606370566,-0.011446385569712508
-0.07468160911166881,0.007208316317919284,0.0814592625003016,-0.011070226992133711
-0.07266846033735842,0.006935492853926052,0.07920075992138403,-0.010702562631170764
-0.07071111832217893,0.0066717755831184385,0.07700547893515583,-0.010343513813612964
-0.06880802097675733,0.006416947825845582,0.07487173881811687,-0.009993169401248439
-0.06695764788475711,0.006170791068581966,0.07279789362890667,-0.009651586171008461
-0.06515851789833614,0.005933085689021334,0.0707823307313091,-0.009318791905217994
-0.063409189121511,0.005703610978499434,0.06882347102224147,-0.008994786797970339
-0.06170825895348979,0.005482146198967955,0.0669197701946443,-0.008679546864093338
-0.06005436521293064,0.00526847261883522,0.06506972200875318,-0.008373029168993608
-0.05844618255780278,0.005062372774931783,0.06327185424203112,-0.00807517179651556
-0.0568824208500473,0.004863630706968295,0.06152472748602921,-0.007785895532879453
-0.055361825132692125,0.004672031980816638,0.059826935339479706,-0.007505104952419607
-0.053883175801495146,0.004487364938859558,0.05817710596124588,-0.007232691897046216
-0.052445288942262074,0.004309421556273865,0.05657390341158171,-0.0069685381132053165
-0.05104701269740933,0.00413799672842209,0.05501602352860134,-0.006712514953646498
-0.049687226566582074,0.00397288831135826,0.05350219343662019,-0.006464484332389205
-0.04836484133032365,0.0038138972321488684,0.052031171734886084,-0.006224299738153307
-0.04707879950689,0.003660828792276649,0.050601750359374136,-0.00599180956674733
-0.045828074378509435,0.003513492540153498,0.04921275364069614,-0.00576685763956168
-0.04461166716951811,0.0033717017082616476,0.04786303509025667,-0.00554928290793698
-0.04342860686526531,0.0032352732207102195,0.04655147735893237,-0.005338920104865777
-0.04227795009544154,0.0031040279552562787,0.045276992499508076,-0.00513560087194897
-0.04115878172283634,0.002977791807967824,0.044038523704372,-0.004939156428190796
-0.04007021272885455,0.0028563949439751237,0.04283504259039551,-0.004749416719068853
-0.03901137854833899,0.0027396714792883364,0.04166554733868604,-0.0045662103648315905
-0.03798143904812083,0.002627459483359581,0.04052906277770551,-0.004389365139419492
-0.03697957842992618,0.0025196014143897883,0.0394246408058235,-0.00421870929626654
-0.03600500563841595,0.0024159446852303683,0.03835136144203526,-0.004054073111847318
-0.035056951753490426,0.002316340765469933,0.037308329441792576,-0.003895287611191933
-0.03413466926032948,0.002220645036600244,0.03629467350983457,-0.0037421846858932384
-0.03323743200388254,0.002128716804626593,0.035309546344469686,-0.003594597477525557
-0.0323645352509138,0.00204041982613673,0.0343521252855388,-0.0034523617670688747
-0.0315152955428398,0.0019556223924881385,0.03342161232119237,-0.003315316473084754
-0.030689048366938955,0.0018741965412312138,0.03251723106152778,-0.0031833024686614363
-0.029885147865011622,0.0017960179971742514,0.03163822645145486,-0.0030561627566003374
-0.029102966756888844,0.0017209661985092247,0.03078386477774611,-0.002933742792586903
-0.028341896521052394,0.0016489248125149787,0.029953434408441535,-0.002815891765983932
-0.02760134681770481,0.001579781521548757,0.029146245061115593,-0.00270246243540678
-0.026880743608629624,0.0015134273902586578,0.028361625355970026,-0.002593310154345586
-0.026179529035640973,0.0014497568408773942,0.027598922715470074,-0.002488293037438007
-0.025497161330420747,0.0013886676821508598,0.026857503345430692,-0.002387272222756018
-0.024833115032965113,0.0013300615602865695,0.026136752935869666,-0.002290112959228852
-0.024186880276418847,0.0012738436416566874,0.02543607567515423,-0.0021966841768098835
-0.023557961229761115,0.001219922084193711,0.024754892212224617,-0.0021068576460056654
-0.022945876030917047,0.0011682080232011947,0.024092639608935283,-0.0020205081103066612
-0.022350156702486464,0.0011186155892192848,0.023448771304738634,-0.0019375134756631491
-0.021770349334836778,0.0010710622770162019,0.022822757691908974,-0.0018577556879359068
-0.021206013515511934,0.0010254686783995111,0.022214085311788347,-0.0017811203512669773
-0.020656720903599938,0.0009817579841024278,0.021622254967164377,-0.0017074958971113221
-0.02012205516363716,0.0009398559683049349,0.02104678166503001,-0.0016367736742047957
-0.019601611907922884,0.0008996909917264901,0.020487194584723874,-0.0015688480698196857
-0.0190949987683618,0.0008611942677873761,0.019943037433363,-0.001503617148796509
-0.018601835200152256,0.0008242997667378801,0.01941386817615703,-0.0014409825697875862
-0.018121751050301654,0.0007889436907276076,0.018899257108104403,-0.0013808486647777496
-0.01765438643781667,0.0007550644419489178,0.01839878672021069,-0.0013231224676003765
-0.017199391736861976,0.0007226026209124106,0.017912051697336662,-0.0012677137961539997
-0.01675642748666903,0.0006915011553562509,0.01743865897085194,-0.0012145355934429034
-0.01632516464337196,0.0006617054419260763,0.01697822812507015,-0.0011635042834722315
-0.015905283210473128,0.0006331628081103251,0.016530389511558385,-0.0011145387958174352
-0.015496471941697938,0.0006058224237452455,0.016094783877290207,-0.0010675604619065921
-0.015098428340994783,0.0005796353010148918,0.015671062376364647,-0.001022493079008891
-0.014710858554365417,0.0005545543151425302,0.015258886493435328,-0.0009792630146411327
-0.014333477638219018,0.0005305344467396176,0.014857928562055719,-0.0009377997447560404
-0.013966008840619104,0.0005075324453752834,0.014467870723899177,-0.0008980352489888163
-0.013608182837442076,0.00048550658105639513,0.014088403928639434,-0.0008599035780304385
-0.013259737726096902,0.0004644166428521013,0.01371922793464512,-0.0008233408989652761
-0.012920419004507022,0.0004442239365431105,0.01336005129353656,-0.0007882855367350053
-0.012589979508890927,0.0004248913832556857,0.013010591393099659,-0.0007546782160907954
-0.012268179625127367,0.00040638360027327836,0.012670574755796759,-0.0007224622617579225
-0.011954786205831508,0.0003886664962139706,0.012339735562151392,-0.0006915828444916576
-0.011649572371194142,0.0003717072139601891,0.01201781540108239,-0.0006619869060613643
-0.011352317508981644,0.0003554741306587034,0.011704563275482374,-0.0006336231936225681
-0.01106280721711768,0.00033993685668751855,0.011399735549075977,-0.0006064422912611705
-0.010780833393266446,0.00032506638046161777,0.011103096184536455,-0.0005803969397312142
-0.010506194107556488,0.0003108349758053418,0.010814416529288847,-0.0005554418828352908
-0.010238692750509055,0.00029721591784532907,0.01053347418638368,-0.0005315333381470622
-0.009978137983199395,0.000284183470502163,0.010260052956196586,-0.000508628998437266
-0.009724343737256735,0.0002717128864903707,0.009993942840142246,-0.00048668805630854684
-0.009477129145727242,0.0002597804084168951,0.00973493997616006,-0.0004656712307269146
-0.009236318687501908,0.00024836340658108844,0.009482846923224198,-0.0004455410634239187
-0.009001741949461628,0.00023744024575398065,0.009237472294559053,-0.00042626167663314295
-0.008773232952667529,0.00022699007673373215,0.008998629879944358,-0.0004077983836024015
-0.0085506301316364,0.00021699283160976467,0.008766138622890714,-0.00039011769783070033
-0.00833377633434066,0.0002074292237627604,0.008539822623098586,-0.00037318735073103095
-0.00812251876707798,0.00019828074671906067,0.00831951108252794,-0.0003569763067652009
-0.007916709092009805,0.00018952978179903195,0.008105038512091418,-0.00034145499388955745
-0.007716203323851484,0.00018115951909631066,0.007896244552001075,-0.0003265951619516113
-0.007520861187548938,0.00017315376443885515,0.007692973139646636,-0.0003123695170762823
-0.007330546088273231,0.00016549693263632716,0.007495072474595832,-0.00029875172170127555
-0.007145125111420613,0.00015817404748009366,0.007302395020213806,-0.0002857164072454753
-0.006964469000595085,0.00015117073961683181,0.00711479748106803,-0.00027323918215751367
-0.006788452131348773,0.00014447330145618605,0.006932140832732006,-0.0002612967535086039
-0.006616952680135038,0.00013806871648088407,0.006754290521285074,-0.00024986699529908036
-0.006449851976041199,0.00013194445904701627,0.006581115617304285,-0.000238928563786327
-0.006287034404044209,0.00012608847178014577,0.006412488697776327,-0.0002284608626017102
-0.0061283874050106395,0.00012048916557530762,0.006248285847158146,-0.0002184440518390794
-0.005973801475696662,0.00011513541959700822,0.006088386658382075,-0.00020885905675139507
-0.005823170091944404,0.00011001658615003126,0.0059326741618591665,-0.00019968758634823303
-0.0056763899109584905,0.00010512258076506447,0.00578103511831806,-0.00019091232007739013
-0.005533360457336602,0.00010044375686355942,0.005633359580990229,-0.00018251666695662903
-0.005393983783156213,9.597082318767505e-05,0.005489540474292744,-0.00017448460974357877
-0.005258164467142247,9.169484366111405e-05,0.005349473593548353,-0.00016680071118411772
-0.005125809614667108,8.760723738912396e-05,0.005213057605640454,-0.00015945012025475965
-0.004996828849691942,8.369977777905194e-05,0.005080194040699538,-0.00015241857642623566
-0.0048711342527660954,7.996461560214892e-05,0.00495078725366579,-0.00014569246185921518
-0.0047486405863523765,7.639433029340149e-05,0.00482474470127186,-0.00013925890813579116
-0.004629264819682254,7.298179338677869e-05,0.00470197633143015,-0.0001331055311111087
-0.004512926001910193,6.972014210750483e-05,0.004582394430543959,-0.0001272203835557794
-0.004399545262113647,6.660277937205902e-05,0.004465913623931762,-0.00012159195963608606
-0.004289045809293043,6.362337378817493e-05,0.004352450876229442,-0.00011620919920382132
-0.004181352919402018,6.077585857308695e-05,0.0042419254777241655,-0.00011106148980421883
-0.004076393898238811,5.805445761385648e-05,0.004134259033583242,-0.0001061387228995538
-0.0039740982651541665,5.545371448346343e-05,0.00402937567682921,-0.00010143135475426604
-0.0038743973256129246,5.296838375501259e-05,0.003927201532916447,-9.693019472799523e-05
-0.003777224089466347,5.059341594489251e-05,0.003827664623275659,-9.262637879655809e-05
-0.0036825132709521137,4.832395751277524e-05,0.0037306948655730122,-8.851137263110743e-05
-0.003590201288694342,4.615535086161695e-05,0.0036362240739558445,-8.45769745472284e-05
-0.0035002262613865204,4.4083133936010264e-05,0.003544185954568061,-8.081531754348061e-05
-0.003412527947861882,4.210305264613389e-05,0.0034545160582329397,-7.721889709530473e-05
-0.003327047951820458,4.0211100951840574e-05,0.0033671520253634487,-7.378065305945352e-05
-0.003243729382956412,3.840343524373302e-05,0.0032820331619191003,-7.049380230155317e-05
-0.0031625167409042552,3.667635431070011e-05,0.003199100303547353,-6.735180133950041e-05
-0.0030833559152388243,3.5026299339916366e-05,0.0031182958157409337,-6.434834845980978e-05
-0.003006194185475298,3.3449853916842426e-05,0.0030395635939870604,-6.147738574521356e-05
-0.0029309802210691926,3.194374402522479e-05,0.0029628490639088774,-5.873310101667029e-05
-0.0028576640387264003,3.050483863963968e-05,0.0028880991393017297,-5.6109931024341316e-05
-0.0027861970999862877,2.9130187392784135e-05,0.002815262357424163,-5.360263821758507e-05
-0.0027165322522818337,2.7816986044874616e-05,0.0027442887857349065,-5.1206243603136785e-05
-0.0026486234753418728,2.656253281620674e-05,0.0026751297248396944,-4.8915941843934246e-05
-0.0025824258765700394,2.5364227840735336e-05,0.0026077377034201227,-4.672710163668355e-05
-0.002517895691044757,2.421957316607426e-05,0.0025420664783237005,-4.463526710555947e-05
-0.0024549902815192352,2.312617275349633e-05,0.002478071034649245,-4.263615913758033e-05
-0.002393668136864675,2.2081732361052276e-05,0.0024157075841543993,-4.072567643243983e-05
-0.0023338888172484726,2.1084065594940473e-05,0.0023549335165514813,-3.889990898311446e-05
-0.0022756131274710946,2.0131122954596734e-05,0.002295707601907558,-3.71551968456422e-05
-0.0022188028921794984,1.9220941803279443e-05,0.002237989715997767,-3.5488031841952425e-05
-0.0021634208458175355,1.8351631279992962e-05,0.0021817407152561956,-3.3895028706315204e-05
-0.0021094306326259627,1.7521372299487877e-05,0.002126922436829887,-3.237292604265929e-05
-0.002056796806642429,1.6728417552260732e-05,0.0020734976986300484,-3.0918587242232765e-05
-0.0020054848317014877,1.5971091504554246e-05,0.0020214302993806356,-2.9529001362997644e-05
-0.001955461079138736,1.5247790262936753e-05,0.001970685016233351,-2.8201283706657647e-05
-0.0019066927799926971,1.4556987566239571e-05,0.0019212275629964639,-2.6932688718113375e-05
-0.0018591481850569768,1.3897256174372411e-05,0.001873024771584474,-2.5720653164344433e-05
-0.0018127963612384367,1.326722869495668e-05,0.0018260443493062718,-2.456271900152177e-05
-0.001767607104985711,1.2665587432855827e-05,0.0017802547821926986,-2.3456513939154076e-05
-0.0017235509422892153,1.209106439017548e-05,0.0017356253350270525,-2.2399752069951336e-05
-0.0016805991286811435,1.154244126626338e-05,0.001692126051374019,-2.1390234473732466e-05
-0.0016387236492354607,1.1018549457709309e-05,0.0016497277536071087,-2.0425849796280465e-05
-0.001597897218567916,1.0518270058345247e-05,0.0016084020429346848,-1.9504574804026247e-05
-0.0015580932436725441,1.0040535148291568e-05,0.0015681212635488538,-1.862447756299632e-05
-0.0015192859194393274,9.58434705944668e-06,0.0015288586174079465,-1.77837562958894e-05
-0.001481450169462691,9.148757966968283e-06,0.001490588084686427,-1.6980699171175945e-05
-0.0014445614991965483,8.732853889947293e-06,0.0014532842609708894,-1.6213653024917997e-05
-0.0014085959951675652,8.335754639028638e-06,0.001416922356438113,-1.5481023671496014e-05
-0.001373530324975151,7.956613816411134e-06,0.0013814781958712732,-1.4781276300646462e-05
-0.0013393417372914657,7.5946188158475855e-06,0.0013469282186753461,-1.4112935858144618e-05
-0.001306008061861418,7.248990822644743e-06,0.0013132494788916987,-1.3474587410701276e-05
-0.0012735077046081955,6.918984676132859e-06,0.0012804196401800937,-1.2864876228047857e-05
-0.0012418196176582554,6.603894931395223e-06,0.0012484169519126277,-1.2282520285109909e-05
-0.001210923428581075,6.3030650011042785e-06,0.001217220387558914,-1.172632867227663e-05
-0.0011807992707183823,6.015864537979179e-06,0.0011868094524335943,-1.119515692532092e-05
-0.0011514277367897395,5.741685728262643e-06,0.0011571641336090394,-1.0687899956696042e-05
-0.0011227898788925385,5.47994329172092e-06,0.0011282648999243676,-1.0203492316155728e-05
-0.001094867208501999,5.230074481643764e-06,0.0011000927019940044,-9.740908440735751e-06
-0.001067641696471175,4.9915390848445e-06,0.0010726289722158143,-9.299162894462691e-06
-0.0010410957730309465,4.763819421659947e-06,0.0010458556247787958,-8.877310598146152e-06
-0.0010152123226593282,4.546420254952626e-06,0.0010197550504487873,-8.474446873857643e-06
-0.0009899746596306555,4.338874004913427e-06,0.0009943100973353158,-8.089718113800354e-06
-0.0009653666436517503,4.140746751772898e-06,0.000969504192532488,-7.722333849540528e-06
-0.0009413725316920662,3.951621684282458e-06,0.0009453211774178614,-7.371534022510318e-06
-0.0009179769408893077,3.771096704785785e-06,0.00092174526817024,-7.0365844111688755e-06
-0.0008951648485494357,3.5987844292188618e-06,0.0008987610557743998,-6.716776794790603e-06
-0.000872921592146666,3.4343121871099594e-06,0.0008763535060255662,-6.411429110598397e-06
-0.0008512328693234658,3.277322021579617e-06,0.0008545079595336629,-6.119885604469238e-06
-0.0008300847378905593,3.127470689340679e-06,0.0008332101317273501,-5.841516975434055e-06
-0.000809463615826925,2.984429660698275e-06,0.0008124461128578437,-5.575720514187991e-06
-0.0007893562524545376,2.8478862872625376e-06,0.0007922023403443224,-5.321922598551633e-06
-0.0007697498068044125,2.7175520784310704e-06,0.0007724656854146937,-5.079595297816883e-06
-0.0007506318061505418,2.5931532728416178e-06,0.0007532234022207235,-4.848237680640341e-06
-0.0007319900576720587,2.474425503149677e-06,0.000734463034171315,-4.627365339580908e-06
-0.0007138126483311492,2.3611137924122922e-06,0.0007161724138092502,-4.416510486674067e-06
-0.0006960879448730465,2.2529725540880203e-06,0.0006983396628135065,-4.215222051977492e-06
-0.0006788045938260369,2.1497655920369606e-06,0.0006809531920014663,-4.023065778114322e-06
-0.000661951521501456,2.051266100520742e-06,0.0006640017013310037,-3.839624310950628e-06
-0.000645517933993688,1.9572566642025114e-06,0.000647474179902468,-3.6644972865405353e-06
-0.0006294933161680074,1.8675292455531722e-06,0.0006313599049358184,-3.4973013900462274e-06
-0.0006138674032696672,1.7818872443956302e-06,0.0006156484154400662,-3.337674575513034e-06
-0.0005986302765903327,1.700150367990254e-06,0.000600329612749135,-3.185285811150137e-06
-0.0005837722789507595,1.6221462029977025e-06,0.0005853936675825686,-3.039818361792587e-06
-0.0005692839682739204,1.5477081812036923e-06,0.00057083097158676,-2.9009658204871633e-06
-0.0005551561175850085,1.4766755795190148e-06,0.0005566321373361422,-2.768432170102794e-06
-0.0005413797150114357,1.408893519979528e-06,0.0005427879983343174,-2.641931842463538e-06
-0.0005279459637828313,1.3442129697461485e-06,0.0005292896090151279,-2.5211897750875476e-06
-0.0005148462822310446,1.2824907411048682e-06,0.0005161282447436775,-2.4059414656134595e-06
-0.0005020723037901442,1.2235894914667432e-06,0.0005032954018172951,-2.295933023993601e-06
-0.0004896158769964154,1.1673777233678916e-06,0.000490782797466449,-2.190921222531602e-06
-0.0004774690452990474,1.1137304581996154e-06,0.00047858235033979214,-2.0906749028679606e-06
-0.00046562409852954817,1.0625336002627548e-06,0.0004666862363368111,-1.994983719846637e-06
-0.000454073564642854,1.013679470400199e-06,0.0004550868758852138,-1.903649259535917e-06
-0.00044281013559081003,9.670639372373064e-07,0.00044377685694747685,-1.816479384765442e-06
-0.0004318266667949378,9.225864089345326e-07,0.00043274893448594126,-1.7332882557759295e-06
-0.00042111617714643773,8.801498331874402e-07,0.0004219960304633587,-1.6538963655822225e-06
-0.0004106718490061862,8.396606972266867e-07,0.000411511233843404,-1.5781305739136775e-06
-0.00040048702820473807,8.010290278180354e-07,0.00040128780059116824,-1.5058241397799133e-06
-0.0003905552240423257,7.641683912623503e-07,0.0003913191536736223,-1.4368167527086497e-06
-0.00038087010928885764,7.289958933955925e-07,0.0003815988830600568,-1.3709545627013613e-06
-0.00037142551981804943,6.954321785703496e-07,0.0003721207453556131,-1.3080902070774342e-06
-0.0003622154322375422,6.634025882645439e-07,0.00036287864259008256,-1.2480851649184702e-06
-0.0003532340359423758,6.328396156635819e-07,0.0003538666967256462,-1.19081466083828e-06
-0.00034447568228411675,6.036788309289809e-07,0.000345079194752904,-1.136159564446897e-06
-0.00033593484524054924,5.758578830890425e-07,0.0003365105483630552,-1.0840044340300099e-06
-0.00032760612141567437,5.493165000388514e-07,0.00032815529394815483,-1.03423753760429e-06
-0.0003194842300397122,5.239964885402811e-07,0.0003200080926013607,-9.867508731341215e-07
-0.0003115640129690992,4.998417342219866e-07,0.00031206373011716395,-9.414401879375278e-07
-0.00030384043468649106,4.767982015794118e-07,0.00030431711699161217,-8.982049973085381e-07
-0.0002963085823007595,4.5481393397478167e-07,0.0002967632884225167,-8.569486023825117e-07
-0.00028896366554699603,4.3383905363711196e-07,0.0002893974043096546,-8.175781072704102e-07
-0.00028180101678650836,4.13825761662199e-07,0.0002822147492549543,-7.80004435487252e-07
-0.00027481607915932937,3.9472863431991853e-07,0.00027521072101142875,-7.44142942221133e-07
-0.0002680044309918529,3.7650680027610396e-07,0.0002683808570677364,-7.099177755334478e-07
-0.0002613618067252053,3.591221274685064e-07,0.00026172085376402737,-6.772582585282147e-07
-0.00025488403337456053,3.4253767706210656e-07,0.0002552265012057149,-6.460958318426426e-07
-0.0002485670286071399,3.267176901201619e-07,0.00024889368132826375,-6.163640396139741e-07
-0.0002424068007422142,3.116275876042111e-07,0.0002427183678973012,-5.879985409807768e-07
-0.0002363994487511006,2.972339703740674e-07,0.00023669662650871727,-5.609371211262403e-07
-0.00023054116225716437,2.835046191878223e-07,0.00023082461458876464,-5.351197018787141e-07
-0.00022482822153581996,2.70408494701848e-07,0.00022509858139415305,-5.104883518843202e-07
-0.00021925699751452853,2.579157374707917e-07,0.00021951486801213518,-4.869872963661317e-07
-0.00021382395177279914,2.459976679475786e-07,0.00021406990736059194,-4.645629264841154e-07
-0.00020852563654219004,2.3462678648341448e-07,0.00020876022418811347,-4.4316380830963364e-07
-0.00020335868403121207,2.23777047597153e-07,0.00020358242467320448,-4.227412425717622e-07
-0.00019831983013275222,2.134253604473082e-07,0.00019853322163201453,-4.0325226788028617e-07
-0.00019340593016807186,2.0355015529893537e-07,0.00019360944882912512,-3.846567983033645e-07
-0.00018861390665990903,1.9413050918829828e-07,0.00018880800787652633,-3.6691589490528884e-07
-0.00018394074804909015,1.8514614338172527e-07,0.00018412586694773579,-3.499917674877352e-07
-0.00017938350869453078,1.7657742337561102e-07,0.00017956006077784418,-3.3384778083628556e-07
-0.00017493930887323378,1.6840535889641272e-07,0.00017510769066355651,-3.1844846071939866e-07
-0.00017060533478029032,1.6061160390065204e-07,0.00017076592446323382,-3.037594996480071e-07
-0.00016637883852888067,1.5317845657491685e-07,0.00016653199659693265,-2.897477624037021e-07
-0.0001622571381502725,1.460888593358576e-07,0.00016240320804644014,-2.7638129134328526e-07
-0.00015823761759382199,1.3932639883018994e-07,0.00015837692635531023,-2.636293114873187e-07
-0.0001543177267269733,1.3287530593469334e-07,0.00015445058562889587,-2.514622354000782e-07
-0.0001504949810630864,1.2672045770840873e-07,0.0001506216862641605,-2.398516718217102e-07
-0.00014676694799200203,1.208479487874488e-07,0.0001468877817516018,-2.287715753611654e-07
-0.00014313129395531997,1.1524562169536921e-07,0.00014324652638081137,-2.181993030051439e-07
-0.00013958575558354724,1.0990181438207408e-07,0.0001396956451253471,-2.0811311886705028e-07
-0.00013612811655216577,1.0480520126662176e-07,0.00013623291033988466,-1.984918840636195e-07
-0.00013275620758163308,9.9944793237226e-08,0.00013285614176023692,-1.893150600835774e-07
-0.00012946790643738313,9.530993765125697e-08,0.00012956320650337193,-1.8056271202414654e-07
-0.00012626113792982475,9.089031833523915e-08,0.00012635201906742796,-1.7221551169967776e-07
-0.00012313387391434246,8.667595558485248e-08,0.00012322054133173037,-1.6425474062661305e-07
-0.00012008413329129709,8.26572061649331e-08,0.00012016678255680685,-1.56662292888873e-07
-0.00011710998200602441,7.882476330947167e-08,0.00011718879938440058,-1.4942067788767252e-07
-0.0001142095330488361,7.516965672161449e-08,0.0001142846958374846,-1.4251302297968905e-07
-0.00011138094645501924,7.168325257366302e-08,0.00011145262332027409,-1.3592307600739653e-07
-0.00010862242930483721,6.835725350707479e-08,0.00010869078061823954,-1.2963520772529898e-07
-0.00010593222989302797,6.518381836938444e-08,0.00010599740818734357,-1.2363465434070328e-07
-0.00010330864785078727,6.21562627047421e-08,0.00010337079897646845,-1.1790891937702941e-07
-0.00010075005704269255,5.9268405559094134e-08,0.00010080932067121546,-1.1244646672172478e-07
-9.825486631449587e-05,5.651422771560069e-08,9.831137609997316e-05,-1.0723604417851371e-07
-9.58215173806072e-05,5.388787681280151e-08,9.58754011265255e-05,-1.0226669570972982e-07
-9.34484848240949e-05,5.138366734461641e-08,9.349986465005882e-05,-9.752776309968136e-08
-9.113427609668467e-05,4.8996080660344156e-08,9.118326860516715e-05,-9.300888755288826e-08
-8.887743151876013e-05,4.67197649646631e-08,8.892414796185863e-05,-8.870001122930306e-08
-8.66765242793632e-05,4.45495353176316e-08,8.672107072556173e-05,-8.459137871857257e-08
-8.453016043619327e-05,4.248037363468706e-08,8.457263793712972e-05,-8.067353845535298e-08
-8.243697891560753e-05,4.050742868664642e-08,8.247748367284614e-05,-7.693734407765345e-08
-8.039565151262157e-05,3.8626016099706614e-08,8.043427504443029e-05,-7.33739557301299e-08
-7.840488289090835e-05,3.683161835544361e-08,7.844171219904082e-05,-6.997484131420499e-08
-7.646341058279875e-05,3.511988479081302e-08,7.649852831928062e-05,-6.673177768685383e-08
-7.457000336831352e-05,3.348665344081643e-08,7.460348802407444e-05,-6.363689564022269e-08
-7.27234567099361e-05,3.192838679697914e-08,7.275538323917896e-05,-6.068355290045311e-08
-7.092262680688878e-05,3.044198031616372e-08,7.095306705998477e-05,-5.786594923641391e-08
-6.916639963858512e-05,2.9024396367575982e-08,6.91954224289423e-05,-5.517839823177328e-08
-6.74536835959141e-05,2.767267509680569e-08,6.74813547777118e-05,-5.2615350535216764e-08
-6.578340948123919e-05,2.6383934425825974e-08,6.580979202716489e-05,-5.0171394673866113e-08
-6.415453050839884e-05,2.5155370052993632e-08,6.417968458738707e-05,-4.7841257835135414e-08
-6.256602230270678e-05,2.39842554530494e-08,6.259000535768026e-05,-4.561980661802912e-08
-6.101688290095135e-05,2.2867941877117395e-08,6.103974972656404e-05,-4.3502047754865744e-08
-5.9506132751395796e-05,2.1803858352705425e-08,5.952793557177787e-05,-4.148312880439481e-08
-5.803281471377865e-05,2.0789511683705178e-08,5.8053603260283254e-05,-3.95583388172481e-08
-5.659599405931305e-05,1.982248645039178e-08,5.661581564826478e-05,-3.772310897464648e-08
-5.5194758470687116e-05,1.890044500942403e-08,5.5213658081132144e-05,-3.5973013201265565e-08
-5.3828218042064154e-05,1.8021127493844587e-08,5.3846238393521855e-05,-3.4303768753138775e-08
-5.249550527908214e-05,1.7182351813079573e-08,5.2512686909298235e-05,-3.271123678145546e-08
-5.119577517652165e-05,1.638201591152756e-08,5.121215652148118e-05,-3.119142738550015e-08
-4.992822133790589e-05,1.5618576673620927e-08,4.9943839290733306e-05,-2.97414569756617e-08
-4.8692059074103276e-05,1.4890623981470059e-08,4.870694911804063e-05,-2.835869799281454e-08
-4.748651194157502e-05,1.4196526491754028e-08,4.750070792875195e-05,-2.7040071693681648e-08
-4.6310821565866596e-05,1.3534717917805542e-08,4.632435578234128e-05,-2.5782620519147762e-08
-4.516424764160799e-05,1.2903697029611056e-08,4.5177150872408985e-05,-2.4583508500202617e-08
-4.404606793251318e-05,1.2302027653810513e-08,4.4058369526682234e-05,-2.3440021647431685e-08
-4.2955578271380444e-05,1.1728338673697478e-08,4.2967306207016086e-05,-2.234956832461774e-08
-1.0,0.7,1.1400000000000001,-0.7999999999999999
-0.97163925413859,0.6800276151289569,1.123073649461512,-0.7936055261481166
-0.9437110840031825,0.6602295381318084,1.1054878756379591,-0.7861047102213398
-0.916231445110156,0.6406324681523814,1.0872898235987436,-0.7775768996995759
-0.8892150613085621,0.6212611641990172,1.0685283981380933,-0.7681002732432405
-0.862675413564959,0.6021384619910058,1.0492538381787975,-0.7577516024803279
-0.8366247366009918,0.5832852808296181,1.029517301880758,-0.7466059917236287
-0.8110739635883663,0.564720667572871,1.00937044702636,-0.7347367504991764
-0.7860327209110198,0.5464618271506417,0.9888650465662804,-0.7222151912956147
-0.7615093514776696,0.5285242504054569,0.9680526745499418,-0.7091106053781493
-0.7375109138611736,0.510921729583869,0.9469843620874983,-0.695490050329132
-0.7140431906039252,0.49366637668266583,0.925710275526295,-0.6814181465366316
-0.6911107202890181,0.47676871801421805,0.9042794606087736,-0.6669570194093929
-0.6687168048911748,0.4602377087138764,0.8827395615557883,-0.652166118341436
-0.6468636136180121,0.44408091656376925,0.8611367010399905,-0.6371023123537667
-0.6255521934146919,0.428304542222147,0.8395152589676073,-0.6218197564327347
-0.6047824689639205,0.41291341922338204,0.8179176504703015,-0.6063697375871068
-0.5845533043145441,0.39791109511062206,0.7963842030488998,-0.5908006508702129
-0.5648626068448093,0.38329997200543137,0.7749531217378163,-0.5751580852439546
-0.5457073570156701,0.36908134760142497,0.7536603792384107,-0.5594847835022332
-0.5270836889894978,0.35525552017765477,0.7325396970798554,-0.5438207112360429
-0.5089868912435209,0.34182178939956975,0.7116224326864631,-0.5282029855244932
-0.49141146869310237,0.328778526687054,0.6909375644409247,-0.5126659144362409
-0.4743512597883557,0.31612330835102637,0.6705117764875643,-0.49724114610437264
-0.45779947096561646,0.30385295988971783,0.6503694514242547,-0.4819577064095967
-0.4417487339639264,0.2919636227455332,0.6305327081403711,-0.46684207911582737
-0.42619111667114873,0.28045076604327945,0.6110213825934167,-0.4519182113289185
-0.41111823100418443,0.2693093016547332,0.5918531617075047,-0.4372076833910605
-0.3965212805429692,0.25853363666183116,0.5730436462667363,-0.4227297977696007
-0.38239111981409685,0.24811774143279158,0.5546064444531047,-0.4085017017579758
-0.3687182635006439,0.2380551598393005,0.5365531952172924,-0.39453842497524283
-0.35549294255733455,0.22833906751878943,0.5188936684656821,-0.38085299571273545
-0.34270519073584355,0.21896236151611356,0.5016359219580767,-0.3674566143778526
-0.330344866903341,0.2099176876646318,0.48478637009418885,-0.354358736675632
-0.31840167914923656,0.20119746692162818,0.46834985702412923,-0.34156715627222434
-0.3068652119989422,0.1927939232670011,0.4523297367575944,-0.32908809153290874
-0.29572500718862943,0.18469916603107137,0.4367280434578828,-0.31692636413611375
-0.28497057489728317,0.17690520451074035,0.42154555714262576,-0.3050854718871079
-0.2745914115897129,0.16940396784712064,0.4067818797088022,-0.2935676697029426
-0.26457702337133954,0.16218732883326742,0.39243551965160334,-0.2823740568889118
-0.25491698626846626,0.1552471650205033,0.37850403974196956,-0.2715047281080882
-0.24560094974801946,0.1485753652000955,0.36498411430627314,-0.2609588344899135
-0.2366186453426352,0.14216383941207544,0.3518715926759961,-0.2507346488298806
-0.22795991393984016,0.1360045466655518,0.33916159280274705,-0.24082965991302802
-0.21961474252078636,0.13008953248047417,0.32684861165698154,-0.23124068388146557
-0.21157326031428247,0.12441092789572074,0.314926567703105,-0.2219639091034324
-0.20382574316557944,0.11896095457057589,0.30338885375772784,-0.21299494899495133
-0.19636264480618842,0.11373195648114849,0.2922284350684404,-0.2043289399971282
-0.1891746083619945,0.10871641288425371,0.28143791338232854,-0.195960606299159
-0.1822524592573445,0.1039069334833336,0.27100955741169663,-0.18788429162345718
-0.17558721239132433,0.09929626601142368,0.26093535476289736,-0.18009401052963372
-0.16917009925619295,0.09487732392440773,0.2512070981362375,-0.17258353435940535
-0.16299255820434522,0.09064317887688512,0.24181640619409628,-0.16534641333577213
-0.15704623064107115,0.08658705816076359,0.23275475191667705,-0.1583760051863861
-0.15132297527115218,0.08270235938768038,0.22401352099124225,-0.15166553306841252
-0.14581487604520188,0.07898265954436831,0.21558405822062424,-0.14520813224309007
-0.1405142275844399,0.07542170262673517,0.20745767238101587,-0.1389968563612793
-0.1354135370308704,0.07201340198360884,0.19962566743349813,-0.13302470836049113
-0.1305055388729854,0.06875185577115729,0.1920793962553966,-0.1272846941363976
-0.12578318249407663,0.06563133642920141,0.18481026422935454,-0.1217698274593999
-0.12123962490970612,0.06264628460568998,0.17780973987733167,-0.11647314122243223
-0.1168682387945363,0.059791317645075705,0.17106939164890428,-0.11138772414678935
-0.1126626127333427,0.05706123097000693,0.16458090980986026,-0.10650674335527198
-0.10861653580954135,0.054450984539317994,0.15833609849919567,-0.10182343796787677
-0.10472399821572816,0.05195570391225842,0.15232689489294315,-0.09733113834314414
-0.1009791983015374,0.0495706879692331,0.14654539960645943,-0.09302329684469347
-0.09737652766464533,0.047291395779226995,0.14098386591635587,-0.08889347867443993
-0.09391056517623127,0.045113441484759764,0.1356347036314881,-0.08493536641848802
-0.09057608204617736,0.04303259983818069,0.13049050244947535,-0.08114278369305987
-0.08736803566455738,0.041044801238578836,0.12554403397637076,-0.07750969828362765
-0.08428155700010949,0.03914612052891195,0.12078824073806892,-0.07403021254760628
-0.08131195142941769,0.03733277821885818,0.11621624880887026,-0.07069857637056037
-0.07845470017616264,0.03560114260415486,0.11182138120516727,-0.06750920122047077
-0.07570544557798455,0.033947716606053176,0.10759714057442461,-0.06445664451800964
-0.07305998779443286,0.03236913499496661,0.1035372119032806,-0.06153561290001961
-0.07051428759746745,0.030862167655913975,0.09963547624060512,-0.05874097645860094
-0.06806445667901612,0.029423711083203075,0.09588600063553235,-0.05606776000860035
-0.06570674920364504,0.028050780861584922,0.09228302956679911,-0.05351113558862342
-0.0634375628459381,0.026740513041174755,0.08882099350584713,-0.051066431454450105
-0.06125343605820856,0.025490162119261275,0.0854945101650814,-0.04872913418116032
-0.05915103615879782,0.024297090354486673,0.08229836805719504,-0.0464948736617777
-0.05712715789101549,0.023158766645884746,0.07922752892190771,-0.044359425990546486
-0.05517872426608136,0.022072767821810484,0.0762771343523487,-0.04231872067664163
-0.053302776300156444,0.021036769462299917,0.07344249118907481,-0.040368827347817125
-0.0514964680802346,0.020048541533008928,0.07071906634995564,-0.03850595133117468
-0.04975706754863146,0.019105949464704005,0.06810249219885865,-0.03672643946678457
-0.048081951669984815,0.0182069500217268,0.06558856113890962,-0.03502677559761675
-0.046468597898358686,0.01734958365092853,0.06317321288818406,-0.033403568947473455
-0.044914583515689596,0.01653197405525532,0.06085253618743773,-0.03185355622307792
-0.04341758525200247,0.015752328192104724,0.05862277100234861,-0.030373604358740508
-0.04197537025312814,0.015008928174481607,0.05648029417382857,-0.0289606973242309
-0.04058579324893649,0.014300128786293076,0.054421616378946644,-0.0276119336043989
-0.039246796938859824,0.013624358117482771,0.05244338512317527,-0.026324529592989483
-0.03795640702187658,0.012980113212154388,0.05054237746581451,-0.025095813123902556
-0.03671272610666982,0.012365954625268167,0.04871549040777401,-0.023923214695626322
-0.03551393327853762,0.011780506169209325,0.046959741759682386,-0.022804268664271196
-0.03435828337631177,0.011222454490876266,0.04527227044992781,-0.021736613999812367
-0.0332440997505587,0.010690542593399818,0.043650324372468456,-0.020717983085864578
-0.03216977229201608,0.010183568112620002,0.0420912579507935,-0.019746199675647905
-0.031133757579468322,0.00970038365676413,0.04059253372167443,-0.018819180796918
-0.03013457503914894,0.009239893446503455,0.03915171627571848,-0.017934931325332852
-0.029170802079186896,0.00880104898371313,0.03776646413650553,-0.017091536551060403
-0.028241073645953664,0.008382848739313576,0.036434529866379364,-0.016287162534221446
-0.027344081888988566,0.007984338026642446,0.03515376040136711,-0.015520056764673863
-0.02647857065326764,0.00760460409787805,0.03392208751362906,-0.014788539373452049
-0.025643333539052297,0.0072427744420112804,0.03273752487645188,-0.014091000551025511
-0.024837213881542208,0.006898016899062064,0.03159816876373987,-0.013425901482085644
-0.024059102784165627,0.0065695379900342354,0.030502195022402492,-0.012791771724001044
-0.023307934611850323,0.006256578924499039,0.02944785119037648,-0.012187201959475903
-0.022582686413309364,0.005958415122567089,0.028433455919689852,-0.011610843609749058
-0.021882377942936362,0.00567435637268993,0.027457399587042203,-0.011061409666717356
-0.021206068349990167,0.00540374391812386,0.026518138537815164,-0.010537669435329047
-0.020552853508478824,0.0051459481131437765,0.02561419048743726,-0.010038444353882958
-0.01992186577016879,0.004900368260278256,0.02474413444748252,-0.009562608079097739
-0.019312273791758656,0.004666432560576783,0.023906610813742932,-0.009109086769748857
-0.018723278810577837,0.004443594835485816,0.023100314714042815,-0.008676852969320453
-0.01815411332952796,0.004231333385871745,0.022323993830742,-0.008264923673274683
-0.017604040977348145,0.004029150939886559,0.021576448446634956,-0.007872360524533826
-0.017072355940379993,0.00383657421738845,0.02085653066926369,-0.007498269232363883
-0.01655837960502467,0.0036531509951114403,0.02016313839139089,-0.007141794029136422
-0.016061459908420336,0.0034784495512504257,0.019495214277262064,-0.006802116805866975
-0.015580971267803062,0.0033120586769120825,0.01885174587184935,-0.006478457354435302
-0.015116313758199985,0.0031535869976264323,0.018231764267410498,-0.006170072230271057
-0.014666910307674043,0.0030026605413612326,0.017634339046759647,-0.005876250127938452
-0.014232206314223464,0.002858922415986147,0.017058577711281074,-0.00559631141402992
-0.013811669601284495,0.0027220328380255445,0.016503625784747917,-0.0053296083457460616
-0.013404789638067622,0.0025916684844739016,0.01596866550586474,-0.005075523937803296
-0.013011075136635509,0.0024675204267051603,0.015452911488402233,-0.0048334680076836155
-0.012630053764937366,0.0023492938909564194,0.014955610289371849,-0.004602876827049714
-0.012261272083112822,0.0022367082606366303,0.014476040432906083,-0.0043832132454155875
-0.011904295056534878,0.0021294966826689503,0.014013511613737905,-0.004173966020862076
-0.011558703882842991,0.0020274042142883696,0.013567360765160331,-0.003974646247305989
-0.011224095699645388,0.0019301875794484416,0.013136951591005834,-0.0037847869643320045
-0.010900083467079883,0.0018376151112643488,0.012721674451869714,-0.0036039431307751126
-0.010586295893821892,0.0017494667194780367,0.012320946315420897,-0.0034316916425051434
-0.0102823754728547,0.0016655322274083883,0.011934207198083606,-0.0032676281075979183
-0.009987978039760027,0.0015856110058855794,0.011560919407320496,-0.0031113661885775216
-0.009702772663726319,0.0015095119029700237,0.011200567406034177,-0.0029625375275216747
-0.009426441774156621,0.001437053395616382,0.010852658129644898,-0.002820792108519825
-0.009158679762419276,0.0013680624102084397,0.010516718456219635,-0.0026857959714225504
-0.008899192136521376,0.001302373627386053,0.010192293705392512,-0.0025572298823624716
-0.008647695474033368,0.0012398294480873249,0.009878947588115255,-0.0024347893139676792
-0.008403917445259548,0.001180280058610582,0.00957626232293025,-0.0023181846201651216
-0.008167596368269543,0.0011235830618685839,0.009283837851789673,-0.0022071403454761856
-0.0079384798818444,0.0010696023895430723,0.009001289457746704,-0.0021013931013854755
-0.00771632484169636,0.001018208219379339,0.008728247600773927,-0.0020006914373211296
-0.007500897223665328,0.0009692769166193232,0.008464357783058384,-0.0019047957577426524
-0.007291972284764705,0.0009226911965796706,0.00820928089043809,-0.0018134786772782752
-0.0070893334906066575,0.000878339242211166,0.007962691260973086,-0.0017265232948177095
-0.006892771916597022,0.0008361142280432288,0.007724275628904152,-0.0016437222732699206
-0.006702086235709799,0.0007959143114032365,0.0074937331180320275,-0.0015648778468599386
-0.0065170826559372485,0.0007576426145238872,0.007270775174827125,-0.0014898018092411834
-0.0063375749782457035,0.0007212072773650365,0.007055125691454615,-0.0014183156407671415
-0.006163383480033697,0.0006865205657166004,0.006846519014139545,-0.0013502487538800294
-0.005994334691670078,0.0006534986984758609,0.00664469955821055,-0.0012854381679142661
-0.005830261374894397,0.0006220618329606946,0.006449421781393087,-0.001223728497301638
-0.005671002508739993,0.0005921340870108277,0.006260450200636462,-0.0011649720123491742
-0.0055164032564497985,0.0005636435094604534,0.006077559337997401,-0.0011090285959882448
-0.0053663140193457425,0.0005365213432908968,0.0059005320490316945,-0.0010557642908892576
-0.005220590312837954,0.000510701932553253,0.005729159312941739,-0.0010050511271778074
-0.005079092751283824,0.00048612271232609933,0.005563240213734395,-0.0009567671147465123
-0.004941687019654651,0.00046272421676575256,0.005402581925815867,-0.0009107962711713711
-0.004808243930957091,0.0004404501196897692,0.005246999817354951,-0.000867028713559787
-0.004678638595493472,0.00041924660118425154,0.0050963159940142595,-0.0008253594069041584
-0.004552750285979851,0.00039906224897424085,0.004950359070339579,-0.0007856879768485879
-0.004430462436653456,0.0003798480578307441,0.004808964172442716,-0.0007479187172199299
-0.004311662572518725,0.00036155739746743167,0.004671972839187375,-0.0007119605344513081
-0.00419624250088788,0.0003441461642264878,0.004539233368505691,-0.0006777272577772209
-0.004084097666060033,0.0003275722929160878,0.004410599689186549,-0.0006451366735846254
-0.003975126883484077,0.0003117955668169825,0.004285930908749215,-0.0006141101533900863
-0.003869232339758682,0.00029677761768249567,0.004165091316196335,-0.0005845726600255707
-0.003766319559771508,0.0002824819073229832,0.004047950333388226,-0.0005564527168301759
-0.0036662974723989327,0.00026887380194862,0.00393438265727517,-0.0005296825616035687
-0.0035690782943758716,0.0002559204721485133,0.0038242680463625995,-0.0005041979523741956
-0.003474576989597713,0.00024359051100994187,0.0037174904014201033,-0.0004799374108658986
-0.0033827112385879706,0.00023185391370176796,0.003613937716418067,-0.0004568421862093343
-0.003293401438498257,0.00022068207747443392,0.0035135020802355664,-0.0004348562591278064
-0.0032065706527721572,0.00021004777898409662,0.0034160796053212374,-0.0004139263007574614
-0.003122144762014771,0.00019992529501795394,0.003321570700462617,-0.0003940019172869221
-0.003040052142200933,0.0001902901628967383,0.0032298795114837882,-0.00037503517557709634
-0.0029602233488305292,0.00018111897046497707,0.0031409133972112773,-0.0003569801875649773
-0.002882591115444322,0.00017238935517327104,0.0030545829281986973,-0.0003397931114232389
-0.002807090353623972,0.00016408000407829677,0.0029708018877849323,-0.0003234321544045483
-0.00273365810543141,0.00015617063497706305,0.0028894872067107644,-0.0003078575379716916
-0.0026622336952784077,0.00014864210962251247,0.0028105592288747007,-0.0002930317262960595
-0.002592758442519897,0.0001414762270328388,0.0027339412186070918,-0.00027891901626092265
-0.002525175404258,0.000134655561152015,0.002659558942281161,-0.0002654852158106683
-0.002459429374784239,0.00012816346052645103,0.002587340668127016,-0.00025269764534317107
-0.002395466885579552,0.00012198404830499491,0.00251721716688592,-0.0002405251396500449
-0.002333236176363564,0.00011610221001079049,0.002449121671273112,-0.00022893802538876597
-0.0022726872717106607,0.00011050366194261203,0.0023829900214404932,-0.00021790825942422668
-0.0022137719133388614,0.0001051748890339561,0.002318760535800552,-0.0002074093064173394
-0.0021564432338077393,0.00010010294610835217,0.002256373486859436,-0.00019741574376432323
-0.002100655743924768,9.527545082945904e-05,0.002195771082015795,-0.0001879032489262276
-0.002046365332745316,9.06805837010642e-05,0.0021368974639641093,-0.0001788486007570913
-0.001993529266016354,8.630708732894675e-05,0.002079698708781737,-0.00017022967929721528
-0.001942106146374604,8.214425987679285e-05,0.0020241227799537996,-0.0001620254539833141
-0.0018920560732901698,7.818204779010335e-05,0.0019701197812255983,-0.0001542161698695222
-0.001843340350231174,7.441086341675713e-05,0.001917641482010306,-0.00014678298464544003
-0.0017959213682060648,7.082152121158494e-05,0.0018666411375110317,-0.0001397078422867024
-0.0017497626057636111,6.740523773636904e-05,0.001817073488968441,-0.00013297347396682088
-0.0017048286289929127,6.415363165984401e-05,0.0017688947638944306,-0.00012656339892714772
-0.0016610850871480933,6.105872196275309e-05,0.0017220626701248524,-0.0001204619217254587
-0.0016184986878873986,5.8112932365777895e-05,0.0016765363756893498,-0.00011465414192993985
-0.0015770373361192439,5.5309159624601184e-05,0.0016322767160560391,-0.00010912609119349392
-0.0015366698617042963,5.26406182334714e-05,0.001589245766936535,-0.00010386442390862062
-0.001497365947831864,5.0100804708458585e-05,0.001547406737149179,-9.885634654788132e-05
-0.0014590961310199059,4.768349758745504e-05,0.0015067239687618862,-9.408961826317574e-05
-0.0014218318011150208,4.538275743017459e-05,0.0014671629372270062,-8.955255145795199e-05
-0.0013855452012908154,4.319292681751013e-05,0.00142869025150634,-8.523401233212826e-05
-0.0013502093937464907,4.110862471709975e-05,0.0013912736142625848,-8.112341019002274e-05
-0.0013157983857943034,3.9124814087124955e-05,0.001354882015587652,-7.721083293901457e-05
-0.0012822869754273705,3.723670959704517e-05,0.0013194854865062364,-7.348686326167993e-05
-0.0012496506262500821,3.543971977076739e-05,0.001285054916206445,-6.994246352892246e-05
-0.0012178654674781099,3.372944698664671e-05,0.0012515620521217788,-6.656897619516803e-05
-0.0011869082939384033,3.210168747748608e-05,0.0012189795000085962,-6.33581241760403e-05
-0.001156756566069187,3.055243133053617e-05,0.0011872807240192827,-6.0302011209185835e-05
-0.0011273884032713853,2.9077860581280347e-05,0.0011564400382184164,-5.7393118395462214e-05
-0.0010987825766238031,2.7674362263000623e-05,0.001126432612401145,-5.462433063558602e-05
-0.0010709186136399942,2.6338564177768106e-05,0.0010972346126508548,-5.198900834931185e-05
-0.0010437765949587445,2.506723914781888e-05,0.0010688229024285452,-4.948079654752756e-05
-0.0010173371171501586,2.3857290347101507e-05,0.0010411749907716723,-4.709359580824418e-05
-0.0009915812927156545,2.2705751301276912e-05,0.0010142690323383494,-4.482156252651563e-05
-0.0009664907500879722,2.160978588771868e-05,0.0009880838274491535,-4.265910915343399e-05
-0.0009420476336311654,2.0566688335512727e-05,0.0009625988221266156,-4.060090442460741e-05
-0.0009182345996575894,1.9573882251306405e-05,0.0009377941031761496,-3.864187163460781e-05
-0.0008950348008835757,1.862892862610713e-05,0.0009136503906781439,-3.677720487533864e-05
-0.0008724319951724555,1.77295608647748e-05,0.0008901491817683033,-3.500243917782924e-05
-0.0008504103790473027,1.6873612301165776e-05,0.0008672725117524421,-3.331330591465673e-05
-0.0008289545462254721,1.605900183991695e-05,0.0008450028983193225,-3.170570429600918e-05
-0.0008080494876186049,1.528373395644597e-05,0.000823323341564337,-3.0175701528227526e-05
-0.0007876805913326267,1.45458986969511e-05,0.000802217324011908,-2.871953296552493e-05
-0.0007678336426677442,1.3843671678411202e-05,0.0007816688106366731,-2.7333602255134954e-05
-0.0007484948241184515,1.3175314088585854e-05,0.0007616622488835162,-2.601448147613244e-05
-0.0007296506982392041,1.2539171116809666e-05,0.0007421825499840452,-2.4758908148754757e-05
-0.000711288257515497,1.1933699793358046e-05,0.0007232151666684296,-2.3563840995548434e-05
-0.0006933949255138348,1.1357453493695695e-05,0.000704746078847035,-2.242642907375439e-05
-0.0006759584327701224,1.0809041208697432e-05,0.0006867616288087757,-2.134393053569504e-05
-0.0006589668133160254,1.0287126648358775e-05,0.0006692485168643317,-2.0313710940086424e-05
-0.0006424084046789742,9.790428241796075e-06,0.0006521938013580599,-1.933324334855084e-05
-0.0006262718478821595,9.31771913724637e-06,0.0006355848986792603,-1.84001084180229e-05
-0.0006105460874445362,8.867827202067513e-06,0.0006194095832728418,-1.7511994489198727e-05
-0.0005952203713808217,8.439635022738107e-06,0.0006036559876494059,-1.666669767117218e-05
-0.0005802842373078469,8.032079127607367e-06,0.0005883125877243258,-1.5862120377573962e-05
-0.0005657275490397577,7.64417063288606e-06,0.0005733682600583105,-1.5096312669926602e-05
-0.0005515405156593876,7.274986747782556e-06,0.0005588122924472163,-1.4367455331316818e-05
-0.0005377135805614864,6.923639596192586e-06,0.0005446342418096487,-1.367379765555302e-05
-0.0005242374171003992,6.589275303711508e-06,0.000530823928928378,-1.3013655685730158e-05
-0.0005111029285900656,6.271073997634273e-06,0.0005173714384562714,-1.2385412273100542e-05
-0.0004983012483040216,5.968249806955489e-06,0.0005042671189219138,-1.1787517133474171e-05
-0.00048582373947539924,5.680050862369397e-06,0.0004915015827349283,-1.1218486901236077e-05
-0.00047366199529692463,5.405759296269828e-06,0.00047906570619100697,-1.0676905181066458e-05
-0.00046180783848783803,5.144691191765354e-06,0.0004669506289926282,-1.0161422495717424e-05
-0.00045025330092967047,4.8961993654250995e-06,0.0004551477366711545,-9.670761909851361e-06
-0.00043899070588623444,4.659692051964509e-06,0.00044364876148899647,-9.203756400016322e-06
-0.000428012594647366,4.434607080847577e-06,0.0004324456832740672,-8.759297292989092e-06
-0.0004173116810905057,4.22040275723967e-06,0.00042153067486904973,-8.336316090974588e-06
-0.0004068808516807011,4.0165578620075975e-06,0.00041089610213432173,-7.933784507536548e-06
-0.0003967131654706057,3.822571651719578e-06,0.00040053452395072506,-7.55071450204453e-06
-0.0003868018541004778,3.63796385864522e-06,0.00039043869222219043,-7.1861583126891e-06
-0.00037714032179818314,3.4622746907555756e-06,0.0003806015518782259,-6.8392084881155285e-06
-0.0003677221453791919,3.2950648317230816e-06,0.0003710162408762677,-6.5089979177247974e-06
-0.0003585410742465813,3.1359154409216053e-06,0.00036167609020391016,-6.194699860690075e-06
-0.0003495910145739711,2.9844293447385084e-06,0.00035257460925496357,-5.895530362994502e-06
-0.0003408660819384476,2.840244837799194e-06,0.0003437055522617431,-5.610775864108747e-06
-0.0003323605810994072,2.7030221464419054e-06,0.0003350628845434401,-5.33976615936257e-06
-0.0003240689451638104,2.5724334319215633e-06,0.0003266407116791009,-5.0818544551113756e-06
-0.0003159857353606096,2.448162768805847e-06,0.00031843327926180527,-4.836417346640863e-06
-0.00030810564104075073,2.3299061449752227e-06,0.00031043497289994485,-4.602854838325766e-06
-0.00030042347967717224,2.2173714616229282e-06,0.00030264031821843496,-4.3805903629610525e-06
-0.0002929341968648044,2.1102785332549627e-06,0.0002950439808598615,-4.169070800294228e-06
-0.00028563286632057145,2.0083590876901125e-06,0.0002876407664855713,-3.967766494786722e-06
-0.0002785146898833888,1.9113567660599226e-06,0.0002804256207766992,-3.776171272631341e-06
-0.0002715749973388692,1.8190271154880984e-06,0.00027339362925253005,-3.593802443468433e-06
-0.0002648092302125591,1.7311400789700138e-06,0.00026654000355403175,-3.4202058008965668e-06
-0.00025821300319081857,1.6474888307045114e-06,0.00025986015169909214,-3.25497328839893e-06
-0.0002517820605194909,1.5678772673287922e-06,0.00025334962197612446,-3.09771801105792e-06
-0.0002455122403659576,1.492115958952855e-06,0.00024700406325872486,-2.948066161804003e-06
-0.0002393994748191402,1.4200221491595168e-06,0.00024081922500625432,-2.8056570331928253e-06
-0.00023343978988949954,1.3514197550044027e-06,0.000234790957264389,-2.6701430287066134e-06
-0.00022762930550903503,1.2861393670159412e-06,0.00022891521066564227,-2.541189673595967e-06
-0.00022196423553128597,1.224018249195376e-06,0.00022318803642986136,-2.4184756252777593e-06
-0.00021644088773133092,1.164900339016761e-06,0.00021760558636469687,-2.301692683304366e-06
-0.00021105566380578712,1.1086362474269533e-06,0.00021216411286604676,-2.1905457989192056e-06
-0.00020580505937281167,1.0550832588456242e-06,0.0002068599689184791,-2.0847530842131804e-06
-0.00020068565868862608,1.0041055578505553e-06,0.0002016896030388084,-1.984046275539138e-06
-0.0001956941404052201,9.555799331567809e-07,0.000196649570737262,-1.8881821483601989e-06
-0.00019082731809061008,9.093943732006892e-07,0.00019173657363397932,-1.7969397072035855e-06
-0.0001860820793736508,8.654407844358418e-07,0.00018694739132367005,-1.7101056447132706e-06
-0.00018145537973572677,8.236146572795658e-07,0.00018227887483355802,-1.6274736816581097e-06
-0.0001769442425107514,7.838150661129491e-07,0.00017772794662361383,-1.548844573251276e-06
-0.00017254575888516683,7.459446692808357e-07,0.00017329160058677644,-1.4740261152161166e-06
-0.00016825708789794486,7.099097090918363e-07,0.00016896690204916442,-1.4028331496069345e-06
-0.0001640754564405858,6.756200118183169e-07,0.00016475098777027467,-1.335087570392922e-06
-0.0001599981592571195,6.429889876964081e-07,0.00016064106594317233,-1.2706183288134163e-06
-0.00015602255894410475,6.11933630926001e-07,0.00015663441619466996,-1.209261438512322e-06
-0.00015214608595062919,5.823745196707441e-07,0.00015272838958549692,-1.1508599804594306e-06
-0.00014836623755235282,5.542358410360678e-07,0.00014892040760947973,-1.095264157804871e-06
-0.0001446805681150426,5.274481828149195e-07,0.0001452079552486553,-1.042336885555784e-06
-0.00014108673816424334,5.019503259184967e-07,0.00014158863183533446,-9.91957371225498e-07
-0.00013758247265379834,4.77683564773454e-07,0.00013806010364186298,-9.440097674779882e-07
-0.00013416554473234644,4.545910294302336e-07,0.00013462008696941418,-8.983818228244708e-07
-0.00013083377574332186,4.3261768556306244e-07,0.00013126634814808073,-8.549648850009726e-07
-0.00012758503522495494,4.1171033446995836e-07,0.00012799670353696288,-8.136539042119049e-07
-0.00012441724091027132,3.9181761307272397e-07,0.00012480901952425095,-7.743474362440132e-07
-0.0001213283587270926,3.728899939169513e-07,0.00012170121252730479,-7.369476454550566e-07
-0.0001183164027980361,3.5487978517202014e-07,0.00011867124899272844,-7.013603076414e-07
-0.00011537943544051453,3.3774113063109574e-07,0.00011571714539644085,-6.674948127886483e-07
-0.00011251556716673665,3.214300097111334e-07,0.0001128369682437439,-6.352641677093554e-07
-0.00010972295668370654,3.059042374528739e-07,0.00011002883406938551,-6.045849985716991e-07
-0.00010699981073263082,2.911234688490126e-07,0.00010729090928135497,-5.753775619999339e-07
-0.00010434437396749237,2.770508628083482e-07,0.00010462140170334164,-5.475690765894957e-07
-0.00010175496799343438,2.636547240465759e-07,0.00010201860125493855,-5.210970039863449e-07
-9.922996775852931e-05,2.5090473704009e-07,9.948085257775423e-05,-4.959015221793647e-07
-9.676778177357614e-05,2.387714767817631e-07,9.700653476604896e-05,-4.7192455140989915e-07
-9.436685211210005e-05,2.2722640878094484e-07,9.459406136676827e-05,-4.491097558953615e-07
-9.202565441035297e-05,2.1624188906346443e-07,9.224188037957535e-05,-4.2740254548513663e-07
-8.974269786731337e-05,2.057911641716293e-07,8.994847425688158e-05,-4.0675007725095625e-07
-8.751652524468591e-05,1.958483711642241e-07,8.7712359903875e-05,-3.871012570139059e-07
-8.534571286690211e-05,1.863885376165133e-07,8.553208867854853e-05,-3.684067408101708e-07
-8.322887062111963e-05,1.773875816202382e-07,8.34062463917254e-05,-3.5061893629755617e-07
-8.116464195722297e-05,1.6882231178361987e-07,8.13334533070846e-05,-3.336920041048132e-07
-7.915170388782272e-05,1.60670427231356e-07,7.931236414118361e-05,-3.1758185912570465e-07
-7.718876698825648e-05,1.5291051760462472e-07,7.734166806348165e-05,-3.0224617175974904e-07
-7.527457537483039e-05,1.4552206377388804e-07,7.542008867531504e-05,-2.8764437052905945e-07
-7.340789846008867e-05,1.38486566695859e-07,7.354637689397827e-05,-2.73739901657922e-07
-7.158756105020986e-05,1.3178858577389892e-07,7.171934208844502e-05,-2.6050230420952734e-07
-6.981242954193308e-05,1.2541326743177772e-07,6.993783580504095e-05,-2.47902269672427e-07
-6.808139317239239e-05,1.1934616349277253e-07,6.82007328356827e-05,-2.3591128132776873e-07
-6.639336401911647e-05,1.1357323117966686e-07,6.650693121788903e-05,-2.2450161508786878e-07
-6.474727700002916e-05,1.0808083311475211e-07,6.485535223479221e-05,-2.136463403021531e-07
-6.31420898734487e-05,1.0285573731982527e-07,6.324494041514756e-05,-2.0331932053149853e-07
-6.157678323808814e-05,9.788511721619005e-08,6.167466353334381e-05,-1.934952142920098e-07
-6.0050360533055636e-05,9.3156551624658e-08,6.0143512609412684e-05,-1.8414947576922603e-07
-5.856184803785378e-05,8.86580247655463e-08,5.865050190903711e-05,-1.752583555037274e-07
-5.7110294872379945e-05,8.437792625867899e-08,5.719466894356003e-05,-1.6679890104911187e-07
-5.5694772996926626e-05,8.030505112338765e-08,5.5775074469992734e-05,-1.587489576032678e-07
-5.431437721218076e-05,7.642859977850975e-08,5.439080249102183e-05,-1.5108716861385124e-07
-5.296822515922406e-05,7.273817804238955e-08,5.30409602550167e-05,-1.4379297635886815e-07
-5.165545731953334e-05,6.922379713287877e-08,5.1724678256036704e-05,-1.3684662250322348e-07
-5.037523105730419e-05,6.58765601302088e-08,5.044110496259684e-05,-1.302305219179715e-07
-4.9126741482406945e-05,6.268941813897546e-08,4.918942843676445e-05,-1.2393077424074336e-07
-4.790921702341775e-05,5.96554924331549e-08,4.796887022941256e-05,-1.1793380902083163e-07
-4.672190125952659e-05,5.676807441612669e-08,4.6778667212092825e-05,-1.1222638719787042e-07
-4.5564052899359073e-05,5.4020626343008756e-08,4.5618071556583144e-05,-1.0679560293604815e-07
-4.443494578097659e-05,5.140678132065796e-08,4.448635073489122e-05,-1.0162888399738091e-07
-4.333386887187591e-05,4.892034330766891e-08,4.3382787519257385e-05,-9.671399210049486e-08
-4.2260126268989465e-05,4.6555287114374824e-08,4.2306679982157994e-05,-9.203902326538708e-08
-4.1213037198685206e-05,4.4305758402847085e-08,4.1257341496308155e-05,-8.759240814461005e-08
-4.0191936016766884e-05,4.21660736868959e-08,4.0234100734664874e-05,-8.336291234132626e-08
-3.919617220847362e-05,4.013072033206936e-08,3.9236301670429185e-05,-7.933963671466093e-08
-3.822511038848013e-05,3.819435655565395e-08,3.8263303577048986e-05,-7.5512017672781e-08
-3.7278130300896935e-05,3.635181142667491e-08,3.731448102822156e-05,-7.186982745411142e-08
-3.635462681926991e-05,3.459808486589541e-08,3.638922389789543e-05,-6.840317439708979e-08
-3.5454009946580556e-05,3.292834764581703e-08,3.54869373602728e-05,-6.510250319885873e-08
-3.457570481524614e-05,3.1337941390680014e-08,3.460704188981169e-05,-6.195859516327741e-08
-3.371914861743738e-05,2.9822635403285245e-08,3.374897044836557e-05,-5.8963082216479595e-08
-3.288379908327555e-05,2.8379399493125086e-08,3.29121777361907e-05,-5.610999244096063e-08
-3.206914381607107e-05,2.700526165769236e-08,3.2096148384900266e-05,-5.339346532432721e-08
-3.1274680865728976e-05,2.5697294336434998e-08,3.130037751712567e-05,-5.080772527491808e-08
-3.0499917990033744e-05,2.4452635209697518e-08,3.0524370028600745e-05,-4.8347123420955766e-08
-2.97443726546492e-05,2.3268487198720805e-08,2.9767640588162676e-05,-4.600613777467042e-08
-2.90075720331187e-05,2.214211846564248e-08,2.9029713637753064e-05,-4.377937339013102e-08
-2.8289053006864844e-05,2.107086241349637e-08,2.8310123392418545e-05,-4.1661562514977614e-08
-2.7588362165189613e-05,2.005211768621279e-08,2.7608413840311758e-05,-3.964756473625098e-08
-2.6905055805274522e-05,1.908334816861874e-08,2.6924138742692304e-05,-3.773236712050652e-08
-2.6238699932180332e-05,1.8162082986437465e-08,2.6256861633927216e-05,-3.591108434839633e-08
-2.5588870258847186e-05,1.7285916506288695e-08,2.5606155821491813e-05,-3.417895884390292e-08
-2.4955152206094764e-05,1.6452508335688822e-08,2.4971604385970574e-05,-3.2531360898400034e-08
-2.4337140902621982e-05,1.5659583323050503e-08,2.4352800181057445e-05,-3.0963788789712564e-08
-2.3734441185007154e-05,1.4904931557682897e-08,2.374934583355666e-05,-2.9471868896347055e-08
-2.3146667597708104e-05,1.4186408369791771e-08,2.316085374338343e-05,-2.805135580705627e-08
-2.257344439306193e-05,1.3501934330479208e-08,2.2586946083564277e-05,-2.669813242589842e-08
-2.2014405310633217e-05,1.2849505543044276e-08,2.2027254589876884e-05,-2.540823066138005e-08
-2.1469190530529105e-05,1.2227698328837e-08,2.1481418018842912e-05,-2.4178840972452305e-08
-2.0937464128033813e-05,1.1635405468021545e-08,2.094909933860913e-05,-2.300778449357547e-08
-2.041890217805902e-05,1.1071439065004863e-08,2.0429973436270722e-05,-2.189271919031544e-08
-1.9913186753473306e-05,1.0534632931759752e-08,1.9923721218582576e-05,-2.083134485951228e-08
-1.9420005925101945e-05,1.0023842587824616e-08,1.9430029611959303e-05,-1.9821403197570635e-08
-1.8939053761727037e-05,9.53794526030363e-09,1.8948591562475616e-05,-1.886067786617351e-08
-1.8470030330087455e-05,9.075839883866661e-09,1.847910603586649e-05,-1.794699455549671e-08
-1.8012641694878962e-05,8.6364471007494e-09,1.8021278017527527e-05,-1.7078221045001944e-08
-1.756659991875402e-05,8.218709260753169e-09,1.7574818512514953e-05,-1.6252267261882998e-08
-1.7131623062321903e-05,7.82159042124502e-09,1.7139444545545916e-05,-1.546708533724035e-08
-1.6707435184148755e-05,7.444076347157814e-09,1.6714879160998775e-05,-1.4720669660056109e-08
-1.629376634075744e-05,7.085174510990062e-09,1.630085142291309e-05,-1.4011056929039804e-08
-1.589035258662762e-05,6.7439140928059935e-09,1.5897096414989887e-05,-1.3336326202415582e-08
-1.5496935974195835e-05,6.419345980235652e-09,1.5503355240591914e-05,-1.2694598945718309e-08
-1.511326455385534e-05,6.110542768474723e-09,1.5119375022743615e-05,-1.2084039077664554e-08
-1.473909237395619e-05,5.8165987602846306e-09,1.4744908904131366e-05,-1.1502853014164454e-08
-1.4374179480805313e-05,5.536629965992582e-09,1.4379716047103695e-05,-1.0949289710537322e-08
-1.4018291918666367e-05,5.269774103491456e-09,1.4023561633671274e-05,-1.0421640701992744e-08
-1.3671202024337326e-05,5.01520254200883e-09,1.3676217172028258e-05,-9.918264025143514e-09
-1.3332701934618481e-05,4.772678378608471e-09,1.3337474562090931e-05,-9.438700192690514e-09
-1.3002585930350029e-05,4.541879397786322e-09,1.3007127762502874e-05,-8.982318451046963e-09
-1.2680646569282036e-05,4.322243482351035e-09,1.2684968768917313e-05,-8.548007686253043e-09
-1.236668124176752e-05,4.113231980817079e-09,1.2370794433054716e-05,-8.134703078672868e-09
-1.2060492170762514e-05,3.9143297074047856e-09,1.2064406462702926e-05,-7.741386131968956e-09
-1.176188641182592e-05,3.725044942040257e-09,1.1765611421717114e-05,-7.367084700901697e-09
-1.14706758531196e-05,3.5449094303554176e-09,1.147422073001995e-05,-7.010873017994431e-09
-0.6,1.1,1.1720000000000002,-1.9840000000000002
-0.5709996815538847,1.0512470899051252,1.1420373686027903,-1.9068697980094678
-0.542763649240835,1.0043983049171343,1.1110412427434633,-1.8320411824719318
-0.515315448997379,0.959396650264307,1.0791985667836599,-1.7594632933433918
-0.48867406966405186,0.9161862542744277,1.0466871515812408,-1.6890911007316394
-0.46285411844475216,0.8747123329780593,1.0136750868041617,-1.6208843049793573
-0.43786613730028395,0.8349211257812883,0.9803203124445663,-1.554806199046014
-0.4137168822354377,0.7967597068146774,0.9467702356147634,-1.4908224184413883
-0.3904094831914342,0.760175966378441,0.9131615246351901,-1.4289001940174004
-0.36794380048785275,0.7251186660291835,0.8796201322902685,-1.3690077478679001
-0.34631671494572513,0.6915373398301348,0.8462613029420376,-1.3111135194297903
-0.3255222971056156,0.6593822711545616,0.8131896629986165,-1.2551856827613732
-0.30555213338977394,0.6286045954605723,0.7804995486890713,-1.2011919271897193
-0.28639561182351825,0.5991562720994258,0.7482753022222933,-1.1490990763157911
-0.268040090033648,0.5709900593600469,0.716591567858347,-1.098872824800946
-0.25047116814500625,0.5440596215625692,0.68551379054493,-1.0504777594819839
-0.23367295290102655,0.5183195410520037,0.655098687789889,-1.0038772527535162
-0.21762820522284046,0.49372529235256757,0.6253946581771588,-0.9590333632800263
-0.20231856610846016,0.47023333895122366,0.5964423571612797,-0.9159069965871373
-0.18772478037744716,0.4478011549223598,0.5682752365313531,-0.8744579539440631
-0.17382681296516653,0.4263871983170249,0.5409199890641155,-0.8346449400906736
-0.16060403875755458,0.405950995490453,0.5143971387172743,-0.7964257966217632
-0.1480354141296073,0.386453150237826,0.48872156265771494,-0.7597576101737374
-0.136099561320888,0.3678553185751988,0.4639029219059747,-0.7245967827953548
-0.12477492989920229,0.3501202802873378,0.4399462234432268,-0.6908992906958652
-0.11403991105055412,0.33321192355759993,0.4168522681093598,-0.6586207863277489
-0.1038728989552076,0.31709522691922726,0.39461804550246726,-0.6277167063560393
-0.09425242445363478,0.30173631361055486,0.373237234781392,-0.5981425155118768
-0.08515721461206846,0.28710241063379666,0.35270055196747757,-0.5698537705473018
-0.07656624654222537,0.2731618455491966,0.3329961103216227,-0.5428062570326543
-0.0684588430264467,0.2598840720587452,0.31410982476987714,-0.5169561762043786
-0.06081469350985123,0.2472396166939323,0.2960256689935959,-0.49226017721984633
-0.05361390887758478,0.23520009115252757,0.27872600302607137,-0.4686755115699748
-0.04683707002224399,0.22373817793967937,0.26219185539647527,-0.4461601292023976
-0.04046523349165002,0.21282758831182752,0.24640312735987527,-0.42467271555073477
-0.03447998241753074,0.2024430741711166,0.23133886967827055,-0.4041728268297253
-0.028863429520326632,0.19256038111998436,0.21697744824921988,-0.38462090370176377
-0.02359823291354259,0.18315623385547403,0.20329673599614562,-0.36597834175296295
-0.018667617744707807,0.17420831976349008,0.19027429405116375,-0.34820755155562266
-0.014055364668822214,0.16569524469980057,0.17788748369810645,-0.331271957434017
-0.00974583076819653,0.15759652817095954,0.16611363166458845,-0.3151360676115017
-0.005723935669424172,0.14989255827577272,0.15493011365648013,-0.2997654584878168
-0.0019751661365686336,0.14256457588843888,0.14431447104695222,-0.28512681100811754
0.0015144305962835306,0.1355946424339561,0.13424449077782785,-0.2711879087678936
0.004758256403119962,0.12896561156816203,0.12469827632266325,-0.25791763853392535
0.007769166537774934,0.12266110517015055,0.11565431827539516,-0.24528599437108609
0.010559485073297185,0.11666548089276203,0.10709153774270978,-0.23326406015051615
0.013141011025536031,0.11096381027832382,0.09898934057623014,-0.22182400885418369
0.015525036831675845,0.10554184545010296,0.09132764144874383,-0.210939074839031
0.01772235432205542,0.10038600057134153,0.0840869072661656,-0.2005835520370532
0.019743277584463613,0.09548331568517755,0.07724816098571989,-0.1907327531644888
0.021597647406933134,0.09082144272543949,0.07079301891608476,-0.18136301042677044
0.02329485532177348,0.08638860940561227,0.06470368220988115,-0.17245162864054714
0.024843852430464948,0.08217360284234115,0.05896295750203201,-0.1639768754825303
0.026253165245268013,0.07816574399607867,0.05355425730572936,-0.15591795078092013
0.027530916492285142,0.0743548591720494,0.0484615886146933,-0.14825494752635568
0.028684829522662658,0.07073126938325805,0.04366957138393962,-0.14096884709966956
0.029722254635228894,0.06728575579823605,0.03916340865673436,-0.13404146414411128
0.03065017746452842,0.06400954681049012,0.03492889252129415,-0.12745543359381598
0.03147523157321132,0.060894299379001385,0.03095239754534409,-0.1211941846364504
0.03220372185850681,0.05793206989551648,0.027220850649491903,-0.11524189197010892
0.032841627679836734,0.05511530772929599,0.023721741182183387,-0.10958347195339536
0.03339462251200411,0.052436830120305866,0.020443094126376717,-0.10420453975298018
0.033868090038884385,0.04988980243606429,0.01737345025392133,-0.0990913763583994
0.03426712740476459,0.04746773205356287,0.01450187090631401,-0.09423092249478111
0.03459656710280076,0.04516444197522888,0.011817902590393366,-0.0896107304772786
0.03486098751077058,0.04297405787430535,0.009311564839409404,-0.08521894267847505
0.03506471723428196,0.040891001344916335,0.006973349230303285,-0.08104428205300059
0.0352118563869418,0.03890996497636315,0.004794182268436259,-0.07707600505459752
0.0353062838207548,0.037025903444388546,0.002765417268215703,-0.07330388668243808
0.035351662014957534,0.03523402667609642,0.0008788297831223688,-0.06971820934786095
0.03535145659418684,0.03352977736926509,-0.000873418049495896,-0.06630971944853177
0.03530894189127632,0.0319088242076915,-0.0024987842277701573,-0.06306961558889408
0.035227205512215254,0.030367055778279656,-0.004004352522173708,-0.0599895379516394
0.03510916585896242,0.028900560617817237,-0.005396865580226828,-0.057061529119247195
0.034957577052732315,0.027505621343680852,-0.006682731807047462,-0.05427802337132307
0.03477503250484361,0.026178709954198194,-0.007868030158971723,-0.051631838176968634
0.03456398046201754,0.024916470265981497,-0.008958540282871387,-0.04911613928473575
0.03432672891420247,0.02371571221671879,-0.009959750438067246,-0.04672442984266809
0.03406544801912495,0.02257340863508787,-0.010876860761258638,-0.04445054442092952
0.033782183368461255,0.021486680325300593,-0.01171480946337761,-0.04228861910271698
0.03347886149487329,0.020452789808178988,-0.012478282792956874,-0.04023307911616223
0.033157291282362826,0.01946913937572243,-0.013171716766402199,-0.038278635172334784
0.03281917448429623,0.018533259275602367,-0.013799318192750903,-0.03642025962290633
0.03246611228881975,0.017642800343134354,-0.014365077436061855,-0.034653171617978554
0.032099606168423334,0.01679553281258206,-0.014872769364903102,-0.03297283479546339
0.031721065117244346,0.015989338150643705,-0.015325967897274074,-0.03137494071798393
0.03133181343453241,0.01522220037124666,-0.015728061749609775,-0.029855391222635513
0.030933091668566854,0.0144922048488156,-0.016082255858896805,-0.02841029600152562
0.030526060387845767,0.013797533996638477,-0.016391578906419495,-0.02703596377559551
0.03011180874968459,0.013136457717223809,-0.01665890103051729,-0.02572888281874107
0.02969135604870856,0.012507331617304017,-0.01688693672238963,-0.024485717260201323
0.02926565304006087,0.011908595411274866,-0.01707824737158534,-0.023303303753832997
0.028835589565750643,0.011338764411069102,-0.017235257189289276,-0.022178634086775548
0.02840199745198841,0.010796426266877346,-0.01736025912805312,-0.02110884845819704
0.02796565096096393,0.010280240374703693,-0.017455415694969223,-0.020091234169205108
0.02752727144479598,0.009788932651383687,-0.017522768708412722,-0.019123214898850084
0.02708753220678166,0.00932129007987698,-0.017564249530706743,-0.0182023395191219
0.026647059090459186,0.008876160004367356,-0.01758168023798563,-0.01732628055383246
0.026206431902104338,0.008452448494828691,-0.017576776594567026,-0.016492830745833603
0.025766190177744425,0.008049113856367862,-0.01755116032266817,-0.01569988977897031
0.02532683453518129,0.007665165089655432,-0.017506361951197418,-0.014945461050767394
0.02488882695709344,0.00729966152811009,-0.01744382141888856,-0.014227650831840096
0.024452594325631617,0.006951708839485831,-0.0173648956332483,-0.013544660057419314
0.024018531766267153,0.006620455223757178,-0.01727086565123081,-0.012894776526590044
0.023587003033951753,0.006305090949750607,-0.01716293752471226,-0.012276373872227025
0.023158341153204365,0.006004847612651999,-0.017042243692882927,-0.011687909966323079
0.022732852601863803,0.005718993351947393,-0.016909852023595722,-0.011127917151443945
0.02231081851638036,0.005446831460699608,-0.01676676844111357,-0.010594999347676699
0.021892494836783655,0.005187700193794064,-0.016613937283223655,-0.01008783158948097
0.02147811388702584,0.00494097095195884,-0.016452244745612073,-0.009605156278231249
0.02106788752984491,0.004706044623615401,-0.0162825257711569,-0.009145775716248685
0.02066200755927901,0.0044823511191255565,-0.016105564941988084,-0.008708551104423291
0.020260645767111753,0.004269349275551477,-0.01592209667289786,-0.008292402290962723
0.01986395607265927,0.004066524375587206,-0.015732809887820012,-0.007896302700660489
0.019472076510995518,0.0038733858027403534,-0.015538352416489114,-0.007519274547290669
0.019085129413604893,0.003689466815383293,-0.015339331436910568,-0.007160388331926159
0.01870322145385651,0.0035143244833139575,-0.015136313619284848,-0.006818762670976716
0.018326445817902527,0.003347537112773973,-0.014929829939112018,-0.006493559055758036
0.017954883450829524,0.0031887027473811733,-0.014720378474497496,-0.006183978790922623
0.017588603181087018,0.0030374390032822485,-0.014508424730352378,-0.00588926262944745
0.01722766172812925,0.0028933830544669026,-0.014294401694052541,-0.005608690711762496
0.016872105631436308,0.00275618929750947,-0.014078714160352588,-0.005341577825955933
0.01652197214848878,0.00262552824648289,-0.01386174077835512,-0.005087271154760516
0.01617728934772947,0.0025010864034276563,-0.013643834305556279,-0.0048451499924712154
0.015838076053387877,0.0023825663177273193,-0.013425321522426634,-0.0046146258436109
0.015504343384386015,0.0022696846832301067,-0.013206506724593442,-0.004395138568191641
0.015176095581936618,0.0021621712929601545,-0.012987673634411277,-0.004186154259653063
0.014853330072552968,0.002059768948028516,-0.012769085582077842,-0.003987165047510508
0.014536037373532517,0.001962233557576595,-0.012550985335693095,-0.0037976892856383497
0.014224202110450878,0.001869332856226651,-0.012333597439537287,-0.003617268957045929
0.013917803956973118,0.0017808451827321414,-0.012117130410936188,-0.003445467205273441
0.013616817679576594,0.001696559416382436,-0.0119017768709898,-0.003281868198533574
0.013321213093732027,0.0016162750016116307,-0.011687713497148764,-0.0031260771722500906
0.013030955435432317,0.0015398014778039337,-0.011475101890079043,-0.0029777194758717337
0.012746006462670545,0.0014669570052808535,-0.011264091182613876,-0.0028364376021138434
0.012466324548805354,0.001397568236999791,-0.01105481828042833,-0.002701890925345894
0.012191864729192554,0.0013314702263543805,-0.010847408018925645,-0.0025737555133638033
0.01192257857877119,0.0012685065887980498,-0.010641972894387034,-0.0024517244496159154
0.01165841514973762,0.0012085282182500306,-0.010438615312536764,-0.0023355052502178823
0.011399321328786646,0.0011513927775744133,-0.010237428474214461,-0.0022248188390946687
0.011145241852876714,0.0010969646707215904,-0.010038496432907721,-0.002119399491867712
0.010896119252997489,0.0010451150771575493,-0.009841894017028889,-0.002018994905449773
0.010651894010259521,0.0009957217519571473,-0.009647687200249928,-0.001923365796310813
0.010412505311062446,0.0009486679146054485,-0.009455934988697587,-0.0018322836690991549
0.010177891119777847,0.0009038421369868556,-0.009266689617303215,-0.0017455305933860796
0.009947988197709774,0.0008611382996787075,-0.009079996623117625,-0.0016628991178483513
0.009722731987179543,0.0008204557196612703,-0.00889589461066258,-0.001584192528945826
0.0095020569184895,0.0007816987159257627,-0.008714416006010268,-0.001509223980442197
0.009285896897227107,0.0007447758316261757,-0.00853558833633371,-0.0014378149345407923
0.00907418532120313,0.0007095998051444775,-0.008359434283950036,-0.0013697951067428318
0.008866855093049377,0.0006760875299270964,-0.008185971746995816,-0.0013050023883095113
0.008663838501191271,0.0006441601935026238,-0.008015213587780325,-0.001243283128460413
0.008465067473855831,0.0006137429024094641,-0.00784716827138197,-0.001184491384416769
0.008270473946314154,0.0005847640394649874,-0.007681840886246657,-0.001128487635351978
0.00807998987131845,0.0005571552436370872,-0.007519233180701091,-0.001075138745481809
0.007893547225350121,0.000530851386566675,-0.007359343598391841,-0.0010243179204540505
0.0077110779239103495,0.0005057906467037507,-0.007202167124334665,-0.0009759048597583308
0.007532513902399921,0.00048191441544968627,-0.007047695465322921,-0.0009297855714854637
0.0073577874606302295,0.0004591666363352426,-0.006895918063879653,-0.0008858510508810007
0.007186831286799481,0.0004374937526244572,-0.0067468221791437116,-0.0008439971788819624
0.00701957845775648,0.0004168447063555005,-0.006600392892104209,-0.0008041247236762417
0.006855962418357496,0.0003971709031570055,-0.0064566131241719235,-0.0007661392739048527
0.0066959168847282105,0.0003784264103694614,-0.006315463344926092,-0.0007299516389826098
0.006539376122720557,0.00036056740280756227,-0.0061769224112213535,-0.0006954767415704799
0.00638627503288722,0.00034355195087611113,-0.0060409678682140045,-0.0006626331964748151
0.006236549150481672,0.0003273400205700244,-0.005907575952209884,-0.0006313433139562245
0.006090134645626738,0.00031189346150380516,-0.005776721605582414,-0.0006015330790064924
0.005946968255728522,0.0002971760431325503,-0.005648378375400074,-0.000573132227404315
0.005806987292597548,0.00028315351939753157,-0.0055225183580888204,-0.0005460743779452295
0.0056701298323764745,0.00026979312669245004,-0.005399112896039042,-0.0005202960299952967
0.005536334733121097,0.00025706351911439066,-0.005278132662255114,-0.0004957364368624835
0.0054055416348003805,0.0002449347684638253,-0.005159547662265562,-0.0004723376087083144
0.005277690957175409,0.0002333783536023437,-0.00504332724451194,-0.0004500442941010168
0.00515272383011914,0.00022236719920030939,-0.004929439993505745,-0.00042880406067893217
0.005030582111826543,0.0002118757460719369,-0.0048178536790841105,-0.0004085674383135763
0.004911208504966929,0.00020187953180356,-0.004708535795184511,-0.0003892870822195643
0.004794546563985617,0.00019235513782769051,-0.004601453621625818,-0.00037091766960284524
0.004680540695103926,0.00018328018942301747,-0.004496574225372748,-0.0003534159021269206
0.0045691361561863725,0.00017463335516820856,-0.004393864462156424,-0.0003367405072081554
0.0044602790111802895,0.00016639432938819556,-0.004293290949684134,-0.0003208522054618459
0.0043539161019843856,0.00015854400029053332,-0.004194819871873262,-0.0003057140493271953
0.0042499951302218475,0.00015106414257945837,-0.004098417370146139,-0.0002912908099947711
0.004148464660288893,0.0001439372860482538,-0.004004049679245064,-0.0002775487166739081
0.0040492741193547555,0.00013714671557924862,-0.003911683128058747,-0.0002644554586222915
0.003952373797361707,0.0001306764711438192,-0.0038212841404095038,-0.0002519801871071956
0.0038577148415516794,0.00012451134094999174,-0.003732819237203348,-0.00024009350362074662
0.0037652491869448086,0.00011863689325111742,-0.003646254935721007,-0.00022876752563836172
0.0036749296047867857,0.00011303956136441715,-0.003561557713477912,-0.00021797605816875127
0.0035867097063497,0.0001077063546254947,-0.0034786943025821486,-0.0002076940173404155
0.0035005439334501623,0.00010262481774583133,-0.0033976317215577857,-0.00019789735079365383
0.0034163875584493283,9.778303081278705e-05,-0.0033183372758526244,-0.00018856303925585767
0.0033341966842528707,9.316960928959915e-05,-0.0032407785583213784,-0.0001796690980616286
0.003253928240900462,8.877370093653128e-05,-0.0031649234493619093,-0.00017119457247490483
0.003175539916269611,8.458499769325935e-05,-0.003090740036147158,-0.00016311956313062574
0.003098990215925233,8.059384664551234e-05,-0.003018196561645946,-0.00015542544907598448
0.003024238437688329,7.67910170252066e-05,-0.0029472616331868372,-0.00014809442317361828
0.002951244647664232,7.31676492170798e-05,-0.002877904249940645,-0.00014110939145193951
0.0028799696802426227,6.971525475869186e-05,-0.0028100938032279664,-0.00013445397430191365
0.00281037513809752,6.642571634042459e-05,-0.0027438000768117087,-0.0001281125076307472
0.0027424233921872782,6.32912878054813e-05,-0.0026789932471752375,-0.00012207004397375301
0.0026760775551457516,6.030458594997621e-05,-0.002615643865396629,-0.0001163123372512595
0.002611301443896669,5.7458666217741535e-05,-0.0025537227441604807,-0.00011082599529694497
0.002548059658747099,5.474699608705021e-05,-0.0024932010637703154,-0.00010559842735937979
0.0024863174929125945,5.216329960552584e-05,-0.002434050437687631,-0.00010061753440571379
0.002426040926727329,4.970155185047812e-05,-0.002376242912477722,-9.587169895406264e-05
0.002367196627644089,4.735597892890258e-05,-0.002319750967984291,-9.134978593344744e-05
0.0023097519502342906,4.512105797748122e-05,-0.0022645475174954814,-8.704114351199577e-05
0.002253674936187962,4.2991517162581784e-05,-0.0022106059079016215,-8.293560389436247e-05
0.0021989342919826148,4.0962330828235356e-05,-0.0021578999023752292,-7.902347444419646e-05
0.0021454993469842746,3.902877409531642e-05,-0.00210640358392149,-7.529564772188687e-05
0.0020933401547973585,3.718642558052754e-05,-0.002056091454146526,-7.174360735884286e-05
0.002042427376867017,3.543103666677875e-05,-0.002006938447944815,-6.835916757969197e-05
0.0019927322710785985,3.3758524182381614e-05,-0.0019589199295357673,-6.513445922224438e-05
0.0019442266917576577,3.216497040104964e-05,-0.0019120116925614135,-6.206193034473353e-05
0.001896883089669954,3.064662304189811e-05,-0.001866189960179253,-5.9134346810270714e-05
0.0018506745120214444,2.919989526944389e-05,-0.0018214313851504576,-5.634479284922029e-05
0.0018055746024582939,2.782136569360581e-05,-0.0017777130499236464,-5.3686671600186163e-05
0.0017615575416004897,2.6507779796957216e-05,-0.0017350124058200024,-5.1153708610492695e-05
0.0017185981159731122,2.5256121095315138e-05,-0.0016933072707800922,-4.874009450009448e-05
0.0016766717079996064,2.406353046261145e-05,-0.0016525759002244179,-4.64403241153791e-05
0.0016357542041943284,2.292725509873978e-05,-0.001612796946412454,-4.424909510755591e-05
0.0015958219951544362,2.1844648527084692e-05,-0.0015739494584908747,-4.2161308350038176e-05
0.0015568519755599004,2.0813170594521977e-05,-0.0015360128825447723,-4.01720683447611e-05
0.0015188215441734928,1.9830387471418325e-05,-0.0014989670616462976,-3.827668361300932e-05
0.001481708603840796,1.889397165163159e-05,-0.0014627922359008788,-3.6470667071245675e-05
0.0014454915614901995,1.800170195251069e-05,-0.0014274690424910768,-3.4749736392417756e-05
0.0014101492837601877,1.7151465451624717e-05,-0.0013929784694071854,-3.3109818301755815e-05
0.001375661138100179,1.634130767529427e-05,-0.001359301846343353,-3.154714921046109e-05
0.0013420070237666558,1.5569386439701988e-05,-0.0013264209219461876,-3.0058183168300554e-05
0.0013091672574161643,1.483392661197273e-05,-0.001294317794731376,-2.8639501879211124e-05
0.0012771225718763673,1.4133219852135088e-05,-0.001262974912140963,-2.7287814466112512e-05
0.0012458541161460392,1.34656246131213e-05,-0.0012323750705698373,-2.599995773901178e-05
0.0012153434553950739,1.2829566140767396e-05,-0.0012025014153909108,-2.477289645279181e-05
0.0011855725709644814,1.2223536473813132e-05,-0.0011733374409790174,-2.3603723555012266e-05
0.0011565238603663836,1.1646094443901921e-05,-0.0011448669907335983,-2.2489660424045784e-05
0.0011281801321445625,1.1095865427861908e-05,-0.0011170742522087608,-2.142805660938438e-05
0.0011005245515659625,1.057155759116984e-05,-0.0010899436865678507,-2.0416422609180004e-05
0.0010735407686400223,1.0071982965574173e-05,-0.0010634601355269805,-1.945247206198902e-05
0.0010472128101872307,9.59600323426399e-06,-0.001037608767706956,-1.8534013666635836e-05
0.0010215250397891857,9.142521207124015e-06,-0.0010123750471305898,-1.765893437009825e-05
0.000996462157788601,8.710480820734739e-06,-0.0009877447332362552,-1.6825199542326648e-05
0.0009720092012893025,8.298867138372365e-06,-0.0009637038808907551,-1.603085314431009e-05
0.000948151544156227,7.906706350008769e-06,-0.0009402388404015502,-1.5274017889606036e-05
0.000924874897015427,7.533065772311597e-06,-0.0009173362575283711,-1.4552895399545616e-05
0.0009021653072540651,7.177053848644149e-06,-0.0008949830734942285,-1.3865766352320604e-05
0.0008800091540751877,6.837820098060112e-06,-0.0008731665201017034,-1.3210990529366548e-05
0.0008583931045385584,6.514568576855647e-06,-0.0008518740623131065,-1.2587033920559688e-05
0.0008373042309139532,6.206569445538307e-06,-0.0008310935040389299,-1.199249186601277e-05
0.0008167299079231447,5.913122642824992e-06,-0.0008108129217410305,-1.1426016640152295e-05
0.0007966577780779784,5.63355295427467e-06,-0.0007910206347126803,-1.0886307739326054e-05
0.0007770757516803701,5.367210012288341e-06,-0.000771705205085078,-1.0372111990266915e-05
0.0007579720068223096,5.11346829610911e-06,-0.0007528554378335396,-9.882223654342477e-06
0.00073933498938586,4.871727131822142e-06,-0.0007344603807833761,-9.41548452772617e-06
0.0007211534130431546,4.641410692354648e-06,-0.0007165093246154702,-8.970784037623022e-06
0.0007034162592564013,4.42196799747594e-06,-0.0006989918028715755,-8.54705933468012e-06
0.0006861127772778786,4.212872913797363e-06,-0.000681897591959333,-8.143295381708349e-06
0.000669232451303498,4.0136276613504695e-06,-0.0006652166748022447,-7.758532078374325e-06
0.0006527650593079248,3.823779507212585e-06,-0.0006489392829769867,-7.391897680833203e-06
0.000636700668338913,3.6429003574553495e-06,-0.0006330559124317838,-7.042568070272768e-06
0.0006210295552334504,3.4705768414804308e-06,-0.0006175572541273362,-6.709747057876787e-06
0.0006057422064013937,3.306410303806723e-06,-0.0006024341938317689,-6.392666435243829e-06
0.0005908293178254721,3.15001680407039e-06,-0.0005876778121235781,-6.090586038459512e-06
0.0005762817950612858,3.0010271170248466e-06,-0.0005732793843944257,-5.8027938096582586e-06
0.0005620907532373045,2.8590867325407425e-06,-0.0005592303808517916,-5.528605856156557e-06
0.0005482475170548705,2.7238558556059944e-06,-0.0005455224665214968,-5.26736650723789e-06
0.0005347436207881968,2.5950094063257707e-06,-0.0005321475012500903,-5.018448368667339e-06
0.0005215708070700441,2.472237022778186e-06,-0.0005190975384899386,-4.781252381483754e-06
0.0005087209930581568,2.3552484906493594e-06,-0.0005063647860360266,-4.5552187520318724e-06
0.0004961863593107938,2.2437810689137096e-06,-0.0004939416875750323,-4.339841595927759e-06
0.0004839592873124032,2.1375834822644633e-06,-0.00048182087622743587,-4.134637009463369e-06
0.00047203232003143337,2.036412977807725e-06,-0.0004699951380514317,-3.9391372489228955e-06
0.0004603981619203296,1.9400353250624473e-06,-0.000458457412044309,-3.752890769625124e-06
0.00044904967891553683,1.8482248159604543e-06,-0.00044720079014376826,-3.5754622634404206e-06
0.00043797989843749846,1.7607642648464319e-06,-0.00043621851722916894,-3.406432694831671e-06
0.00042718200939065505,1.677445008477919e-06,-0.0004255039911227136,-3.2453993354676157e-06
0.0004166493621634475,1.5980669060253284e-06,-0.0004150507625905765,-3.0919757974559324e-06
0.00040637546862831345,1.5224383390719236e-06,-0.0004048525353439667,-2.945792065242118e-06
0.0003963540021416903,1.4503762116138381e-06,-0.00039490316604014355,-2.8064945262194353e-06
0.0003865787726629146,1.3817082705960905e-06,-0.0003851966370810486,-2.673750652708042e-06
0.00037704378216007296,1.3162800442131375e-06,-0.0003757271050796948,-2.5472628802269313e-06
0.0003677432103185947,1.2539451391807944e-06,-0.0003664888962755651,-2.426749237120333e-06
0.00035867135931486044,1.1945619730949441e-06,-0.0003574764545776322,-2.311936859794226e-06
0.0003498226537944024,1.1379937743245212e-06,-0.0003486843415432762,-2.2025620151843875e-06
0.0003411916408719068,1.0841085820115244e-06,-0.00034010723637886643,-2.0983701225425305e-06
0.0003327729901312122,1.0327792460710097e-06,-0.0003317399359403109,-1.999115774365499e-06
0.00032456149362530937,9.838834271910855e-07,-0.0003235773547335785,-1.904562756495596e-06
0.0003165520658763429,9.373035968329247e-07,-0.00031561452491519804,-1.814484067419501e-06
0.00030873974387560905,8.929270372307518e-07,-0.0003078465962927265,-1.7286619367924775e-06
0.0003011196870835574,8.506458413918538e-07,-0.00030026883632519786,-1.6468878432141277e-06
0.00029368717495045066,8.103569705175251e-07,-0.00029287662758677364,-1.5689626469968243e-06
0.0002864375873483532,7.719658461091258e-07,-0.0002856654446062165,-1.4947037973506843e-06
0.0002793664757141393,7.353874628729532e-07,-0.00027863092389718335,-1.423947549094143e-06
0.0002724695031103437,7.005400346296721e-07,-0.00027176881037507795,-1.3565362911842255e-06
0.0002657424239336873,6.673444111156292e-07,-0.0002650749376491946,-1.2923174007043675e-06
0.0002591810839150767,6.357240779828502e-07,-0.0002585452280229693,-1.231143255410064e-06
0.0002527814201196035,6.05605156799036e-07,-0.0002521756924942192,-1.1728712457834619e-06
0.00024653946094654563,5.769164050475695e-07,-0.00024596243075537046,-1.117363786612851e-06
0.00024045132612936663,5.495892161275126e-07,-0.00023990163119367444,-1.0644883281126026e-06
0.00023451322673571505,5.235576193536027e-07,-0.0002339895708914121,-1.0141173665988075e-06
0.0002287214651674258,4.987582799562591e-07,-0.0002282226156260899,-9.661284547355177e-07
0.00022307243516051938,4.7513049908157944e-07,-0.00022259721987062382,-9.204042113660924e-07
0.00021756262168893555,4.5261621500346227e-07,-0.0002171099266960358,-8.768323333932268e-07
0.00021218858180190698,4.311615978028948e-07,-0.00021175734701404974,-8.353087990575268e-07
0.00020694699674721028,4.1071929689857554e-07,-0.0002065362094526117,-7.957423581195372e-07
0.0002018346475478819,3.9124411889411655e-07,-0.0002014433402556927,-7.580459028177665e-07
0.00019684838211676006,3.726922653405882e-07,-0.0001964756311603239,-7.221349593559848e-07
0.00019198511525648417,3.5502133273651725e-07,-0.00019163003939669845,-6.879276947850072e-07
0.00018724182865949597,3.3819031252789164e-07,-0.00018690358768827002,-6.553449236159321e-07
0.0001826155709080384,3.2215959110815533e-07,-0.00018229336425184414,-6.243101141734693e-07
0.00017810345747415652,3.0689094981821256e-07,-0.00017779652279766695,-5.947493946978759e-07
0.0001737026707196972,2.92347564946426e-07,-0.00017341028252950853,-5.665915592037587e-07
0.00016941045989630853,2.7849400772861507e-07,-0.00016913192814474156,-5.397680731038629e-07
0.00016522414114544074,2.652962443480595e-07,-0.0001649588098344174,-5.142130786057699e-07
0.00016114109749834588,2.5272163593549723e-07,-0.00016088834328333696,-4.898633998892117e-07
0.00015715877805948,2.4073895583229594e-07,-0.0001569180088362556,-4.6665858275190253e-07
0.00015327468285089503,2.293199169075261e-07,-0.00015304533481483749,-4.4454395677322677e-07
0.000149486414433615,2.184397349355225e-07,-0.0001492679485756613,-4.234717570109139e-07
0.00014579164260411463,2.080745274821447e-07,-0.00014558354380821077,-4.033959331323659e-07
0.00014218808517980688,1.9820112080981279e-07,-0.00014198986151352678,-3.842717706793656e-07
0.000138673507999042,1.8879704987750463e-07,-0.00013848469000424514,-3.6605589466255305e-07
0.00013524572492110848,1.7984055834075843e-07,-0.00013506586490463437,-3.4870627301585517e-07
0.000131902597826232,1.7131059855166998e-07,-0.00013173126915062995,-3.3218221991535473e-07
0.00012864203661557686,1.6318683155889625e-07,-0.00012847883298986888,-3.164443989670305e-07
0.00012546199921124434,1.5544962710765148e-07,-0.0001253065339817199,-3.014548262676536e-07
0.0001223604915562736,1.480800636397091e-07,-0.00012221239699731438,-2.8717687334308243e-07
0.00011933556761464217,1.4105992829340318e-07,-0.00011919449421957549,-2.735752699680611e-07
0.00011638532937126474,1.3437171690362532e-07,-0.00011625094514324388,-2.60616106871536e-07
0.00011350792683199391,1.279986340018268e-07,-0.00011337991657490442,-2.482668383314352e-07
0.0001107015525261378,1.2192480638026307e-07,-0.00011057961692194525,-2.3649671252150777e-07
0.00010796444677023231,1.1613675700982722e-07,-0.00010784829998230991,-2.2527972095981303e-07
0.00010529492768903822,1.106221032499788e-07,-0.00010518429626743115,-2.1459199342173373e-07
0.00010269135022642087,1.053687889527671e-07,-0.00010258597278109753,-2.0441026985873893e-07
0.00010015210304475448,1.0036510098500382e-07,-0.00010005172990234872,-1.9471193572343536e-07
9.767560852492089e-05,9.559966922826087e-08,-9.758000138548793e-05,-1.854750237560936e-07
9.526032276631025e-05,9.106146657887155e-08,-9.516925436009563e-05,-1.7667821570161814e-07
9.290473558682153e-05,8.673980894793138e-08,-9.281798933104238e-05,-1.6830084395918843e-07
9.06073705228614e-05,8.262435526129627e-08,-9.052474017849964e-05,-1.603228931667523e-07
8.836678482934477e-05,7.870510745958345e-08,-8.828807415795135e-05,-1.5272500172252148e-07
8.618156947969538e-05,7.497241049817233e-08,-8.61065919002052e-05,-1.454884632455545e-07
8.405034916584469e-05,7.141695234720276e-08,-8.397892741140165e-05,-1.3859522797746528e-07
8.197178229823242e-05,6.802976399157596e-08,-8.190374807302405e-05,-1.3202790412726264e-07
7.994456100580705e-05,6.48022194309552e-08,-7.987975464190811e-05,-1.2576975916126366e-07
7.796741044697721e-05,6.172605113766918e-08,-7.790568054574325e-05,-1.1980475202025391e-07
7.603907967297427e-05,5.8794121112543526e-08,-7.598028197534104e-05,-1.141190772425793e-07
7.415837815526316e-05,5.6000333975386704e-08,-7.410237449897261e-05,-1.08700988920402e-07
7.232415048676404e-05,5.33387299860016e-08,-7.227080867063536e-05,-1.0353899032582394e-07
7.053526435219794e-05,5.080350597538221e-08,-7.048445797947158e-05,-9.862187784042375e-08
6.879061052808654e-05,4.8389015345713214e-08,-6.87422188497729e-05,-9.393874183333029e-08
6.708910288275259e-05,4.6089768070370706e-08,-6.704301064098527e-05,-8.947896750537387e-08
6.542967837631923e-05,4.3900430693921155e-08,-6.538577564771245e-05,-8.523223570038516e-08
6.381129706071032e-05,4.1815826332121896e-08,-6.37694790997205e-05,-8.118852368470167e-08
6.223294207965083e-05,3.983093467192162e-08,-6.219310916194192e-05,-7.733810589590972e-08
6.069361966866612e-05,3.794089197145943e-08,-6.0655676934478606e-05,-7.367155466182804e-08
5.919235915508228e-05,3.614099106006534e-08,-5.91562164526058e-05,-7.017974089072413e-08
5.7728212958026464e-05,3.442668133826065e-08,-5.769378468677557e-05,-6.685383473372494e-08
5.630025658842626e-05,3.2793568777757104e-08,-5.626746154261943e-05,-6.368530622036063e-08
5.490758864900997e-05,3.1237415921457385e-08,-5.4876349860951565e-05,-6.066592586816544e-08
5.354933083430696e-05,2.9754141883455356e-08,-5.3519575417772e-05,-5.7787765267229474e-08
5.2224621658108095e-05,2.8340093858657e-08,-5.21962803802089e-05,-5.504374105291448e-08
5.0932634113539705e-05,2.6992436601177288e-08,-5.090564057710181e-05,-5.242839327170835e-08
4.9672577746275166e-05,2.5708383203553747e-08,-4.964686834147029e-05,-4.993634741913164e-08
4.8443677610459046e-05,2.4485211165445716e-08,-4.841919145037066e-05,-4.756234839063578e-08
4.7245174130652e-05,2.3320264427195844e-08,-4.722185298480884e-05,-4.530126496721031e-08
4.607632310183101e-05,2.2210953369830382e-08,-4.605411132974193e-05,-4.3148090209310165e-08
4.493639568938965e-05,2.1154754815059406e-08,-4.491524017407984e-05,-4.109794183558677e-08
4.382467842913759e-05,2.0149212025276355e-08,-4.3804528510686125e-05,-3.914606258690232e-08
4.274047322730082e-05,1.9191934703558245e-08,-4.272128063637936e-05,-3.728782057610032e-08
4.168309736052192e-05,1.828059899366589e-08,-4.166481615193466e-05,-3.551870962399173e-08
4.065188347585956e-05,1.74129474800435e-08,-4.0634469962084234e-05,-3.3834349582006085e-08
3.9646179590788766e-05,1.6586789187818866e-08,-3.962959227551869e-05,-3.223048664195069e-08
3.866534909320109e-05,1.5799999582803546e-08,-3.8649548604888286e-05,-3.070299363330763e-08
3.770877074140425e-05,1.5050520571492523e-08,-3.769371976680346e-05,-2.9247870308488377e-08
3.677583866412225e-05,1.4336360501064357e-08,-3.6761501881835843e-05,-2.7861243616458984e-08
3.586596236049567e-05,1.3655594159381352e-08,-3.585230637451947e-05,-2.653936796513601e-08
3.4978564902294236e-05,1.300641080060897e-08,-3.496555812753716e-05,-2.5278721599643533e-08
3.411308335908801e-05,1.2387505967684184e-08,-3.410069551505951e-05,-2.4076790461609915e-08
3.3268988869295016e-05,1.1797679335153836e-08,-3.325719087596237e-05,-2.2931263298076506e-08
3.244576537282028e-05,1.1235728890154225e-08,-3.243452935228867e-05,-2.183982116593159e-08
3.164290670987598e-05,1.0700478253635956e-08,-3.1632205960746957e-05,-2.0800192380241963e-08
3.085991662098131e-05,1.0190776680363849e-08,-3.084972559271173e-05,-1.9810152688415346e-08
3.0096308746962727e-05,9.705499058917087e-09,-3.008660301422405e-05,-1.8867525437718673e-08
2.935160662895359e-05,9.243545911688991e-09,-2.9342362865991562e-05,-1.797018173635748e-08
2.8625343708394355e-05,8.803843394887147e-09,-2.8616539663389035e-05,-1.7116040608320066e-08
2.791706332703272e-05,8.385343298533484e-09,-2.7908677796458856e-05,-1.6303069142183635e-08
2.7226318726923302e-05,7.987023046464088e-09,-2.721833152991105e-05,-1.552928263407617e-08
2.6552673050427822e-05,7.607885696329306e-09,-2.654506500312373e-05,-1.4792744724984863e-08
2.589569934021521e-05,7.246959939593817e-09,-2.5888452230143537e-05,-1.4091567532596342e-08
2.525498053926135e-05,6.90330010153647e-09,-2.5248077099685648e-05,-1.3423911777849858e-08
2.463010949084921e-05,6.5759861412503765e-09,-2.462353337513415e-05,-1.278798690638202e-08
2.4020688938568968e-05,6.264123651642965e-09,-2.401442469454247e-05,-1.2182051205035835e-08
2.342633152631776e-05,5.966843859435847e-09,-2.3420364570633315e-05,-1.1604411913603126e-08
2.2846659798299856e-05,5.683303625164913e-09,-2.2840976390799085e-05,-1.1053425331966275e-08
2.228131481145221e-05,5.4129164531345026e-09,-2.227590179851356e-05,-1.0527958712432781e-08
2.1729955725505143e-05,5.1553750860704656e-09,-2.1724800260798215e-05,-1.0027435586641482e-08
2.1192237574052136e-05,4.9100804696286574e-09,-2.1187327410338034e-05,-9.550694379220274e-09
2.066782316431089e-05,4.6764524519780745e-09,-2.0663146634537237e-05,-9.096609555345414e-09
2.0156383300355253e-05,4.4539356579585966e-09,-2.0151929292877107e-05,-8.664103443266688e-09
1.9657596783115037e-05,4.241999489080876e-09,-1.9653354716915945e-05,-8.25214631138923e-09
1.917115041037611e-05,4.040138123526403e-09,-1.9167110210289308e-05,-7.859756442218449e-09
0.5,-1.0,-1.9,2.15
0.4543349662731186,-0.9477753104860096,-1.7465962477384527,2.0194027779190566
0.41233214484965774,-0.8986884630978809,-1.607467121180172,1.8993876048015532
0.37365468856610656,-0.8524896298618019,-1.480973716149386,1.7887499554960642
0.3380041418314979,-0.8089570918245461,-1.365705911736572,1.6864622635862407
0.30511471701979637,-0.7678928329286726,-1.2604438734849184,1.5916426601825875
0.2747492859674121,-0.7291194878421431,-1.1641288207451985,1.5035312777680478
0.24669540529850703,-0.6924773455636393,-1.0758375344012314,1.4214698649245152
0.22076233059454398,-0.6578221229599175,-0.9947623295394872,1.3448858498855558
0.19677830034108873,-0.6250229620580132,-0.9201940273174449,1.273278943807103
0.17458819513866997,-0.5939607185334768,-0.8515077375377685,1.2062100597960206
0.15405169992783424,-0.5645266380044316,-0.7881513685235682,1.1432924317592565
0.13504144077908126,-0.5366210186868516,-0.7296353198785814,1.0841837518103172
0.11744171123002925,-0.510152314475911,-0.675524554345949,1.0285801622738047
0.10114701569248162,-0.4850361091665628,-0.6254310888152769,0.9762106496032227
0.08606112429554574,-0.4611944620189251,-0.5790083174506533,0.9268328343068583
0.07209598515412245,-0.4385551577553116,-0.5359455958236666,0.8802290141558293
0.05917094949101952,-0.4170511750450516,-0.49596397574708,0.8362030708483045
0.04721200194771048,-0.39662016788182014,-0.4588123555403608,0.7945777196403867
0.03615109275407051,-0.3772040103259143,-0.4242641728115844,0.7551921615562166
0.025925594099690388,-0.3587484379404711,-0.3921146451489156,0.7179001577385954
0.016477740340903116,-0.3412026688543082,-0.36217820838001485,0.6825682472646618
0.007754220365959009,-0.3245191383648498,-0.3342864730602906,0.6490743534897899
-0.00029427119308462514,-0.3086531975974902,-0.30828626420864047,0.6173064471523014
-0.007713358494242907,-0.2935629029530893,-0.2840380597299761,0.587161503445735
-0.01454533658858289,-0.2792087811971917,-0.2614144960478079,0.5585445024842686
-0.02082943941110066,-0.26555365532785735,-0.24029914889751836,0.5313676299834231
-0.02660211357582619,-0.25256246228247775,-0.2205853924613485,0.5055495280329761
-0.031897241348373385,-0.2402021077776826,-0.20217543874597105,0.48101467595874703
-0.03674636092033291,-0.22844131834496526,-0.18497944771821573,0.4576928137144629
-0.04117884341590335,-0.21725052685998406,-0.16891478310200886,0.435518472007011
-0.04522208145360989,-0.20660174330540051,-0.15390529316041893,0.4144305086013992
-0.04890162139192507,-0.19646847042480317,-0.1398807476279466,0.39437176199446183
-0.052241332403233406,-0.1868255855110224,-0.12677623909650096,0.3752886651088039
-0.055263504487323506,-0.17764927746118162,-0.11453175566014148,0.3571309878792955
-0.05798899012715207,-0.16891694814953118,-0.10309169943153765,0.33985153008464253
-0.06043729818849052,-0.16060714679272997,-0.09240451898670753,0.32340589379285467
-0.0626266843185516,-0.15269951053723257,-0.08242237498507088,0.30775228202770644
-0.06457426253309283,-0.14517468107587583,-0.0731007801676217,0.29285126338076733
-0.06629605725317747,-0.1380142718896744,-0.06439837297973418,0.2786656441037388
-0.06780709936168869,-0.13120079762533557,-0.05627662184691573,0.2651602768849787
-0.06912149147407246,-0.12471762458989437,-0.04869959853601635,0.2523019175299489
-0.07025245314152319,-0.11854894192830545,-0.04163380559654592,0.24005912816005204
-0.07121240554722227,-0.11267969438943931,-0.03504793516717878,0.22840211280117184
-0.07201300778183353,-0.1070955558058879,-0.028912729549135006,0.21730263558564764
-0.07266520126206082,-0.1017828976264499,-0.023200836571539714,0.2067339341375733
-0.07317927698237839,-0.09672873284939651,-0.017886624880345744,0.1966705896465912
-0.07356489702876783,-0.09192070115976748,-0.01294609459849531,0.1870884787644469
-0.07383113709493856,-0.08734703593696704,-0.008356754053949481,0.17796469395677303
-0.07398653755072376,-0.08299651997701639,-0.004097482312805491,0.16927744459727959
-0.07403911799618285,-0.07885847571832946,-0.00014846813117980456,0.16100602603285052
-0.0739964150862459,-0.07492273389090007,0.003508892168455736,0.15313074944916974
-0.0738655223921184,-0.07117959769766792,0.00689209922852973,0.14563286463429218
-0.07365310078013039,-0.06761983575021768,0.010017593491710025,0.1384945390531522
-0.07336541027028257,-0.06423465432890071,0.012900837356109519,0.13169879871227755
-0.0730083428182992,-0.06101566688896245,0.015556398109749962,0.12522946465056947
-0.07258742984526603,-0.057954888673156985,0.017997978304711438,0.11907113832923882
-0.07210786772263345,-0.05504471365944308,0.02023847960829865,0.11320915407138904
-0.07157454627388443,-0.05227788715362599,0.02229007196280093,0.10762952371183943
-0.0709920544386208,-0.04964750136984949,0.0241642155647632,0.10231892581574864
-0.07036469937442714,-0.04714697762885574,0.025871708071385228,0.09726466980854358
-0.06969653232028802,-0.04477004071119446,0.027422744880620263,0.0924546453928727
-0.0689913533443431,-0.04251071469731408,0.028826936037911387,0.08787731349639856
-0.06825272440365197,-0.04036331050689271,0.030093338623196048,0.08352168164689794
-0.06748399322108492,-0.038322401555614845,0.03123051061490592,0.07937725671586775
-0.06668829798117726,-0.036382819177054423,0.03224652543346259,0.07543403580668462
-0.06586857519191723,-0.03453964496952545,0.03314899198381363,0.07168249145773885
-0.06502758135066075,-0.03278818814582312,0.03394510246243226,0.06811352809343632
-0.06416789822350974,-0.031123980030871447,0.0346416464989835,0.06471847155919652
-0.06329193709679591,-0.029542769791203034,0.035245022607424834,0.06148906116328493
-0.06240195705085018,-0.028040504888551816,0.035761278067690014,0.05841741232336932
-0.061500071628113974,-0.026613323879528084,0.03619612480846843,0.05549600304521406
-0.06058825093238054,-0.025257554142842264,0.03655494561221405,0.052717669976311596
-0.059668335459381994,-0.023969696760238565,0.03684282422486309,0.050075579674373136
-0.058742044652923806,-0.022746417062562373,0.03706456442778788,0.0475632108111284
-0.05781097800150825,-0.02158454327017674,0.037224693576263346,0.045174352046848
-0.05687662405338289,-0.020481056382291404,0.03732748234634887,0.04290308298280872
-0.05594037060056502,-0.01943307870579383,0.03737696679454083,0.04074375244934479
-0.055003505876945746,-0.018437872314249093,0.03737695165725279,0.03869097602375131
-0.054067223061931596,-0.017492833768445057,0.03733102044976159,0.03673962630266731
-0.05313263113455373,-0.016595481658282965,0.0372425587606306,0.03488480921133426
-0.052200756849033136,-0.01574345418789204,0.03711475884036193,0.033121859785151204
-0.05127254632953599,-0.014934507044149985,0.03695062344884998,0.03144633849256862
-0.05034887449503138,-0.014166502370263857,0.036752986084666706,0.029854010238277568
-0.04943054859457704,-0.01343740453680426,0.036524518680125975,0.028340836554225028
-0.04851830868919221,-0.012745279245038968,0.03626773295834585,0.02690297425691378
-0.047612833735713296,-0.012088286202418873,0.03598499358217882,0.025536761566644552
-0.04671474713874219,-0.01146467244521891,0.03567853011296881,0.024238705450579795
-0.045824617257930175,-0.01087277147622544,0.035350438254849514,0.023005480280552357
-0.04494295985666134,-0.010311000075236939,0.03500268527139513,0.02183392193488036
-0.04407024481197144,-0.009777850106970973,0.03463712450335965,0.020721012100614205
-0.043206897300185516,-0.00927188695009495,0.034255497923875916,0.01966387548477517
-0.04235329829054303,-0.008791748544533018,0.03385943738489166,0.018659778214718665
-0.041509789850377087,-0.008336138780820323,0.033450476164721105,0.01770611515369413
-0.04067667798204658,-0.007903823906248279,0.03303005511568731,0.016800403091489623
-0.039854232797922114,-0.007493632026241414,0.03259952313590134,0.01594027997562941
-0.039042690743367484,-0.007104450129116716,0.03216014209368499,0.015123499278522771
-0.038242259096182715,-0.006735218342559231,0.03171309672556389,0.014347918913586204
-0.03745311657328245,-0.006384929043162076,0.03125949592353292,0.013611499650955282
-0.03667541358792159,-0.00605262620903926,0.030800373434490016,0.012912303995185581
-0.03590927603227588,-0.005737400498689782,0.030336696252158235,0.012248486660476874
-0.03515480726640439,-0.005438386607691341,0.029869369005139913,0.011618289499745504
-0.03441208824359713,-0.005154762874826506,0.0293992342927093,0.011020040840024082
-0.033681178571568236,-0.0048857497061124055,0.028927075112101876,0.010452152486206732
-0.032962119956227005,-0.004630604968333115,0.02845362263304277,0.00991311074787145
-0.03225493676962028,-0.004388623164326137,0.02797955741543097,0.009401474896259596
-0.03155963605284118,-0.0041591351469437345,0.027505509539123143,0.008915876670560145
-0.03087620947408139,-0.003941505403741638,0.027032063067531073,0.008455014994375688
-0.03020463546102989,-0.003735129093960691,0.026559760937215574,0.008017650189921604
-0.029544879381981873,-0.003539431696037455,0.026089105351976567,0.007602603330692424
-0.02889689358065197,-0.003353868707277361,0.025620557983068747,0.007208755689721637
-0.028260619597854985,-0.0031779225233872456,0.02515454512210366,0.0068350426188072905
-0.027635989309451756,-0.0030111007823816994,0.024691460326295323,0.006480450307830678
-0.02702292502296922,-0.002852936083945351,0.024231664681337292,0.006144015253968912
-0.02642133957333843,-0.0027029856687414734,0.023775487106369505,0.005824823648392742
-0.02583113837698165,-0.0025608284256698503,0.02332322924205035,0.005522005477250165
-0.025252220043919926,-0.002426063956766733,0.02287516688785471,0.005234732683821397
-0.024684476439035437,-0.002298312330125713,0.022431550218159752,0.004962218686493004
-0.024127792788626645,-0.002177213779882135,0.02199260409909454,0.004703717790674813
-0.023582049398142884,-0.002062426097211657,0.021558532288214798,0.004458520026713185
-0.023047122064504835,-0.001953623968041344,0.021129518424511166,0.004225949837356399
-0.02252288212656155,-0.0018504987535317271,0.02070572622527074,0.0040053656386356455
-0.022009196465461664,-0.001752758354869578,0.02028729955298313,0.0037961595471723304
-0.021505928894705116,-0.0016601250094942076,0.01987436590953931,0.0035977530055628826
-0.021012940548495056,-0.0015723346333212497,0.01946703741451166,0.003409595468939252
-0.020530089921565887,-0.0014891366609752718,0.019065410948234874,0.003231164077263092
-0.020057232766429834,-0.0014102940428409479,0.01866956800029798,0.003061963637429944
-0.01959422308223998,-0.0013355816195779182,0.018279577210020898,0.002901523386073788
-0.01914091362062882,-0.0012647852148535378,0.017895495721412212,0.0027493951742465
-0.01869715590869421,-0.0011977015580510958,0.017517369240853488,0.002605153299546603
-0.01826280014814963,-0.0011341382570564463,0.017145231923356378,0.002468394435663645
-0.01783769566431359,-0.0010739130285551818,0.016779107542777057,0.0023387360890779665
-0.017421691601734814,-0.0010168523883980038,0.016419011444308938,0.002215813979755582
-0.017014636956220467,-0.0009627915826989,0.016064950612916868,0.0020992818878489902
-0.016616380572948466,-0.0009115744385854584,0.015716923788596696,0.0019888113391779523
-0.016226771085269494,-0.0008630534134783348,0.015374921327931059,0.0018840916868689125
-0.015845657613650935,-0.0008170882331510351,0.015038927220806023,0.0017848273854275025
-0.015472889941304592,-0.0007735455022541707,0.014708919626587196,0.0016907371983897763
-0.015108318522071534,-0.0007322986625070746,0.014384870900721615,0.0016015540981527711
-0.014751794398621315,-0.000693227958439654,0.014066747525233084,0.001517025179666825
-0.014403169352178462,-0.0006562201669121837,0.013754510505423359,0.0014369111062568873
-0.014062296369914903,-0.0006211675155410733,0.013448116887732951,0.0013609839385993398
-0.013729029679339514,-0.0005879675882089827,0.013147519870705738,0.0012890269299796766
-0.013403224750825971,-0.0005565232683470733,0.012852668847634674,0.001220834396926839
-0.013084738195425044,-0.0005267427740883324,0.012563509254372935,0.0011562117723623536
-0.012773427953744823,-0.000498539290153892,0.012279983108154846,0.0010949748573214897
-0.012469153579932075,-0.0004718301569918152,0.0120020300810932,0.0010369481885835901
-0.012171776251670036,-0.0004465368337454856,0.011729587535067334,0.0009819649497634024
-0.01188115876829271,-0.00042258485683553177,0.01146259054967889,0.0009298668738774908
-0.011597165459936984,-0.00039990385851618957,0.011200971802393019,0.0008805042650554724
-0.011319662294435547,-0.0003784273822934604,0.01094466184827851,0.0008337356172629603
-0.011048517079209575,-0.00035809214357653793,0.010693590045364425,0.0007894261249428273
-0.010783599470175851,-0.00033883798077231675,0.010447684603859479,0.0007474475720645397
-0.010524780971092803,-0.00032060784662969706,0.010206872586353818,0.0007076783019530804
-0.010271934872912301,-0.00030334774015130736,0.009971079907345538,0.0006700030679226258
-0.010024936247253409,-0.00028700683665064234,0.009740231190794726,0.0006343132813581818
-0.009783662096776077,-0.0002715368001952183,0.009514250596020818,0.0006005056268047723
-0.009547991370979262,-0.0002568916259625494,0.009293061984239086,0.0005684817354572755
-0.009317804966200936,-0.00024302764024014832,0.00907658891328331,0.000538148174113192
-0.009092985709748053,-0.00022990346220511944,0.008864754654660096,0.0005094163578808483
-0.008873418281175676,-0.0002174800602486453,0.008657482054160951,0.00048220265169291224
-0.00865898929285874,-0.00020572062579348079,0.00845469373322211,0.00045642810893126694
-0.008449587305569703,-0.0001945900830650749,0.008256312587221152,0.0004320174815108166
-0.008245102826249042,-0.00018405506586522736,0.008062261802738816,0.0004088991640997067
-0.008045428308005309,-0.0001740839175720916,0.00787246485417594,0.00038700518513973514
-0.0078504581219659,-0.00016464665204454304,0.007686845511238795,0.0003662711197239303
-0.007660088498959811,-0.0001557150366210305,0.007505327695107688,0.0003466362467291988
-0.0074742175983978565,-0.0001472624511473792,0.007327835684533636,0.0003280432595196785
-0.007292745453492755,-0.000139263515414326,0.007154294428773529,0.00031043751257831556
-0.007115573967969018,-0.00013169407834154637,0.006984629552791938,0.00029376699241927577
-0.006942606916062935,-0.0001245312179776533,0.00681876735512144,0.00027798231042988554
-0.006773749928557136,-0.00011775322543794195,0.006656634807841112,0.0002630366637326606
-0.006608910414599158,-0.00011133961291984179,0.006498159468501223,0.00024888584396060194
-0.0064479976529669795,-0.00010527117526393829,0.0063432695083358625,0.0002354883547674772
-0.006290922684009949,-9.952961395825533e-05,0.006191893976536639,0.00022280465284622522
-0.0061375982888440045,-9.409749481183777e-05,0.00604396282013068,0.00021079705727680806
-0.005987938989351621,-8.895824795474982e-05,0.005899406882645954,0.00019942974391361803
-0.005841861048181858,-8.409616783807637e-05,0.005758157902845538,0.0001886687399799114
-0.005699282419648486,-7.949638351574835e-05,0.0056201484940055346,0.00017848185909084528
-0.005560122744577687,-7.514494866238999e-05,0.005485312048025855,0.00016883887628564204
-0.005424303390752513,-7.102873863581378e-05,0.005353582877258957,0.00015971131763658507
-0.005291747304568388,-6.713522572130635e-05,0.005224896288966883,0.0001510720051638568
-0.005162379007584662,-6.345247538188102e-05,0.005099188584784294,0.00014289504497453254
-0.005036124596524595,-5.996914625827737e-05,0.0049763970599403205,0.00013515582308758675
-0.004912911743275347,-5.667449016896086e-05,0.004856460002521023,0.0001278310014162494
-0.004792669650730994,-5.3558332797619857e-05,0.0047393166678502885,0.00012089847502386248
-0.0046753290404199805,-5.061113582804637e-05,0.004624907203562418,0.00011433749263780938
-0.004560822228257631,-4.7823959518603345e-05,0.00451317276200112,0.00010812857867586803
-0.00444908292848817,-4.518826726822405e-05,0.004404055498298723,0.00010225313787918702
-0.004340046245107752,-4.269591927970688e-05,0.004297498567639366,9.66934394052181e-05
-0.004233648671864444,-4.0339172559715114e-05,0.0041934461248121935,9.143261376549797e-05
-0.0041298280922582534,-3.811068091877755e-05,0.004091843323788015,8.645464988051837e-05
-0.004028523775737604,-3.6003493434802506e-05,0.003992636315046251,8.174438915661491e-05
-0.003929676279737039,-3.401104170420205e-05,0.0038957721599399042,7.728749680652087e-05
-0.003833227622690355,-3.212723264236884e-05,0.00380119891084447,7.30706456891515e-05
-0.0037391211123624125,-3.034628427405088e-05,0.0037088656028341303,6.908118456385035e-05
-0.0036473012551913766,-2.866267350849642e-05,0.003618722214806932,6.53070308846652e-05
-0.0035577137562886906,-2.7071136139453432e-05,0.0035307196692319904,6.173666858191834e-05
-0.0034703055194390976,-2.5566666845170045e-05,0.0034448098319099806,5.835914592928977e-05
-0.003385024647100632,-2.4144519188394355e-05,0.003360945511746274,5.5164073493675964e-05
-0.003301820434235072,-2.280020401810598e-05,0.003279080455960591,5.214161894417133e-05
-0.00322064327830189,-2.152948778304738e-05,0.0031991692615589338,4.9282501441737444e-05
-0.0031414448679924693,-2.032845439931509e-05,0.003121167502168152,4.6578114313811916e-05
-0.0030641779845099982,-1.9193383392397207e-05,0.0030450316506718724,4.402027881724787e-05
-0.0029887964228306847,-1.812071947039476e-05,0.002970719030673516,4.160118137506482e-05
-0.0029152549917037473,-1.7107072524021572e-05,0.002898187816362581,3.931337204803531e-05
-0.002843509513651408,-1.614921762660416e-05,0.0028273970323879714,3.714976306574396e-05
-0.0027735168249689098,-1.5244095034081992e-05,0.002758306553738075,3.510362741519536e-05
-0.0027052347757244963,-1.4388810185007197e-05,0.002690877105627244,3.316859748508789e-05
-0.0026386221630166754,-1.3580628673191859e-05,0.0026250702016617274,3.1338653497881396e-05
-0.0025736388354076706,-1.2817019851529586e-05,0.002560848204660176,2.9608209816130302e-05
-0.0025102456484702796,-1.2095603635956951e-05,0.0024981743351834367,2.7972007201312286e-05
-0.0024484043016687117,-1.1414103446866002e-05,0.002437012555293829,2.6425017068389913e-05
-0.0023880773379940795,-1.0770346134164127e-05,0.0023773275681955356,2.4962440291672786e-05
-0.002329228143964418,-1.016226197727424e-05,0.002319084818168427,2.3579706202530037e-05
-0.0022718209496246735,-9.587884685134693e-06,0.002262250490505371,2.2272471626561518e-05
-0.002215820828546702,-9.045351396199227e-06,0.002206791511452923,2.1036619958931288e-05
-0.0021611936885775466,-8.532901689666283e-06,0.002152675539890502,1.9868258275061016e-05
-0.002107906213766511,-8.048883789009327e-06,0.0020998709030112237,1.8763728741639935e-05
-0.002055926031659693,-7.591775471623242e-06,0.002048346742691125,1.771965005184007e-05
-0.002005221513605863,-7.160127604522547e-06,0.001998072872114871,1.673280320022177e-05
-0.001955761723393263,-6.7525547430556545e-06,0.001949019733760689,1.5800111837325423e-05
-0.0019075164172495998,-6.367735130904834e-06,0.0019011583993661372,1.4918641591055717e-05
-0.0018604560438420564,-6.004410700086311e-06,0.0018544605698957114,1.4085599414813683e-05
-0.00181455174427728,-5.661387070950155e-06,0.0018088985755101575,1.3298332961496142e-05
-0.001769775352101393,-5.337533552180375e-06,0.0017644453755374702,1.2554329982504116e-05
-0.0017260993780101623,-5.0317821773264786e-06,0.001721074544117705,1.1851215792313198e-05
-0.0016834969831216354,-4.743136277121796e-06,0.0016787602348890041,1.1186769809551381e-05
-0.0016419421099240525,-4.470676605015123e-06,0.0016374773057927794,1.0558937545435355e-05
-0.0016014092900549165,-4.213525901975829e-06,0.0015972011622165593,9.965758832516172e-06
-0.0015618736168929433,-3.970845478185172e-06,0.0015579077329817895,9.40536047345809e-06
-0.0015233107455580569,-3.7418352130362607e-06,0.001519573470327251,8.875955802592108e-06
-0.0014856968929113858,-3.525733555134039e-06,0.0014821753498933622,8.375844264832006e-06
-0.0014490088375552711,-3.32181752229533e-06,0.0014456908707073332,7.903411011378627e-06
-0.0014132239198332624,-3.1294027015488096e-06,0.0014100980551691156,7.457126511650954e-06
-0.001378320033988576,-2.947842855064873e-06,0.0013753754415902024,7.035545379786308e-06
-0.0013442755902134933,-2.7765337250893017e-06,0.0013415020424296137,6.637313567644905e-06
-0.0013110696498265832,-2.6149211330770953e-06,0.0013084574713684936,6.26118444217203e-06
-0.0012786817630318073,-2.4624774004502877e-06,0.001276221804611312,5.905971031566654e-06
-0.0012470919307321605,-2.318697785912834e-06,0.0012447755462496866,5.570538542044029e-06
-0.0012162806045296613,-2.1831004854505693e-06,0.0012140996282544335,5.253804076274161e-06
-0.0011862286867253603,-2.0552266323312427e-06,0.0011841754104680601,4.954736362988589e-06
-0.001156917530319337,-1.934640297104502e-06,0.0011549846805976522,4.67235549738512e-06
-0.0011283289390106952,-1.8209284876018837e-06,0.00112650965420814,4.4057326919691684e-06
-0.0011004451671975724,-1.7137011489368393e-06,0.0010987329747159534,4.153990037478774e-06
-0.001073248881193454,-1.6125910137125459e-06,0.0010716376747489426,3.916299924014892e-06
-0.001046723243727859,-1.5172621935335239e-06,0.0010452072520572093,3.69190211644315e-06
-0.0010208518764519617,-1.4273997512274255e-06,0.001019425642431706,3.4800826346481456e-06
-0.00099561875879778,-1.342702118790117e-06,0.0009942771261345234,3.280158265302253e-06
-0.0009710082278543302,-1.2628810912430573e-06,0.0009697463277774315,3.0914763696225985e-06
-0.0009470049783676245,-1.1876618266332902e-06,0.0009458182163183212,2.9134147106984195e-06
-0.0009235940627406696,-1.1167828460334352e-06,0.0009224781050578409,2.7453812877047598e-06
-0.0009007608910334702,-1.0499960335417038e-06,0.0008997116516362187,2.5868141767726543e-06
-0.0008784912309630279,-9.87066636281892e-07,0.0008775048580302535,2.4371813782911457e-06
-0.0008567712049767875,-9.277731873474719e-07,0.0008558440677009214,2.2959805133013697e-06
-0.0008355872547931686,-8.719086267481e-07,0.0008347159290110092,2.1627408897198705e-06
-0.0008149262547315615,-8.192848372835277e-07,0.0008141075040196572,2.0370325549575414e-06
-0.0007947754020787803,-7.697233631125246e-07,0.0007940061681214241,1.918447490074741e-06
-0.0007751221747446449,-7.230533516172381e-07,0.0007743995697567767,1.806595334702997e-06
-0.0007559543312619795,-6.791115534031884e-07,0.0007552756304104325,1.7011032773786248e-06
-0.0007372599107866166,-6.377423222992805e-07,0.0007366225446097954,1.6016159502304149e-06
-0.000719027233097392,-5.987976153577907e-07,0.0007184287799234683,1.5077953278769962e-06
-0.0007012448985961497,-5.621369928543782e-07,0.0007006830769598541,1.4193206303930311e-06
-0.0006839017883077393,-5.2762761828808e-07,0.0006833744493658286,1.3358882302064743e-06
-0.000666987062579761,-4.95144234370186e-07,0.0006664921825492295,1.2572115137296388e-06
-0.0006504901279893227,-4.6456973197251496e-07,0.0006500258000157697,1.1830219079119691e-06
-0.0006344007363302972,-4.357983193888525e-07,0.0006339651591875282,1.113075215331559e-06
-0.0006187089023721262,-4.0872997428133976e-07,0.0006183003747057439,1.0471403720873922e-06
-0.0006034048584404577,-3.8326888402664823e-07,0.0006030217745694764,9.849962219670258e-07
-0.0005884790544171447,-3.5932344571597664e-07,0.0005881199001348859,9.264314499245713e-07
-0.0005739221577402429,-3.3680626615504845e-07,0.000573585506114551,8.712445181972267e-07
-0.0005597250534040151,-3.1563416186411795e-07,0.0005594095605768294,8.192436049731124e-07
-0.0005458788439589267,-2.957281590779635e-07,0.0005455832449452453,7.702465455250876e-07
-0.000532374849511649,-2.770134937458934e-07,0.0005320979539979168,7.240807757273173e-07
-0.0005192046077250585,-2.594196115317427e-07,0.0005189452958670129,6.805832778732446e-07
-0.0005063598589344625,-2.4288014739926843e-07,0.0005061170771748689,6.396004788426141e-07
-0.000493832565453574,-2.2733471926089962e-07,0.0004936053205465432,6.009918001432743e-07
-0.0004816149535982636,-2.1272795916525516e-07,0.0004814023076014713,5.646276964481849e-07
-0.0004696994206497384,-1.990068371606477e-07,0.0004695004885912947,5.303842017765153e-07
-0.0004580785303910771,-1.8612058188113944e-07,0.0004578924780154701,4.981427277654282e-07
-0.00044674501310722886,-1.740206805465407e-07,0.0004465710546209793,4.6779002513478827e-07
-0.000435691765585016,-1.626608789624129e-07,0.00043552916140205804,4.3921814668397893e-07
-0.00042491185111313216,-1.5199718152006677e-07,0.0004247599055999351,4.123244117699667e-07
-0.00041439849948214186,-1.4198785119656157e-07,0.0004142565587025873,3.870113722169536e-07
-0.0004041451069844823,-1.3259340955470727e-07,0.0004040125564445098,3.6318677960911375e-07
-0.0003941452364144624,-1.2377663674306335e-07,0.0003940214988064967,3.4076355391905416e-07
-0.00038439260224763826,-1.155026050937921e-07,0.00038427713516122204,3.196598137852108e-07
-0.0003748810963741162,-1.0773987260600348e-07,0.00037477338881322344,2.998012470632026e-07
-0.00036560481483998694,-1.0045958461736955e-07,0.0003655043846381758,2.8111929761524774e-07
-0.00035655798172615173,-9.363407973025625e-08,0.0003564643743552043,2.6354831606008855e-07
-0.0003477349467663902,-8.723686490955635e-08,0.0003476477341697259,2.4702548574068726e-07
-0.00033913018534735957,-8.124261548268881e-08,0.0003390489647733355,2.3149080053361827e-07
-0.00033073829850859693,-7.562717513960039e-08,0.0003306626913436999,2.1688704353941784e-07
-0.00032255401294251654,-7.036755593276386e-08,0.00032248366354445385,2.031597666247204e-07
-0.00031457218099441216,-6.54419382771795e-08,0.00031450675552510557,1.9025727078770772e-07
-0.000306787780662456,-6.082967095037437e-08,0.0003067269659209454,1.7813058731902586e-07
-0.00029919591559769807,-5.6511271092401976e-08,0.00029913941785295885,1.6673345973101086e-07
-0.0002917918126455593,-5.246842036485805e-08,0.00029173935647307887,1.560223178859048e-07
-0.00028457080551282094,-4.8684336635185946e-08,0.00028452213225949844,1.4595699928050135e-07
-0.0002775284040973422,-4.5144144696860865e-08,0.00027748326997567124,1.3650149844221234e-07
-0.00027066023137452424,-4.1833716285203674e-08,0.00027061840671641774,1.2762160907903393e-07
-0.0002639620036947915,-3.87395023542449e-08,0.0002639232723730426,1.1928456834523127e-07
-0.0002574295307835915,-3.584853307672449e-08,0.00025739368963329163,1.1145904414512503e-07
-0.0002510587157413961,-3.3148417844092476e-08,0.00025102557398131136,1.0411512293801643e-07
-0.00024484555504369974,-3.062734526650826e-08,0.00024481493369760875,9.722429802781096e-08
-0.00023878613854102143,-2.8274083172841214e-08,0.0002387578698590159,9.075945832128155e-08
-0.00023287664945890338,-2.60779786106704e-08,0.00023285057633865453,8.469487753926377e-08
-0.0002271133643979109,-2.4028957846284378e-08,0.00022708933980590258,7.900620386545171e-08
-0.00022149265333363367,-2.21175263646817e-08,0.00022147053972636465,7.367045001782733e-08
-0.00021601097798651714,-2.033476892893836e-08,0.00021599064673161487,6.866598342429167e-08
-0.00021066487682211608,-1.8672580646412403e-08,0.00021064620738839518,6.397297548871121e-08
-0.00020545102553031045,-1.7123860820038226e-08,0.00020543390448398221,5.9573795974950214e-08
-0.00020036618678131847,-1.56818734283956e-08,0.0002003505074215838,5.545171213996292e-08
-0.00019540719145917694,-1.4340155566461728e-08,0.00019539285354534613,5.1590693417301515e-08
-0.0001905709386617408,-1.3092517445611077e-08,0.00019055784814033785,4.797540448867234e-08
-0.00018585439570068253,-1.1933042393615248e-08,0.00018584246443253564,4.4591198627990024e-08
-0.00018125459810149324,-1.0856086854643256e-08,0.00018124374358881112,4.142411130904681e-08
-0.00017676864960348206,-9.856280389261373e-09,0.0001767587947169179,3.846085406810592e-08
-0.00017239372215977573,-8.928525674433035e-09,0.0001723847948654787,3.568880861292724e-08
-0.00016812705593731973,-8.06799850351909e-09,0.00016811898902397527,3.3096021169928564e-08
-0.00016396595931687704,-7.270147786277536e-09,0.00016395869012273616,3.067119706137734e-08
-0.00015990780889302926,-6.53069554886375e-09,0.00015990127903292778,2.840369550470924e-08
-0.00015595004387334929,-5.845652325571822e-09,0.00015594419895032752,2.6283554361603384e-08
-0.00015209016944587656,-5.211540561005942e-09,0.00015208495853941484,2.4301932907257148e-08
-0.00014832579491232554,-4.625259936637656e-09,0.0001483211702012252,2.2450844735099267e-08
-0.0001446545832511978,-4.083838783814622e-09,0.00014465049988501076,2.0722646640975873e-08
-0.00014107424633240655,-3.5844267338491484e-09,0.00014107066231020893,1.911001925465221e-08
-0.0001375825449172751,-3.1242947180179612e-09,0.00013757942096643581,1.7605963435584334e-08
-0.0001341772886585379,-2.7008349675623638e-09,0.00013417458811348291,1.620379681017869e-08
-0.00013085633610034015,-2.3115610136881684e-09,0.00013085402478131238,1.4897150445939448e-08
-0.00012761759467823846,-1.9541076875658054e-09,0.00012761564077005372,1.3679965658007106e-08
-0.00012445902071919976,-1.6262311203301556e-09,0.00012445739464999873,1.2546490943689628e-08
-0.00012137861944160183,-1.3258087430806458e-09,0.00012137729376159862,1.1491279040690812e-08
-0.00011837444495523394,-1.0508392868813016e-09,0.00011837339421546107,1.0509184104838428e-08
-0.00011544460026129567,-7.99442782760618e-10,0.00011544380089234599,9.595359003215444e-09
-0.00011258723691741887,-5.698609486761878e-10,0.00011258666710779745,8.745253447371778e-09
-0.00010980054302429762,-3.605340646861098e-10,0.0001098001825219024,7.954763678430599e-09
-0.00010708278503036778,-1.7014826564925195e-10,0.00010708261489667809,7.220330241214478e-09
-0.00010443228226713949,2.540338442519242e-12,0.0001044322848072657,6.53858027082906e-09
-0.00010184738836432051,1.5872555219644386e-10,0.00010184754707694008,5.906283205586749e-09
-9.932649124981508e-05,2.9955109481894193e-10,9.932679077710721e-05,5.320348928761871e-09
-9.68680131497245e-05,4.261106001155717e-10,9.686843922730342e-05,4.7778259827139756e-09
-9.44704105883476e-05,5.394476164910074e-10,9.447094999519462e-05,4.275899853056571e-09
-9.213217438817979e-05,6.405556069490934e-10,9.213281489657411e-05,3.811891320598197e-09
-8.985182966991352e-05,7.303779490928137e-10,8.985255999536198e-05,3.383254878833063e-09
-8.762793585243872e-05,8.098079351242755e-10,8.76287456036044e-05,2.987577214806918e-09
-8.545908665284196e-05,8.79688771844748e-10,8.545996628147189e-05,2.6225757512332743e-09
-8.334391008640696e-05,9.408135806546372e-10,8.334485083725876e-05,2.2860972477853783e-09
-8.128106846661435e-05,9.939253975534933e-10,8.128206232738204e-05,1.9761164595376825e-09
-7.926925840514224e-05,1.0397171731400006e-09,7.92702980563813e-05,1.690734850580727e-09
-7.730720332234973e-05,1.0788069487088655e-09,7.73082820625788e-05,1.4282283138961417e-09
-7.539367364593382e-05,1.1116874263471684e-09,7.539478526630881e-05,1.1871487628034084e-09
-7.352749070395326e-05,1.1388194542562037e-09,7.352862945641988e-05,9.661362250195527e-10
-7.170749955999988e-05,1.1606452106477718e-09,7.170866013862895e-05,7.638888745928857e-10
-6.993256875927551e-05,1.1775879957430641e-09,6.993374628138984e-05,5.791625124763501e-10
-6.820159032859241e-05,1.1900522317726624e-09,6.820278031589341e-05,4.1076969046416525e-10
-6.651347977637244e-05,1.1984234629765439e-09,6.651467813606636e-05,2.575788692240562e-10
-6.486717609264749e-05,1.203068355604079e-09,6.486837909857137e-05,1.185136093325649e-10
-6.326164174905981e-05,1.2043346979140287e-09,6.326284602280717e-05,-7.448205756225242e-12
-6.169586269886125e-05,1.202551400174549e-09,6.169706519090747e-05,-1.212751158550546e-10
-6.016884837691386e-05,1.1980284946631883e-09,6.0170046347741334e-05,-2.238828003239466e-10
-5.8679631699689545e-05,1.1910571356668868e-09,5.868082270091258e-05,-3.1613476548704793e-10
-5.722726906527054e-05,1.1819095994819798e-09,5.722845092076005e-05,-3.988430041626375e-10
-5.581084035334878e-05,1.1708392844141935e-09,5.581201114035677e-05,-4.727686282601961e-10
-5.442944892522619e-05,1.1580807107786469e-09,5.4430606955510014e-05,-5.386224753750097e-10
-5.3082217865366594e-05,1.1438420860683965e-09,5.3083361658878524e-05,-5.970510600330466e-10
-5.176829661016118e-05,1.1282754341852329e-09,5.176942483886825e-05,-6.485769480198906e-10
-5.048687844439964e-05,1.1115216421371083e-09,5.0487989921147976e-05,-6.936883472384654e-10
-4.923717388585861e-05,1.0937163258866858e-09,4.9238267559103296e-05,-7.328530764136053e-10
-4.8018409085835777e-05,1.074988778521625e-09,4.8019484033318894e-05,-7.665169903624445e-10
-4.682982582915022e-05,1.0554619702545856e-09,4.6830881251578794e-05,-7.951043881960444e-10
-4.5670681534142627e-05,1.0352525484232326e-09,4.567171674886649e-05,-8.190184057706194e-10
-4.45402492526748e-05,1.0144708374902264e-09,4.454126368736446e-05,-8.386413928862142e-10
-4.343781767012991e-05,9.932208390432288e-10,4.343881085645428e-05,-8.543352757203872e-10
-4.236269110541273e-05,9.71600231794906e-10,4.2363662672716845e-05,-8.664419049742433e-10
-4.131418951094915e-05,9.497003715829207e-10,4.131513917993185e-05,-8.752833901978692e-10
-4.0291648472686435e-05,9.276062913699356e-10,4.029257604907798e-05,-8.811624207519501e-10
-3.929441921009342e-05,9.053967012436188e-10,3.929532457833303e-05,-8.843625738521025e-10
-3.832186857616012e-05,8.831439884166341e-10,3.832275169307355e-05,-8.851486101321752e-10
-3.7373379057397934e-05,8.609142172266479e-10,3.737423994587494e-05,-8.837667571525256e-10
-3.644834877383962e-05,8.387671291363248e-10,3.644918751651141e-05,-8.804449812689761e-10
-3.5546190471354036e-05,8.167551066614762e-10,3.5547007203234676e-05,-8.753912191074841e-10
-3.4666328915779104e-05,7.949094005125757e-10,3.466712380313434e-05,-8.68766184726962e-10
-3.380822379168609e-05,7.732570613495713e-10,3.380899702783348e-05,-8.607165251299051e-10
-3.2971349744779016e-05,7.51825544559532e-10,3.297210155049261e-05,-8.513851467235404e-10
-3.215519149783832e-05,7.306404990348004e-10,3.215592211954225e-05,-8.409071939120086e-10
-3.1359243850721024e-05,7.097257671729976e-10,3.1359953558683026e-05,-8.294102294126047e-10
-3.0583011680360884e-05,6.891033848770271e-10,3.058370076688587e-05,-8.170144076894002e-10
-2.9826009940768076e-05,6.687935815550662e-10,2.9826678718391675e-05,-8.038326417180547e-10
-2.9087763663029366e-05,6.488147801205706e-10,2.908841246271143e-05,-7.899707632913903e-10
-2.836780795530824e-05,6.291835969922783e-10,2.8368437124626382e-05,-7.75527677071007e-10
-2.7665688002844617e-05,6.099148420942015e-10,2.766629790418774e-05,-7.605955085859586e-10
-2.698095906795504e-05,5.910215188556315e-10,2.6981550076716834e-05,-7.452597463752638e-10
-2.6313186490032598e-05,5.725148242111371e-10,2.6313758992805058e-05,-7.295993784667339e-10
-2.566194568554708e-05,5.54404148600569e-10,2.566250007831401e-05,-7.136870233803569e-10
-2.502682214804474e-05,5.366970759690519e-10,2.502735883437525e-05,-6.975890558401863e-10
-2.4407411448148384e-05,5.193993837669893e-10,2.4407930837390395e-05,-6.813657273744557e-10
-2.380331923355756e-05,5.025150429500662e-10,2.380382173903129e-05,-6.650712819793416e-10
-2.3214161229048224e-05,4.860462179792421e-10,2.321464726623968e-05,-6.487540670175368e-10
-2.2639571531504928e-05,4.699909439141685e-10,2.2640041513936528e-05,-6.3245176835026e-10
1.0,0.9,0.6200000000000001,-1.2000000000000002
1.0148192876157058,0.8708898941186939,0.5631072960559884,-1.1238648763272785
1.0282520325293643,0.8436229995324794,0.5093366181693479,-1.0528646536244977
1.0403751409563922,0.8180741729892392,0.45858225846201806,-0.9867200856264587
1.0512628498941996,0.7941250699741919,0.410729567466792,-0.9251579922077792
1.0609863326765263,0.7716642641767737,0.3656581216654037,-0.8679133294777166
1.0696137639406087,0.7505867350672929,0.32324329341406,-0.814729307727868
1.0772101475075004,0.7307938370161237,0.2833585190843919,-0.7653586528963688
1.0838372683620232,0.7121930304449566,0.24587684101407992,-0.7195641263156419
1.0895538189948115,0.6946974871792025,0.21067190834615046,-0.677118459666698
1.0944152540718517,0.6782260794811276,0.1776195990840712,-0.6378053099551617
1.098474013738181,0.662702866301402,0.1465983545327395,-0.6014186372879623
1.101779529245673,0.6480569596036264,0.11749014385912593,-0.5677630405683629
1.1043782715109232,0.6342222999929104,0.09018109041786926,-0.5366537800345482
1.1063139913988274,0.6211372189026735,0.06456146418431319,-0.5079160492664642
1.1076276810259027,0.6087444013194407,0.04052643995030103,-0.48138535477399025
1.1083577829698683,0.5969905000611495,0.01797597077276014,-0.45690681508037
1.108540337932605,0.585825878277721,-0.0031851659943640254,-0.43433474806120154
1.1082089865550444,0.575204539801248,-0.02304697466179506,-0.41353278487368084
1.1073952303657764,0.5650837186316406,-0.04169469991810748,-0.3943729195211587
1.1061285013197422,0.5554237513250415,-0.05920871667425476,-0.3767353457909678
1.1044362188509533,0.5461879546794666,-0.07566445661298604,-0.3605082924530586
1.102344031752782,0.5373422682709493,-0.091132929532246,-0.34558711793731167
1.0998758503819912,0.528855189909048,-0.10568061908882831,-0.3318742480659911
1.0970539323427924,0.5206976315072696,-0.11936959347022008,-0.3192788647332686
1.0938990879274024,0.5128426264770264,-0.1322579963675659,-0.3077161242130111
1.0904307009340526,0.5052652881920152,-0.14439998685334515,-0.29710710826031284
1.086666809867559,0.497942683198579,-0.15584589703034607,-0.2873785129965155
1.082624286477111,0.49085358334261214,-0.16664269478967586,-0.27846195928318007
1.0783188566514845,0.48397842968289106,-0.17683397341688467,-0.2702939253996832
1.0737651541047766,0.47729924909924837,-0.18646006359500933,-0.2628155344967039
1.0689768825661103,0.4707994331386364,-0.19555848114712865,-0.255971921000817
1.0639668440867813,0.46446369612196536,-0.2041639696002005,-0.2497121250543396
1.0587469585075806,0.4582780407215407,-0.2123085323742443,-0.24398900815365
1.0533284046366733,0.45222956759824745,-0.2200218378641901,-0.23875869838783137
1.0477216641545355,0.4463064152749336,-0.22733132877184292,-0.2339804192266176
1.0419365232174982,0.44049775189704504,-0.23426221444306822,-0.22961647274534924
1.0359821629386063,0.4347936528055361,-0.24083773504070488,-0.22563188045490035
1.0298672340515087,0.42918500080357347,-0.24707937750875864,-0.22199408974340396
1.0235998613741624,0.4236634771824996,-0.253006882981021,-0.21867294864187659
1.0171876654425311,0.41822152905877447,-0.2586383117588762,-0.21564061008049296
1.010637859331333,0.41285224075014526,-0.2639903347316909,-0.21287115187199912
1.0039572674999278,0.40754930807664397,-0.26907828765679287,-0.2103404991737351
0.9971523239987491,0.4023070364658018,-0.2739161704346083,-0.2080264185779399
0.9902291180176677,0.3971202788285926,-0.2785167884279811,-0.2059083339551564
0.9831934550747606,0.39198435385524477,-0.2828919402577673,-0.20396708564938237
0.9760508619059989,0.3868950384074957,-0.2870524349346707,-0.20218490579852544
0.9688065827801946,0.38184856769988834,-0.2910080902700337,-0.20054541849683394
0.9614656269143542,0.37684157112922084,-0.2947678818386162,-0.19903345121575433
0.9540328067623465,0.37187102023692614,-0.29834006397325064,-0.19763488264654794
0.9465127399205581,0.36693422487225114,-0.30173218020473846,-0.19633662964534904
0.9389098433885106,0.36202883561595006,-0.30495105789232335,-0.19512665482479774
0.9312283697244432,0.35715279398451116,-0.308002924472151,-0.19399382202123572
0.9234724378113409,0.3523042894004424,-0.3108935076236836,-0.19292777276255224
0.915646034013879,0.34748175674990694,-0.3136280432957899,-0.19191891773660652
0.9077530058243967,0.34268387892117336,-0.3162112699926163,-0.19095844609241042
0.899797078856982,0.3379095617544611,-0.3186474878349153,-0.1900382536371874
0.8917818887951139,0.33315788777576805,-0.3209406646772138,-0.18915081324174754
0.8837109831291137,0.3284281134086902,-0.3230944449303166,-0.18828916579556565
0.8755878184500501,0.323719667314328,-0.32511215330121934,-0.18744691793778528
0.867415755485672,0.31903215291422105,-0.32699678981600333,-0.18661825010957472
0.8591980899690574,0.3143653023820021,-0.3287511336997262,-0.18579779008011826
0.8509380593871279,0.30971896549937333,-0.3303777695218141,-0.18498058245062804
0.8426388428234053,0.30509310856991034,-0.33187909108649905,-0.18416208547896024
0.834303551360414,0.3004878189068017,-0.3332572888900206,-0.18333818832604404
0.8259352357896441,0.2959032922018466,-0.3345143792552663,-0.18250517617235612
0.8175369058926193,0.2913398000530373,-0.33565227488059446,-0.18165964460818812
0.8091115313494088,0.28679768804254935,-0.33667279005919776,-0.1807984939875475
0.8006620403007938,0.28227737472860737,-0.3375776425474196,-0.17991892779003676
0.7921913068971365,0.2777793592730141,-0.33836843270289174,-0.17901847851199243
0.7837021631594453,0.27330420329582583,-0.33904668360481344,-0.17809495826717542
0.7751974098755733,0.2688525091793198,-0.3396138856927675,-0.17714640379196106
0.7666798167248912,0.26442491963854514,-0.340071497945567,-0.1761710744531027
0.7581521201546709,0.26002211720026125,-0.34042094740042217,-0.17516745202350897
0.7496170096572267,0.2556448328879247,-0.3406636046382879,-0.17413426907538382
0.7410771380172597,0.25129383079119916,-0.34080081688675223,-0.17307046688728678
0.7325351292395744,0.2469698898326858,-0.34083394327339267,-0.1719751503233476
0.7239935785907908,0.24267380344443032,-0.3407643548375835,-0.17084758578444093
0.7154550510856472,0.2384063793556534,-0.34059343307315926,-0.16968720063692716
0.7069220671915235,0.23416844801561104,-0.3403225445021312,-0.16849361058182
0.6983971084626478,0.22996085453881346,-0.3399530572282289,-0.16726659641223446
0.6898826257175662,0.22578443979832627,-0.3394863761798486,-0.16600605723647444
0.6813810390949672,0.22164003966416604,-0.3389239430056658,-0.1647120070654498
0.6728947375616305,0.2175284849118801,-0.3382672344361835,-0.16338457312087884
0.6644260665454967,0.21345060778025504,-0.3375177405818973,-0.16202401681743756
0.655977326050914,0.20940724342528116,-0.33667695974738576,-0.1606307354748181
0.6475507808814384,0.2053992098432633,-0.3357464360570266,-0.15920521139443022
0.6391486609295469,0.2014273057669279,-0.33472776095815626,-0.15774800507303607
0.630773161157422,0.19749231065711415,-0.33362257122233063,-0.15625975281231208
0.6224264339583733,0.19359498848698856,-0.33243253481844987,-0.1547411775598948
0.6141105788852156,0.18973609704338823,-0.33115932632923806,-0.1531931122275357
0.6058276543694195,0.18591636989284147,-0.3298046618517321,-0.1516164517064312
0.5975796790476169,0.1821365115452249,-0.3283703050127535,-0.1500121394040581
0.5893686317616,0.178397197453763,-0.3268580645690944,-0.14838116444480173
0.5811964484468457,0.17469907578057947,-0.32526978675377094,-0.14672456454882277
0.5730650077895957,0.17104277948793262,-0.3236073228939781,-0.14504345708413163
0.5649761402633221,0.1674289151229178,-0.32187255135270715,-0.143339006805731
0.5569316322324848,0.16385805424931968,-0.320067391097155,-0.14161240270995556
0.5489332259122855,0.1603307333882474,-0.3181937991706835,-0.13986485487021383
0.5409826184162927,0.15684745467727343,-0.31625376636042546,-0.13809759329741797
0.5330814492200838,0.15340869713841676,-0.31424928760685733,-0.13631189537528265
0.525231302637934,0.1500149135718347,-0.3121823662897379,-0.13450907438122475
0.5174337156679825,0.14666651931979535,-0.3100550347036018,-0.13269044857360598
0.5096901780581912,0.1433638918792703,-0.30786935211567246,-0.1308573371931462
0.5020021320879995,0.1401073711050029,-0.30562740177023173,-0.12901105783746744
0.49437096360557975,0.13689726839450742,-0.30333126761814083,-0.12715294699522917
0.4867979988686268,0.13373386990189373,-0.3009830247673737,-0.12528436478228774
0.4792845147507757,0.13061742456737607,-0.29858476302198295,-0.12340666148682022
0.471831739357737,0.12754814325152847,-0.2961385862804337,-0.12152117234384849
0.46444085198676865,0.12452619879431931,-0.29364661010228343,-0.11962921459212131
0.4571129770181763,0.12155173345786661,-0.29111094376619345,-0.11773210266068135
0.4498491779792815,0.11862486565697918,-0.28853367367934646,-0.1158311615567772
0.44265046836201843,0.11574567864442738,-0.28591688662732273,-0.11392769500418619
0.4355178129900626,0.11291421932895034,-0.2832626705750125,-0.1120229793989124
0.4284521280084716,0.11013049830247765,-0.28057311262093004,-0.11011826100796265
0.42145427634728555,0.10739449646451377,-0.27785028404986556,-0.10821476869817905
0.41452506144642065,0.10470617283653845,-0.2750962224267737,-0.10631372973278161
0.40766523779621444,0.10206545437531302,-0.2723129532379489,-0.1044163410861596
0.40087551277763434,0.09947223483988314,-0.2695024914188908,-0.10252376363292752
0.3941565466526132,0.0969263748341174,-0.2666668396711578,-0.10063711970676661
0.3875089485743793,0.09442770860116038,-0.2638079743121601,-0.09875750606718821
0.380933271504051,0.09197605100750533,-0.2609278300882957,-0.09688600761174325
0.3744300222989369,0.08957118854788707,-0.2580283200507877,-0.09502367213650471
0.36799966346206353,0.08721287857810228,-0.2551113369109217,-0.09317150577128937
0.36164261311316076,0.08490084945799554,-0.252178751612352,-0.09133047114440193
0.35535924083952175,0.0826348083526702,-0.24923239827635213,-0.08950150267531566
0.34914986494959577,0.0804144456951721,-0.24627406497085091,-0.08768551447375163
0.34301476185487817,0.07823942763789594,-0.24330551130588235,-0.08588337916557662
0.33695416726139527,0.07610939574324019,-0.24032846906740993,-0.08409592498558818
0.3309682760497633,0.07402396748021035,-0.2373446406469218,-0.08232393510960931
0.32505723759765254,0.07198274538688758,-0.23435568231463946,-0.08056816614500512
0.3192211564261826,0.06998531760626255,-0.2313632036046202,-0.07882934718648349
0.3134601000677471,0.06803125238896118,-0.22836878113352357,-0.07710816417723315
0.3077740995936761,0.06612009809470336,-0.2253739585740584,-0.0754052583609879
0.3021631491879898,0.06425138466033485,-0.2223802439447304,-0.07372122808434767
0.29662720124294156,0.062424633324651216,-0.21938909250092384,-0.07205664873897011
0.2911661708501185,0.06063935287795903,-0.2164019154279159,-0.07041206232740584
0.28577994110988697,0.058895036750986375,-0.2134200882514114,-0.06878796865751047
0.280468363233811,0.05719116307385418,-0.21044495064094734,-0.0671848244826766
0.27523125535480736,0.05552719835766749,-0.20747780058888687,-0.06560305036082509
0.27006839887199263,0.053902604808288186,-0.20451988192322113,-0.06404304557500734
0.2649795455879094,0.05231683442321827,-0.20157239835504134,-0.06250517309845156
0.25996442009177073,0.050769328195869816,-0.19863651672559043,-0.06098975656354924
0.25502271973901786,0.04925951639764878,-0.19571336666556335,-0.05949708024544617
0.25015411208096616,0.04778682520905094,-0.19280403020844444,-0.05802740254349194
0.24535823515848948,0.046350678088491165,-0.18990954061064513,-0.05658095804092916
0.24063470383776783,0.044950491408648235,-0.18703089387913385,-0.05515794640264233
0.23598311037280537,0.04358567442035711,-0.18416904953851843,-0.05375853181198004
0.2314030240065429,0.04225563095791665,-0.18132492842065312,-0.0523828462042097
0.22689398795109192,0.04095976657827759,-0.17849940154522134,-0.05103100409554503
0.22245552402951407,0.03969748460362972,-0.17569329963376115,-0.049703093104512014
0.2180871358249404,0.03846818461470013,-0.17290741824783631,-0.04839916994200465
0.21378830870752263,0.037271262591011975,-0.17014251796232951,-0.04711926061801015
0.20955850826856764,0.03610611565367644,-0.16739931762628577,-0.04586337027470448
0.2053971799843572,0.034972144263534996,-0.1646784918730332,-0.04463148759975413
0.20130375455308236,0.033868748190245344,-0.16198068142466956,-0.04342357542219011
0.19727764855023586,0.03279532637195683,-0.15930649428220128,-0.04223957037340745
0.19331826414598774,0.031751278259630304,-0.15665650428830305,-0.04107938576780988
0.1894249869141383,0.03073600947863589,-0.15403124288087566,-0.0399429235568189
0.18559718956156326,0.029748928536595932,-0.15143120700187931,-0.03883006700930136
0.18183423439304183,0.028789445482077115,-0.14885686348869773,-0.03774067768577202
0.17813547332640128,0.027856972078091676,-0.14630864932305265,-0.036674596041850735
0.17450024654374846,0.02695092590102785,-0.14378696607127128,-0.0356316501757583
0.17092788287049568,0.02607073124967245,-0.1412921797029095,-0.03461165781379097
0.16741770373235776,0.025215815968651904,-0.1388246285579383,-0.033614419423494496
0.16396902351791826,0.024385611360126968,-0.13638462425170533,-0.03263971831620216
0.16058114920571062,0.02357955376902112,-0.13397244996309968,-0.031687324249906224
0.1572533789141131,0.022797088528723565,-0.13158835502495278,-0.030757001949503756
0.1539850053476641,0.022037666645409446,-0.12923256252925994,-0.02984850416766681
0.1507753171220565,0.021300744045213114,-0.12690527192616116,-0.028961570338472208
0.14762359871898728,0.020585781914368557,-0.12460665903770407,-0.028095927689490367
0.14452912917503677,0.01989225043534366,-0.12233687103349153,-0.02725129936263064
0.14149118343829367,0.019219627873967964,-0.12009602924982063,-0.026427402753474605
0.13850903482468332,0.01856739849844373,-0.11788423437005982,-0.025623945360048257
0.13558195511874244,0.017935052586225447,-0.11570156693667866,-0.02484062524015848
0.13270921396360813,0.017322088487508276,-0.11354808487819162,-0.024077135692513317
0.12989007839234337,0.01672801442639928,-0.11142382148178949,-0.023333169373937097
0.12712381560909236,0.016152345629299757,-0.10932879173384585,-0.022608412561590803
0.12440969345833078,0.01559460403545721,-0.10726299349674935,-0.02190254497507692
0.12174698026437866,0.015054318968808612,-0.10522640699605869,-0.02121524161552022
0.11913494375989223,0.014531030079878379,-0.10321899091894216,-0.020546179264953147
0.11657285297958235,0.01402428519138581,-0.10124068703958922,-0.019895032351692026
0.11405997941172857,0.013533639268117261,-0.09929142285058154,-0.019261471194192154
0.11159559698802114,0.01305865453744216,-0.09737111177140603,-0.01864516271461662
0.10917898128233694,0.012598902749924638,-0.09547965023840269,-0.01804577552753995
0.10680940999638341,0.01215396504092637,-0.09361691868734665,-0.01746298004358742
0.10448616467739748,0.011723429943982764,-0.09178278574804598,-0.016896444722570195
0.10220853082492995,0.011306893325566727,-0.08997710873536292,-0.01634583638709906
0.09997579755708752,0.010903959435228266,-0.0881997324890056,-0.015810822812151085
0.09778725705516049,0.01051424252155244,-0.08645048738465178,-0.01529107645768166
0.0956422062555001,0.010137364560339052,-0.08472919376542734,-0.014786270150226332
0.09353994723990677,0.009772954846424077,-0.0830356630489127,-0.014296076655061428
0.09147978715808724,0.009420650256494509,-0.08136969763730882,-0.013820169637895653
0.08946103747359373,0.009080097210949753,-0.07973108832916186,-0.013358228086388462
0.08748301486149805,0.008750950449007594,-0.07811961678994425,-0.012909934164460934
0.08554504205530199,0.008432871867203184,-0.07653505788527731,-0.012474971202260337
0.08364644785584387,0.008125530531334938,-0.07497717991179663,-0.012053024119329632
0.08178656667761176,0.007828603849391007,-0.0734457431236441,-0.011643782205435153
0.07996473846618171,0.0075417780772613465,-0.07194049933970581,-0.011246940515743788
0.07818030980929772,0.007264746493827006,-0.07046119521021198,-0.010862196482527349
0.0764326340547574,0.006997209235882639,-0.06900757271253014,-0.0104892499426362
0.07472107117881994,0.006738873626968144,-0.06757936886709519,-0.010127804167070122
0.07304498720677557,0.006489455627729965,-0.06617631381640042,-0.009777569161837125
0.07140375501578279,0.0062486783897160595,-0.06479813334533738,-0.009438259041219763
0.06979675472187911,0.006016271542245041,-0.06344455019629464,-0.009109590902666389
0.06822337366830636,0.005791971217281614,-0.0621152841977186,-0.008791285205752012
0.06668300599478365,0.005575521037267038,-0.060810050955314915,-0.008483068101433865
0.06517505267240876,0.005366672215448091,-0.05952856194150677,-0.008184671936385429
0.06369892216647287,0.005165182101702339,-0.05827052683863293,-0.007895832592302457
0.06225403047971206,0.004970814079452738,-0.057035653831290334,-0.007616289572324126
0.06083980103198352,0.004783337796195877,-0.05582364937995618,-0.007345786758624948
0.0594556641985105,0.0046025302664934415,-0.054634216736826564,-0.007084074929815257
0.05810105782121666,0.0044281746859512125,-0.05346705782848873,-0.006830909619935808
0.0567754274206083,0.00426005980208233,-0.052321874245645515,-0.006586050108889004
0.055478226189444826,0.004097979918154461,-0.05119836734583502,-0.006349259687632601
0.05420891467987287,0.00394173550101474,-0.05009623741608602,-0.006120307143567639
0.05296696069634688,0.003791133525150912,-0.049015183314858955,-0.0058989676950568105
0.0517518397029516,0.0036459861662388017,-0.047954904343405304,-0.005685020584893605
0.05056303484966282,0.003506110647087602,-0.046915100526706846,-0.005478248998250274
0.049400036923109604,0.0033713292958047467,-0.04589547259395069,-0.005278440402806738
0.048262343959380456,0.0032414703572254647,-0.044895720836303346,-0.005085388407778801
0.047149461421247825,0.0031163674980551883,-0.04391554588389345,-0.0048988919687221345
0.04606090235508671,0.0029958589465648154,-0.04295464983539603,-0.004718753857670731
0.0449961873878972,0.0028797874697962366,-0.04201273635279835,-0.004544780811924418
0.04395484460692358,0.0027680005222188524,-0.04108951045844392,-0.004376784025786425
0.04293640924909092,0.0026603509749922078,-0.04018467753953193,-0.004214580806461163
0.04194042392349068,0.0025566962098521944,-0.03929794457533065,-0.004057992924375123
0.04096643862174223,0.0024568976474635823,-0.03842902069693887,-0.003906845838917781
0.040014010716845995,0.0023608207463244753,-0.037577617245206335,-0.003760968860460231
0.03908270478039006,0.002268335221846584,-0.036743447417888764,-0.0036201957559224935
0.038172092399820036,0.00217931558146651,-0.03592622558975824,-0.003484365980024781
0.03728175230505141,0.0020936401561439982,-0.03512566848993359,-0.0033533228793268728
0.036411270332408256,0.0020111908313723914,-0.03434149549059494,-0.0032269132984129546
0.03556023942283433,0.0019318530467321861,-0.03357342865060492,-0.0031049877167787917
0.03472825942138776,0.001855516021657811,-0.03282119232632141,-0.002987400841852097
0.03391493696704209,0.0017820731658159726,-0.032084512681954676,-0.0028740125619448826
0.03311988552440304,0.0017114211852000372,-0.03136311868021271,-0.0027646862801103374
0.032342725328154305,0.0016434598816843567,-0.030656742269237022,-0.002659288634377253
0.031583083382338735,0.0015780921527625954,-0.02996511841673957,-0.002557689611963734
0.030840593281802903,0.0015152241548166666,-0.029287984797474666,-0.002459762993249181
0.030114895111805092,0.0014547657144396752,-0.028625081303843336,-0.002365387284322337
0.029405635429048792,0.0013966295425525688,-0.02797615086317003,-0.00227444424811346
0.028712467176843514,0.0013407310175195329,-0.02734093960305718,-0.002186818572210276
0.028035049685104695,0.001286988185147987,-0.026719196877784894,-0.002102397963788201
0.02737304855438706,0.001235321830442977,-0.026110675104388078,-0.002021073388589455
0.026726135501190358,0.0011856559153812186,-0.025515129185287325,-0.0019427400394656446
0.026093988362645294,0.001137917005065501,-0.024932317123109525,-0.001867296272929081
0.025476290945574267,0.0010920339383372348,-0.024362000227768618,-0.00179464303646834
0.02487273302520424,0.0010479378269598319,-0.023803943136006818,-0.0017246839450338123
0.024283010302304037,0.001005562064507123,-0.02325791377861929,-0.0016573253754091635
0.023706824194753617,0.0009648426585944736,-0.022723682851932825,-0.0015924772091483739
0.02314388189477449,0.0009257180813476751,-0.02220102404547276,-0.001530052601199788
0.022593896146650336,0.0008881287438262171,-0.021689714371941827,-0.0014699670018010617
0.022056585221236994,0.0008520169716476723,-0.021189534181633253,-0.0014121381723223305
0.021531672915369535,0.0008173270047924651,-0.0207002671763914,-0.0013564862464642553
0.02101888838774152,0.0007840050882158528,-0.020221700167169964,-0.0013029339749979043
0.02051796615850857,0.000751999774667678,-0.01975362277909862,-0.0012514073881663343
0.020028645964053737,0.0007212613817585113,-0.019295827871205,-0.0012018347680249788
0.01955067261177756,0.0006917418204629999,-0.018848111577023565,-0.0011541463611822542
0.019083795980098024,0.0006633945951198663,-0.018410273315292103,-0.0011082744288337294
0.01862777099760858,0.0006361748024844837,-0.01798211578029599,-0.0010641532935653588
0.01818235745340444,0.0006100393191967549,-0.01756344457183787,-0.0010217197648554866
0.017747320097586266,0.0005849468644102191,-0.017154068241781832,-0.0009809133064327246
0.01732242835398765,0.0005608575165071908,-0.016753798506163268,-0.0009416751185669604
0.01690745625701713,0.0005377326632010999,-0.016362450240631196,-0.0009039480801524311
0.01650218245165828,0.0005155350015364979,-0.015979841487997325,-0.0008676767876723048
0.016106390157365917,0.0004942285386047306,-0.015605793428625447,-0.0008328075948686849
0.01571986700623794,0.0004737787898429843,-0.015240130024741588,-0.0007992890484696837
0.015342405151409694,0.00045415274995423374,-0.014882678165063121,-0.0007670718624104659
0.014973800941888262,0.000435318501118958,-0.014533267742703644,-0.0007361081734495397
0.014613854879791758,0.00041724518712978834,-0.014191731644170763,-0.0007063515215910087
0.0142623716203494,0.0003999030133915129,-0.013857905754646616,-0.000677756880240857
0.013919159948370577,0.00038326324555628663,-0.013531628940880506,-0.0006502806829115791
0.013584032612996481,0.00036729835100960875,-0.013212742747763821,-0.0006238811368006463
0.013256806477090492,0.00035198205050188623,-0.012901091500247075,-0.0005985183502211554
0.012937302176650706,0.0003372889507749053,-0.012596522338614184,-0.0005741536289838279
0.01262534405329704,0.0003231945072534938,-0.01229888519256338,-0.0005507494270285138
0.012320760154271127,0.0003096750240455169,-0.012008032784867985,-0.0005282693696235887
0.01202338223187856,0.0002967076538202364,-0.011723820634431921,-0.0005066782754641609
0.011733045590789462,0.0002842704398097926,-0.011446106864555348,-0.00048594226431825874
0.011449589212141432,0.00027234250525874946,-0.011174752139034507,-0.00046602915464142767
0.011172855544611787,0.00026090374984672924,-0.01090961976283859,-0.0004469078790810011
0.010902690311193525,0.00024993474173400505,-0.010650575600589815,-0.00042854828985493417
0.010638942509195325,0.00023941671756150024,-0.010397488079078723,-0.0004109211764946225
0.010381464410241582,0.00022933158245079033,-0.010150228189661705,-0.0003939982829209131
0.010130111528601311,0.00021966190912654006,-0.00990866945976434,-0.00037775232250393943
0.009884742492384633,0.00021039105428442202,-0.00967268770898477,-0.00036215722808439143
0.009645219221500172,0.0002015031731738696,-0.009442161214503031,-0.00034718819404926137
0.009411406556335938,0.00019298296049732102,-0.009216970602958868,-0.0003328211769734562
0.009183172201944286,0.00018481562947291982,-0.008996998817470517,-0.0003190328679315023
0.008960386728041895,0.00017698691183451384,-0.00878213111926671,-0.00030580070547938607
0.00874292356900974,0.00016948305783165435,-0.008572255089241395,-0.00029310288814318107
0.008530658972773983,0.00016229083766475328,-0.008367260576876812,-0.000280918389823645
0.008323471930255339,0.00015539766300133888,-0.008167039508785183,-0.00026922721501842866
0.00812124430984172,0.00014879154038299994,-0.00797148607149817,-0.00025801031528191796
0.00792386049046249,0.00014246088053665695,-0.007780496537811656,-0.0002472492220299264
0.0077312073324325966,0.000136394490148956,-0.007593969247017766,-0.0002369260402076763
0.00754317417745261,0.00013058157186627005,-0.007411804605953577,-0.0002270234577297074
0.007359652848608702,0.00012501172429469818,-0.007233905089999751,-0.00021752475455817584
0.007180537619122246,0.00011967494162756223,-0.007060175213158345,-0.0002084138109553466
0.007005725112263081,0.00011456169732516308,-0.006890521344730035,-0.00019967528404117005
0.006835114498233509,0.00010966295242248301,-0.006724851898742209,-0.00019129463072258888
0.006668607128172972,0.00010496997929373836,-0.006563077146037505,-0.0001832577659695251
0.006506106481541905,0.00010047434802875562,-0.006405109176067598,-0.0001755510431280143
0.006347518166121692,9.616792643297003e-05,-0.006250861897560697,-0.00016816126074439312
0.0061927499180147085,9.204288002742674e-05,-0.006100251039157087,-0.00016107566912661078
0.006041711600734196,8.809167195764408e-05,-0.005953194149195436,-0.00015428197647542047
0.005894315077213462,8.430708632466168e-05,-0.005809610444864769,-0.0001477684025116438
0.005750474403534239,8.068231913636262e-05,-0.005669420915109067,-0.00014152386475330377
0.00561010562153339,7.72108342786509e-05,-0.005532548258506395,-0.00013553769750644548
0.005473126581251676,7.388631613613095e-05,-0.005398916753786877,-0.0001297995635276197
0.005339456940933742,7.07026695921072e-05,-0.005268452260253718,-0.00012429945892976309
0.005209018167028098,6.765402002858385e-05,-0.0051410822181839925,-0.00011902771789851045
0.005081733534187155,6.473471332626545e-05,-0.005016735649210061,-0.00011397501722504155
0.004957528102548254,6.193931573707519e-05,-0.004895343134092444,-0.00010913238054161696
0.004836328632773902,5.926266553155751e-05,-0.004776836676261412,-0.0001044912862766018
0.004718063790556226,5.6699886110222253e-05,-0.004661149893502336,-0.00010004369666138984
0.004602663820199297,5.424627201543575e-05,-0.004548217806300993,-9.578183548580854e-05
0.004490060488420015,5.1897278751249386e-05,-0.004437976792132144,-9.169817158869642e-05
0.004380187084348135,4.9648522783400205e-05,-0.004330364585710133,-8.778542223046628e-05
0.004272978419526239,4.749578153931024e-05,-0.0042253202792272996,-8.403655633437831e-05
0.004168370827909761,4.5434993408087195e-05,-0.004122784322580803,-8.044479760079293e-05
0.004066302134172075,4.346225849616708e-05,-0.004022698491136325,-7.700362916451074e-05
0.003966711612184511,4.157388751960244e-05,-0.0039250057953669985,-7.370689443066121e-05
0.0038695401419893364,3.976639131858061e-05,-0.0038296506485527484,-7.054877809088112e-05
0.0037747299063829367,3.803640094503854e-05,-0.0037365786437257554,-6.752365037039205e-05
0.003682224359038065,3.6380663317367715e-05,-0.0036457365263089653,-6.462606089655946e-05
0.0035919682245037993,3.479604122041347e-05,-0.003557072194263864,-6.185074100531996e-05
0.0035039074982055702,3.327951330547549e-05,-0.0034705346982311287,-5.919260595736225e-05
0.0034179894464451493,3.182817409030754e-05,-0.0033860742416643294,-5.664675706700883e-05
0.0033341625880295806,3.0439234049356418e-05,-0.0033036421624959237,-5.420848400066317e-05
0.0032523766336762026,2.911005144318983e-05,-0.0032231908407521176,-5.187333062600989e-05
0.003172582666070722,2.7838138996652292e-05,-0.0031446738720362806,-4.963710952947314e-05
0.003094732867064979,2.6621097453506227e-05,-0.0030680458614632754,-4.749577199591712e-05
0.003018780470747225,2.5456609814690984e-05,-0.002993262382599286,-4.5445398311043066e-05
0.002944679763442143,2.434244133832312e-05,-0.0029202799775482984,-4.3482199331110836e-05
0.00287238608371086,2.327643953969661e-05,-0.0028490561570343534,-4.1602517991055735e-05
0.002801855822350918,2.2256534191282393e-05,-0.0027795494004797085,-3.9802830753019744e-05
0.002733046421560498,2.1280737291507092e-05,-0.0027117191552746686,-3.8079748937571396e-05
0.002665916294415868,2.034715337573533e-05,-0.002645525745993949,-3.643004093817144e-05
0.0026004249892788967,1.945401046633315e-05,-0.002580930507856597,-3.485069485774661e-05
0.002536533039119148,1.8599609116349657e-05,-0.002517895687184368,-3.3338818317573505e-05
0.002474201841119449,1.7782307456179402e-05,-0.0024563843360489914,-3.189161006199948e-05
0.0024133936566758593,1.7000521193562002e-05,-0.0023963603123222906,-3.050636102187404e-05
0.00235407161139769,1.625272361358233e-05,-0.0023377882797238946,-2.9180455336211547e-05
0.0022961996951075116,1.553744557867067e-05,-0.0022806337078666006,-2.7911371333454245e-05
0.0022397427618411304,1.4853275528602407e-05,-0.002224862872299444,-2.6696682473672973e-05
0.00218466650898102,1.419885989666464e-05,-0.0021704428332654097,-2.553405914005129e-05
0.0021309374549996684,1.3572924381654952e-05,-0.0021173413921756626,-2.4421312101037626e-05
0.002078523067974707,1.2974270296855866e-05,-0.0020655272238217694,-2.335638570724994e-05
0.0020273915450331505,1.2401740590999283e-05,-0.002014969689894937,-2.2337291295875425e-05
0.001977511787316235,1.1854217922568553e-05,-0.0019656388159091298,-2.1362104123752314e-05
0.0019288533999794327,1.133062465979858e-05,-0.001917505291228515,-2.0428964056429828e-05
0.001881386692192425,1.0829922880675586e-05,-0.0018705404690935214,-1.953607623001592e-05
0.0018350826771391187,1.0351114372937236e-05,-0.0018247163666456417,-1.8681711686712827e-05
0.0017899130720176524,9.893240634072735e-06,-0.0017800056649509913,-1.786420798491767e-05
0.0017458502664177838,9.455384151116909e-06,-0.0017363816761187154,-1.708197241058319e-05
0.0017028673501338337,9.036687404960877e-06,-0.0016938183521049246,-1.633352048263066e-05
0.0016609381697823948,8.636339745559688e-06,-0.0016522903544957707,-1.561745012881532e-05
0.0016200371481843627,8.253557865846709e-06,-0.001611772893462238,-1.4932403514795024e-05
0.0015801392768261958,7.887585415222437e-06,-0.0015722417206241622,-1.4277066749943586e-05
0.0015412201158599094,7.537692999554445e-06,-0.0015336731290650925,-1.365017033179015e-05
0.0015032557941030865,7.203178181177484e-06,-0.0014960439533464396,-1.3050489572852268e-05
0.0014662230090388621,6.883365478893326e-06,-0.001459331569520893,-1.2476845010445667e-05
0.0014300990268159308,6.577606367970852e-06,-0.0014235138951451875,-1.192810280004178e-05
0.0013948616596382067,6.28527991179001e-06,-0.0013885693660496414,-1.1403176393862828e-05
0.001360489274829419,6.0058060575098965e-06,-0.0013544769321041268,-1.0901053474864266e-05
0.0013269608733175267,5.7386391162606655e-06,-0.0013212161422416072,-1.0420783136931963e-05
0.0012942559224345097,5.4832518924605835e-06,-0.0012887669931570603,-9.961444749267084e-06
0.0012623543447416157,5.239135177856028e-06,-0.001257109918647716,-9.522147260699235e-06
0.0012312365180293663,5.005797751521546e-06,-0.00122622578962105,-9.102029485045644e-06
0.0012008832753175633,4.782766379859904e-06,-0.0011960959141023792,-8.700260375157344e-06
0.0011712759048552765,4.569585816601985e-06,-0.0011667020372420648,-8.316039286027242e-06
0.0011423961501208497,4.365818802806842e-06,-0.001138026341322369,-7.94859622732712e-06
0.0011142262060094073,4.171046057740329e-06,-0.0011100514419606078,-7.597192092585787e-06
0.0010867486769739615,3.984871733018662e-06,-0.0010827603407976758,-7.261129853894531e-06
0.0010599467035865232,3.8069292008997302e-06,-0.0010561365462719778,-6.939766193133098e-06
0.0010338038337624792,3.636865933657546e-06,-0.0010301639599840657,-6.632481647293892e-06
0.0010083039763411634,3.4743411823213114e-06,-0.0010048268326052186,-6.338676219419382e-06
0.0009834314010858667,3.3190259766754653e-06,-0.000980109763881698,-6.057769560965904e-06
0.0009591707386838315,3.1706031252596613e-06,-0.0009559977026387785,-5.7892011469509505e-06
0.00093550698074626,3.02876721536881e-06,-0.0009324759467845928,-5.53243044412263e-06
0.0009124254798083031,2.893224613053015e-06,-0.0009095301433137656,-5.286937072383983e-06
0.0008899119493290659,2.7636934631176046e-06,-0.0008871462883108786,-5.052220959700014e-06
0.0008679524501068286,2.6399039336192917e-06,-0.0008653107131243395,-4.827802993850715e-06
0.0008465333869489534,2.521604874069872e-06,-0.0008440100743767118,-4.613238483008184e-06
0.000825641592434913,2.408561960864023e-06,-0.0008232314395869027,-4.40811349823297e-06
0.0008052641956713988,2.3005488315118498e-06,-0.0008029621648002034,-4.212027408125517e-06
0.0007853886089469314,2.1973466783330494e-06,-0.0007831898816517575,-4.024592196427941e-06
0.0007660025277318656,2.098744248456934e-06,-0.0007639024973686892,-3.8454325734189035e-06
0.0007470939306783937,2.004537843822452e-06,-0.0007450881947721257,-3.674186082891008e-06
0.0007286510796205382,1.914531321178144e-06,-0.0007267354322791087,-3.510503204856982e-06
0.0007106625195741566,1.8285360920821736e-06,-0.0007088329439044215,-3.354047454127854e-06
0.0006931170787369389,1.746371122902313e-06,-0.0006913697392623157,-3.2044954749025296e-06
0.0006760038726588419,1.6678640717435746e-06,-0.0006743351066010411,-3.061539401977298e-06
0.000659312325367583,1.5928583984442852e-06,-0.000657718626816199,-2.9249011514596045e-06
0.0006430321025270402,1.521201208209518e-06,-0.0006415101187738617,-2.7943082454908283e-06
0.0006271531060859106,1.4527445252114695e-06,-0.0006256996326861062,-2.669496439339016e-06
0.0006116654781260574,1.3873464051403706e-06,-0.0006102774528473952,-2.5502120160020343e-06
0.0005965596008625125,1.3248709352045033e-06,-0.0005952340976357269,-2.4362118559802623e-06
1.3,-0.4,-2.116,1.814
1.2489337313496518,-0.35663788931542145,-1.961905292539772,1.6491770578126212
1.2015268734020816,-0.31719887091061694,-1.8236241184022217,1.500597838325663
1.1574085616266816,-0.2813002502345427,-1.6991722662685744,1.3663572475851318
1.1162539663279516,-0.24860370931742434,-1.5868615769009087,1.2448211690405788
1.0777773272322344,-0.21880889861969052,-1.4852480417950922,1.1345801774968964
1.0417264837844875,-0.19164840131059188,-1.3930910572712405,1.034413242831979
1.0078781868362796,-0.16688336793251385,-1.3093200397967566,0.9432577995652597
0.9760341332264183,-0.14429981435736794,-1.2330071829686076,0.8601852062485632
0.9460177783111191,-0.12370562069326393,-1.1633455721666548,0.7843810235149513
0.9176714199529431,-0.10492776567302477,-1.0996305550000913,0.71512803234512
0.8908539493774279,-0.08781018532529754,-1.0412449750168096,0.6517928261234116
0.865438719751847,-0.07221171880743762,-0.987646292539916,0.5938139442023048
0.841311888051011,-0.058004509681091186,-0.9383563045763197,0.5406924351477564
0.8183708683877104,-0.04507249297713102,-0.8929521735393164,0.49198351288965514
0.7965230597143106,-0.03331014963455912,-0.8510590511940381,0.44728969006310654
0.7756847291639541,-0.022621399947010925,-0.8123437887039304,0.406254879328916
0.7557800140144113,-0.01291860981180202,-0.7765095255099017,0.3685592773737783
0.7367400993456384,-0.0041217659840473994,-0.7432912015541392,0.3339151163583875
0.7185024457507527,0.0038423056100406645,-0.7124515753582032,0.30206284750980666
0.7010101516111885,0.011040588088067288,-0.683777912059527,0.27276796342103027
0.6842113709695307,0.01753447108298092,-0.6570790722874202,0.24581817793244093
0.668058801619009,0.023380279152115487,-0.6321830014493893,0.2210209791481449
0.6525092385166809,0.02862973590606087,-0.608934568870622,0.1982015119976495
0.6375231752102731,0.03333038138730329,-0.5871936813645675,0.17720071658350656
0.6230644386354649,0.03752595698376387,-0.5668336101938232,0.15787366284774845
0.609099889037762,0.04125672340576358,-0.5477395931131886,0.14008815808396125
0.5955991154006747,0.04455978638795755,-0.5298075135286286,0.1237234109837246
0.582534206404665,0.04746934217924482,-0.5129428517654699,0.10866897662041806
0.5698794971211278,0.05001695203341479,-0.4970596367098458,0.09482368067658814
0.5576113924881373,0.05223173371268009,-0.4820796509613795,0.08209481159417552
0.5457081554736097,0.05414059375884991,-0.4679315908696494,0.07039724705254584
0.5341497690240534,0.055768379242374634,-0.45455045626875057,0.05965282696432052
0.522917762671701,0.057138069903214316,-0.44187688342675224,0.049789652104117774
0.5119950941521031,0.058270910056049105,-0.4298566480316735,0.04074156574939433
0.5013660217386022,0.05918655158904006,-0.4184401694210633,0.0324476294743154
0.4910159853403534,0.05990318791244595,-0.407582059157621,0.024851642890962977
0.48093152632326164,0.06043764503688438,-0.3972407861863994,0.0179017897332045
0.4711001688356805,0.06080551650056245,-0.3873782610634735,0.011550188445079088
0.46151036120352595,0.061021230847507706,-0.3779595861244046,0.005752626403909986
0.45215138763913265,0.06109815343310086,-0.3689527423204596,0.0004682195401941869
0.4430132948500001,0.0610486710231077,-0.36032832550996385,-0.004340874397903552
0.43408684771434425,0.060884244362598386,-0.35205936358308176,-0.008709653910051005
0.4253634491417872,0.060615501443904596,-0.344121052685372,-0.01267056456833053
0.41683509957501896,0.06025228536156083,-0.3364906003188112,-0.016253670580492097
0.4084943555346764,0.059803704409374256,-0.3291470705722672,-0.01948682571653415
0.4003342658448141,0.059278207041568054,-0.3220711808059796,-0.02239589943743235
0.3923483478151438,0.05868361114943892,-0.3152452023630579,-0.025004886678914
0.38453055011214476,0.058027149675877514,-0.3086528310072233,-0.027336052970025823
0.3768752040327589,0.057315528555611686,-0.302279034262234,-0.029410105462383165
0.36937700715173494,0.05655494766739763,-0.2961099816371322,-0.031246271287371563
0.36203099444151104,0.055751137260679824,-0.29013294544984797,-0.03286240995957401
0.3548324985901102,0.05490940576321008,-0.28433617951245366,-0.03427515029299984
0.3477771377026192,0.05403465594628583,-0.2787088673709373,-0.03549994938739573
0.34086079625393856,0.05313141024904711,-0.27324105416202354,-0.03655117104437282
0.3340795907753265,0.05220385279907656,-0.2679235445522412,-0.037442201814587336
0.3274298595423079,0.051255842798796615,-0.2627478620168452,-0.03818549784565595
0.3209081509488407,0.050290931521538546,-0.25770620355204477,-0.038792638235834745
0.3145111974304733,0.04931239506814602,-0.2527913620254896,-0.03927441415080195
0.3082359020770458,0.048323251308412626,-0.2479966820019577,-0.03964087981927515
0.3020793320105034,0.04732627040472082,-0.24331603108545738,-0.03990138711269448
0.2960387043090252,0.046323994116265574,-0.23874375403548107,-0.04006463956315128
0.29011136683378164,0.04531876022997829,-0.2342746166249782,-0.04013875736025758
0.284294794346478,0.044312708221453244,-0.2299037883084219,-0.040131298387402765
0.2785865819175755,0.04330779058859993,-0.22562681584859143,-0.04004929100248906
0.27298443059057775,0.04230579184664244,-0.22143958074558395,-0.039899284086367705
0.2674861374360494,0.0413083417369148,-0.21733826867905803,-0.039687383241555345
0.262089592821609,0.04031691991507925,-0.21331935680703812,-0.03941926703092042
0.25679277532814865,0.03933286541962037,-0.209379593370358,-0.03910021316280091
0.2515937399361747,0.03835739254402335,-0.2055159635166707,-0.03873513910300381
0.24649061212475265,0.03739159908143086,-0.2017256705265976,-0.038328625043480564
0.2414815860429684,0.03643646971565979,-0.19800612712991333,-0.03788492559262305
0.23656492059850712,0.03549288425117504,-0.19435493927157907,-0.0374079915076833
0.23173893173745078,0.03456162833655889,-0.19076988353703514,-0.036901497183428854
0.2270019867353313,0.0336434018317265,-0.1872488896585352,-0.036368862474380474
0.22235250370112292,0.03273881973730724,-0.18379003713436767,-0.03581325793331975
0.21778894811424374,0.03184841985927864,-0.18039154116676262,-0.03523762416613203
0.21330983014621663,0.030972667459567137,-0.17705174313866906,-0.034644684736929596
0.20891369776243077,0.030111965616929304,-0.17376909047835917,-0.03403697136619525
0.20459913590199513,0.029266656581672035,-0.17054213320244266,-0.033416829316238225
0.20036476574570258,0.02843702331348647,-0.16736952042044667,-0.03278642301557479
0.19620924158877528,0.02762329720207871,-0.16424998743133562,-0.03214775451325198
0.1921312495682377,0.026825660080818416,-0.16118235141396295,-0.03150266992524536
0.1881295026779141,0.026044252524253617,-0.15816549633365581,-0.030852879181803662
0.18420274038212714,0.025279174560739654,-0.15519837123843835,-0.03019995938290811
0.18034972861569767,0.02453048567243912,-0.15227998979619004,-0.02954535657782476
0.17656925826422082,0.02379820884850988,-0.14940942374819222,-0.0288903959186335
0.17286014226947075,0.023082337880807272,-0.1465857914206728,-0.028236298490361543
0.1692212149944298,0.022382837142949037,-0.14380825713439893,-0.027584182523383457
0.1656513305381577,0.021699645493300515,-0.1410760249263199,-0.026935073001163844
0.1621493627238358,0.02103267630575107,-0.13838833837060133,-0.0262899031124545
0.15871420496212704,0.020381817852165748,-0.1357444798970898,-0.02564951639027545
0.15534476774953207,0.019746939986820478,-0.13314376071789832,-0.02501468185334732
0.1520399780343507,0.0191278952114542,-0.13058551900866222,-0.024386097470496894
0.14879877880315132,0.018524519984952324,-0.1280691180568586,-0.023764394025919157
0.14562012879810188,0.017936635555844897,-0.12559394509837957,-0.023150137964984326
0.14250300251696962,0.01736404796230653,-0.12315941137828121,-0.022543832488802193
0.1394463894747296,0.01680655004030864,-0.12076494925630303,-0.02194592275809449
0.1364492919238361,0.016263927279127066,-0.1184100035557989,-0.021356808998344388
0.13351072586295584,0.015735955568672636,-0.11609403521418664,-0.020776842785073267
0.13062972075077078,0.015222402466364332,-0.11381651973773683,-0.02020633056667405
0.12780531948638707,0.014723027255617393,-0.11157694726900091,-0.019645534697824305
0.12503657807927068,0.014237581847326172,-0.10937482142049396,-0.019094676179988213
0.12232256390133081,0.013765815308678398,-0.10720965273445263,-0.0185539448337197
0.11966235633596661,0.013307472636157176,-0.10508096087379427,-0.018023497557988842
0.11705504691557227,0.012862294977745868,-0.10298827470417682,-0.017503459550447645
0.11449973929720757,0.012430019713594247,-0.10093113237028077,-0.016993925247711393
0.11199554891017213,0.012010381400274493,-0.09890908010386222,-0.01649496101513453
0.10954160164686601,0.011603115155531151,-0.09692166743675093,-0.016006612816245897
0.10713703458623981,0.01120795532203732,-0.09496844958661999,-0.015528904136114755
0.10478099614395996,0.010824635452139872,-0.09304898782336374,-0.015061836612527413
0.10247264606585606,0.010452888328980689,-0.09116284963599412,-0.014605390742918455
0.10021115488565512,0.010092447365533717,-0.08930960687522314,-0.014159529392957379
0.09799570314559856,0.009743048664458043,-0.08748883295741623,-0.01372420262791592
0.09582548214295428,0.009404429571928583,-0.08570010537261809,-0.013299345327099376
0.0936996939877416,0.00907632865302789,-0.083943005960857,-0.01288487771401793
0.09161755157267279,0.008758485765759477,-0.08221712098983892,-0.012480706077816137
0.08957827782005798,0.008450643934368859,-0.08052203858160009,-0.012086727154413224
0.0875811055530645,0.008152549850603317,-0.07885734823926734,-0.011702829671268419
0.08562527802673454,0.007863952709246525,-0.07722264280779335,-0.011328892476199696
0.08371004893071092,0.007584604209143594,-0.07561751864999333,-0.010964785043097978
0.08183468225906622,0.0073142588497936535,-0.07404157537012582,-0.01061036856732191
0.07999845153061527,0.007052675863251108,-0.07249441314879822,-0.010265500378124496
0.07820064016132414,0.006799618406223124,-0.07097563414532553,-0.009930032739461707
0.07644054168940925,0.006554852913341994,-0.06948484357015504,-0.0096038119784218
0.07471745976999575,0.0063181491048913685,-0.06802164982385193,-0.009286678933094178
0.07303070785105624,0.006089280690579247,-0.06658566357716757,-0.008978470807622698
0.07137960869182451,0.005868026642219601,-0.06517649609319305,-0.008679024162240409
0.06976349482894534,0.005654169867606437,-0.06379376124108231,-0.008388172608763905
0.06818170861298128,0.0054474969782923495,-0.06243707591337372,-0.008105746722953408
0.06663360218539595,0.005247798326002442,-0.06110606009459028,-0.007831574487883922
0.06511853698333328,0.005054869085761973,-0.05980033535396563,-0.007565483856214099
0.06363588368238449,0.004868509468555172,-0.05851952469203126,-0.007307303521887564
0.062185022465325576,0.004688523604480618,-0.05726325410430589,-0.007056860997553409
0.060765343013143173,0.004514719485857985,-0.05603115274475216,-0.006813982824813002
0.059376244417052755,0.004346909107752724,-0.05482285279918752,-0.006578495174861294
0.05801713466958072,0.004184909629465697,-0.053637987867672834,-0.006350226509770435
0.05668743085858683,0.004028542750265523,-0.05247619391742808,-0.006129006610122808
0.055386559235145356,0.0038776340117398674,-0.05133711017869873,-0.005914665457134776
0.05411395520644208,0.003732012791986025,-0.050220379236011733,-0.005707033495121159
0.052869063153446284,0.003591512590911995,-0.049125646637746025,-0.005505942478590135
0.051651336059350204,0.0034559719623826436,-0.04805255964157499,-0.005311227614735729
0.05046023572218242,0.0033252335067433365,-0.04700076856217383,-0.005122725780003744
0.04929523272206067,0.003199143507791812,-0.045969927195286565,-0.004940275034110351
0.048155806418520714,0.0030775519335957155,-0.04495969288879926,-0.004763714852100607
0.047041444685996366,0.0029603128441247997,-0.04396972592754345,-0.004592887177362206
0.045951643726514106,0.0028472849654708554,-0.04299968882158631,-0.004427637794240621
0.04488590816563335,0.002738330658514208,-0.04204924754034698,-0.004267814465916214
0.04384375100316819,0.002633315730125019,-0.04111807172169571,-0.004113266759033351
0.042824693604246636,0.002532109436699459,-0.040205834718907915,-0.003963846244020356
0.041828265408649444,0.0024345849305979243,-0.039312212906341966,-0.003819407588937997
0.040854003852266375,0.0023406195711343832,-0.03843688533635134,-0.003679809363812169
0.039901454357257136,0.0022500939901851573,-0.03757953474895285,-0.00354491234447575
0.038970170281956124,0.002162891976072623,-0.03673984769099627,-0.003414579449062452
0.03805971290919655,0.0020789004770564164,-0.03591751454788128,-0.0032886759060745552
0.03716965116812806,0.001998010003003093,-0.035112228897251324,-0.0031670702252299923
0.03629956159703899,0.001920114848533776,-0.03432368728673102,-0.0030496347937852154
0.03544902826141486,0.0018451122455227945,-0.033551590066982453,-0.0029362443282384353
0.03461764269863323,0.0017729022651003486,-0.03279564147581061,-0.0028267758185945564
0.033805003911260276,0.0017033878181897685,-0.03205554966758547,-0.0027211086627153434
0.03301071812387186,0.0016364749475939152,-0.031331026205708504,-0.0026191253885555973
0.0322343987443387,0.0015720731211948788,-0.03062178575766874,-0.002520712364944343
0.031475666245319146,0.0015100944425361195,-0.029927546819845285,-0.002425758345720205
0.030734148086417723,0.0014504535278351647,-0.029248031795768997,-0.002334154340511617
0.03000947871405328,0.0013930675059511063,-0.02858296702436851,-0.0022457937242886822
0.0293012993848548,0.001337856162517464,-0.0279320824831759,-0.002160572637650393
0.028609258072832655,0.001284742366738399,-0.02729511128535256,-0.0020783909449900335
0.02793300938134979,0.001233651394345434,-0.026671790310227105,-0.001999150980831723
0.02727221440121114,0.0011845107112287236,-0.026061860305920687,-0.0019227572154500703
0.026626540710663796,0.0011372499734370648,-0.025465065911053995,-0.0018491163447441478
0.025995662300255275,0.0010918010597515866,-0.024881155567185,-0.0017781374444458251
0.025379259375169612,0.0010480984838687262,-0.024309880920682623,-0.0017097328838781719
0.024777018381357128,0.0010060790720405953,-0.023750997197587692,-0.0016438177601591252
0.024188631757325975,0.0009656815399839867,-0.02320426340520957,-0.0015803091361930623
0.023613797921260636,0.0009268464848182003,-0.022669442343965212,-0.0015191260982767207
0.023052221263475295,0.0008895163844248582,-0.022146300616241437,-0.001460189825741583
0.02250361193796538,0.0008536357728324452,-0.021634608254598384,-0.0014034240155121676
0.021967685918059515,0.0008191514517251096,-0.021134138576885748,-0.001348755368693513
0.02144416475193682,0.0007860119141280246,-0.02064466854262196,-0.0012961125071111234
0.02093277545766858,0.0007541672461951365,-0.02016597876057574,-0.0012454258393735697
0.020433250523218385,0.0007235691272091734,-0.019697853500611505,-0.001196627618251584
0.019945327856805747,0.0006941708379674406,-0.01924008064687679,-0.0011496520139455983
0.019468750610721335,0.0006659275398538935,-0.01879245124910886,-0.0011044357295023097
0.01900326725210053,0.0006387961554345661,-0.018354759725416895,-0.0010609178111162785
0.018548631242808544,0.0006127349550682029,-0.01792680397195543,-0.00101903887754739
0.018104601008830223,0.000587703538825923,-0.01750838535953876,-0.000978741131038484
0.017670939940269994,0.0005636628364912173,-0.017099308742074618,-0.0009399684019588569
0.01724741630999795,0.0005405751260237177,-0.016699382364577943,-0.0009026662304252054
0.01683380317038268,0.000518404308254637,-0.016308417489257775,-0.0008667824590017623
0.016429878368628713,0.000497115676681184,-0.01592622865186512,-0.0008322668114376078
0.016035424231811778,0.0004766756235204895,-0.015552633651615997,-0.0007990703488644731
0.015650227555084658,0.00045705163466229037,-0.015187453550752858,-0.0007671454958090221
0.015274079601677062,0.00043821228966892426,-0.014830512680492269,-0.0007364460747308282
0.014906776031541133,0.00042012727250895774,-0.014481638564507349,-0.000706927362025198
0.014548116803954502,0.0004027676024610695,-0.014140661593393071,-0.0006785465833972369
0.014197906225630556,0.000386105471653608,-0.013807415242553155,-0.0006512626185921367
0.013855952607505039,0.0003701139651208139,-0.013481736017136155,-0.0006250354766447724
0.013522068247628314,0.00035476705396404154,-0.013163463446211702,-0.0005998263101119724
0.01319606943116545,0.00034003959535176267,-0.012852440086926,-0.0005755974416442418
0.01287777640325837,0.00032590733190406294,-0.012548511501955552,-0.0005523123887527351
0.012567013210339102,0.0003123470301248019,-0.01225152596481127,-0.0005299361676323012
0.012263607868580939,0.00029933651708951024,-0.011961334594958363,-0.0005084353874064283
0.011967391988109652,0.00028685435673709637,-0.0116777913125481,-0.00048777763087595006
0.011678200705232716,0.00027487981981421365,-0.011400752804054014,-0.0004679314166014086
0.011395872682439362,0.0002633928838752636,-0.011130078525148015,-0.0004488662192339066
0.011120250108400549,0.00025237423328239425,-0.01086563070344214,-0.000430552489080759
0.01085117858143453,0.00024180528107478746,-0.01060727420253024,-0.00041296171618586484
0.010588507162791572,0.00023166835413396977,-0.010354876391035892,-0.0003960668179060465
0.01033208829055967,0.00022194647700132426,-0.01010830727708142,-0.00037984172493629633
0.010081777494219565,0.0002126232294977512,-0.009867439368649894,-0.0003642611165297311
0.009837433393046333,0.0002036827463553452,-0.00963214767433052,-0.00034930043525311657
0.00959891769610936,0.0001951097172173943,-0.00940230970519814,-0.00033493590187277976
0.009366095199330305,0.0001868893862673101,-0.009177805474036176,-0.0003211445289648693
0.009138833627304352,0.000179007597520394,-0.008958517293262547,-0.0003079042270002587
0.00891700383217227,0.00017145092727011553,-0.008744329842041758,-0.0002951940801344461
0.008700479517229843,0.00016420644451120594,-0.008535130132872984,-0.00028299388272457024
0.0084891370677428,0.00015726164693218893,-0.008330807408269567,-0.00027128402497142293
0.008282855550946856,0.00015060446091538204,-0.0081312531420354,-0.00026004550418405343
0.008081516716047695,0.00014422324153689603,-0.007936361040480943,-0.00024925993561473705
0.007885004992551277,0.00013810677237457417,-0.00774602704210496,-0.0002389095625096132
0.007693207343569753,0.00013224429933415209,-0.007560149137983775,-0.00022897733512961083
0.007506013466291102,0.00012662564720206993,-0.007378627456038571,-0.00021944715151045384
0.007323315544895698,0.00012124102515896599,-0.007201364210709352,-0.00021030347997586538
0.007145008069649054,0.0001160809683090348,-0.007028263581775779,-0.00020153125242885955
0.006970987836901768,0.00011113633768002554,-0.006859231715175178,-0.00019311587250671165
0.006801153949089565,0.00010639832022324344,-0.006694176723781711,-0.00018504322342295692
0.0066354078147332785,0.00010185842881354901,-0.006533008688148093,-0.00017729967550640394
0.0064736530660844125,9.750851049548784e-05,-0.006375639566574574,-0.00016987211057896122
0.006315795605451934,9.334085231891079e-05,-0.0062219831357371155,-0.000162748140159914
0.006161743615014065,8.934808436470524e-05,-0.0060719550986586815,-0.00015591591810311053
0.006011407247735973,8.552308163914399e-05,-0.005925472874838578,-0.0001493639530194084
0.005864698621220061,8.18589631039659e-05,-0.005782455595597655,-0.0001430811122572875
0.005721531817705949,7.834909167637562e-05,-0.005642824104572841,-0.0001370566275481383
0.005581822884070507,7.498707422904436e-05,-0.00550650095818791,-0.0001312801004326088
0.0054454898223724344,7.176676120313948e-05,-0.005373410417035122,-0.0001257415067629419
0.005312452469211561,6.868228582430134e-05,-0.005243478286284125,-0.00012043128090602347
0.005182632727964844,6.57281141099221e-05,-0.005116632098114656,-0.00011534041902406081
0.005055954264758859,6.289891350470139e-05,-0.004992800940030171,-0.0001104602228930028
0.004932342404688489,6.0189531339240594e-05,-0.004871915373047054,-0.00010578226172022825
0.004811724131816959,5.7594994830043665e-05,-0.0047539074320057184,-0.00010129837618766153
0.004694028089175797,5.511051107951631e-05,-0.004638710625866668,-9.70006823378498e-05
0.004579184578764867,5.273146707596664e-05,-0.00452625993799222,-9.28815753080945e-05
0.004467125534848591,5.045343005096696e-05,-0.004416491799353064,-8.893373377547613e-05
0.004357784460002559,4.827219685733352e-05,-0.004309343975281773,-8.515022247476318e-05
0.004251096609457042,4.618379420496223e-05,-0.004204755749835315,-8.152449498016216e-05
0.004146998671595961,4.418438610816561e-05,-0.004102667699415399,-7.805021342700002e-05
0.0040454287238965774,4.22702673256318e-05,-0.004003021655488061,-7.47212385151871e-05
0.00394632623292949,4.04378633604243e-05,-0.003905760704768279,-7.153163227882414e-05
0.0038496320543586213,3.868373045998179e-05,-0.0038108291893956306,-6.847566074759635e-05
0.003755288432941239,3.700455561611853e-05,-0.0037181727071013836,-6.55477965034877e-05
0.0036632389793977696,3.539715688575347e-05,-0.003627738087916125,-6.274272187939941e-05
0.0035734286154935502,3.385852139982288e-05,-0.0035394733012863284,-6.0055407557628874e-05
0.003485803748994452,3.2385806330355284e-05,-0.003453327630212,-5.74811159948083e-05
0.0034003119830293767,3.097626771144473e-05,-0.003369251452138501,-5.501526247372956e-05
0.0033169020744904464,2.962725527284409e-05,-0.0032871962026540216,-5.265340692263277e-05
0.0032355239340330247,2.8336212439965394e-05,-0.00320711437559822,-5.0391255803310465e-05
0.0031561286260756924,2.7100676333879426e-05,-0.0031289595231655224,-4.822466392515819e-05
0.0030786683688002682,2.5918277771316092e-05,-0.0030526862560033936,-4.61496361876014e-05
0.0030030965282663766,2.4786741152183262e-05,-0.0029782502375331524,-4.416232904951518e-05
0.0029293675362117885,2.370390265446887e-05,-0.0029056080836029857,-4.2259088811610826e-05
0.002857437082209918,2.266773400970832e-05,-0.0028347175309012267,-4.043650001214364e-05
0.0027872618903004055,2.167628324363374e-05,-0.002765537273074205,-3.869126918019489e-05
0.0027187996352785065,2.0727664580584774e-05,-0.0026980268872044003,-3.702020628709522e-05
0.0026520089426950813,1.9820058443508425e-05,-0.002632146833873783,-3.542022602773604e-05
0.00258684938885659,1.895171145395899e-05,-0.0025678584572240773,-3.388834905154135e-05
0.002523281500825106,1.812093643209824e-05,-0.0025051239850140666,-3.242170314475276e-05
0.0024612667564183075,1.7326112396695327e-05,-0.0024439065286740442,-3.1017524365640716e-05
0.0024007675387117816,1.6565687309955828e-05,-0.0023841700351103453,-2.967316375495232e-05
0.0023417471883639238,1.583820767037511e-05,-0.002325879309430924,-2.838614740422402e-05
0.002284170029178266,1.5142292602830518e-05,-0.002269000066518686,-2.7154125572343293e-05
0.002228001166942396,1.4476607606222646e-05,-0.0022134987562172615,-2.5974821692507285e-05
0.0021732064847046688,1.3839864268564557e-05,-0.0021593425589298836,-2.4846032682031657e-05
0.002119752642774193,1.3230820266981578e-05,-0.0021064993856542303,-2.376562977403425e-05
0.0020676070787208427,1.2648279367711475e-05,-0.002054937878015568,-2.2731559316237026e-05
0.002016738007375252,1.2091091426104365e-05,-0.002004627408298244,-2.174184353797359e-05
0.001967114419996114,1.1558152366611282e-05,-0.0019555380786629517,-2.0794581248408574e-05
0.0019187060189183658,1.1048411118908895e-05,-0.0019076406488771262,-1.988796256559765e-05
0.0018714833638843265,1.0560888585202652e-05,-0.0018609066636772879,-1.902030718162783e-05
0.001825417743411926,1.0094646066221633e-05,-0.0018153083557888702,-1.8190002169665415e-05
0.0017804810762455958,9.648776456107973e-06,-0.0017708185562183767,-1.7395485194494742e-05
0.0017366459113562632,9.222404242416824e-06,-0.0017274106942733502,-1.6635245071975394e-05
0.0016938854279413616,8.814685506116438e-06,-0.0016850587975813806,-1.5907822306437622e-05
0.0016521734354248258,8.424807921588134e-06,-0.0016437374921081604,-1.5211809606742184e-05
0.0016114843734570871,8.051990756626239e-06,-0.0016034220021746372,-1.4545852381714648e-05
0.0015717933101846737,7.695484847521727e-06,-0.0015640881487678704,-1.3908649169078678e-05
0.001533075885397677,7.354578817679303e-06,-0.0015257122864780514,-1.3298964633125883e-05
0.0014953084517394504,7.028611630243948e-06,-0.0014882714321553068,-1.2715654840981837e-05
0.001458467943768073,6.716948905723251e-06,-0.0014517431576986225,-1.2157620565647059e-05
0.0014225318026413309,6.418977562308557e-06,-0.001416105520119244,-1.1623797086901517e-05
0.001387477976116729,6.1341058158750425e-06,-0.0013813370615514758,-1.11131545512247e-05
0.0013532849185514855,5.861763179981683e-06,-0.0013474168092629376,-1.0624698317496026e-05
0.001319931590902529,5.601400465871222e-06,-0.0013143242756643153,-1.0157469288944955e-05
0.0012873974607265073,5.352489782470246e-06,-0.0012820394583186335,-9.710544231809457e-06
0.001255662502179776,5.1145245363891e-06,-0.0012505428399500454,-9.283036081149974e-06
0.001224707155839256,4.887021646610719e-06,-0.0012198153460563402,-8.874098722683111e-06
0.0011945124086089607,4.6695335867267776e-06,-0.0011898384127695845,-8.482951236861087e-06
0.0011650597654138332,4.461634395309625e-06,-0.001160593972561946,-8.10885023642757e-06
0.0011363311350143196,4.262912218069545e-06,-0.0011320643475323466,-7.751075367097331e-06
0.0011083088296388475,4.072969299011535e-06,-0.0011042322490535665,-7.4089295209098115e-06
0.0010809755649838224,3.891421980435289e-06,-0.001077080777777728,-7.081739057615321e-06
0.0010543144602136341,3.717900702935235e-06,-0.0010505934236415206,-6.76885401726113e-06
0.001028309037960653,3.5520500054005187e-06,-0.0010247540658711537,-6.469648324270099e-06
0.0010029432243252286,3.3935285250149813e-06,-0.000999546972987061,-6.1835199832980314e-06
0.0009782013413205625,3.2420090507609e-06,-0.00097495679519972,-5.909891383024991e-06
0.0009540680796385678,3.097184499899303e-06,-0.000950968531198774,-5.648221459447471e-06
0.0009305286117778941,2.958769860402136e-06,-0.0009275676393414833,-5.398009622401895e-06
0.0009075684567191797,2.826490381411854e-06,-0.0009047399141509572,-5.158772460644728e-06
0.0008851734515730803,2.7000804602215923e-06,-0.0008824714590812263,-4.930041696821304e-06
0.0008633297515802741,2.5792836422752025e-06,-0.0008607486865201539,-4.71136432857221e-06
0.0008420238301114552,2.463852621167215e-06,-0.0008395583177921912,-4.502302764049092e-06
0.0008212424786673396,2.353549238642868e-06,-0.0008188873831610085,-4.302434952025131e-06
0.0008009728068786626,2.2481444845980956e-06,-0.000798723221831986,-4.111354506780741e-06
0.0007812022425061764,2.147418497079518e-06,-0.0007790534819545804,-3.9286708279410285e-06
0.0007619185211100327,2.0511607080556837e-06,-0.0007598661101481105,-3.7540095164250676e-06
0.0007431096754715199,1.959175037069846e-06,-0.0007411493357289093,-3.5870228802720595e-06
0.0007247641247387868,1.8712793087501018e-06,-0.0007228917604411484,-3.427388795595176e-06
0.000706870552442076,1.787297601500691e-06,-0.0007050822441301409,-3.2747956162555225e-06
0.0006894178902347259,1.7070598004526705e-06,-0.0006877098889322204,-3.128941384479921e-06
0.0006723953178931687,1.6304015974639043e-06,-0.0006707640392761844,-2.9895339168130154e-06
0.0006557922633169354,1.5571644911190834e-06,-0.0006542342818846755,-2.8562908866623576e-06
0.0006395984025286504,1.4871957867297042e-06,-0.0006381104457754811,-2.7289399035490873e-06
0.000623803659674036,1.4203485963340887e-06,-0.00062238260226278,-2.6072185891745453e-06
0.0006083982070219081,1.356481838697363e-06,-0.0006070410649583159,-2.4908746504102425e-06
0.0005933724631686466,1.2954602424696712e-06,-0.0005920763879738288,-2.3796659569112465e-06
0.0005787170623328752,1.2371566580927189e-06,-0.000577479332903849,-2.273365253244322e-06
0.0005644229496727751,1.1814547550617226e-06,-0.0005632409614455712,-2.1717655504530558e-06
0.0005504812998404019,1.1282428257640482e-06,-0.0005493525601533761,-2.0746678546437093e-06
0.0005368834787148777,1.0774127592946913e-06,-0.0005358056031994948,-1.9818791967591897e-06
0.0005236210434023953,1.0288600414562926e-06,-0.0005225917523747244,-1.8932126846562974e-06
0.0005106857422362168,9.824837547591313e-07,-0.0005097028570891013,-1.8084875531242493e-06
0.0004980695147766764,9.381865784211371e-07,-0.0004971309543725481,-1.72752921191235e-06
0.00048576449181117573,8.958747883678721e-07,-0.0004848682688754788,-1.6501692918330023e-06
0.00047376299535418587,8.554582572325394e-07,-0.0004729072128693803,-1.5762456890048966e-06
0.00046205753864725065,8.168504543559927e-07,-0.00046124038624736636,-1.505602607299532e-06
0.00045064081859851464,7.799685513209001e-07,-0.00044986056885866054,-1.4380908142095165e-06
0.0004395057083820371,7.447361747492451e-07,-0.0004387607103546478,-1.3735731888782525e-06
0.00042864532994915026,7.110829266635285e-07,-0.0004279340031805862,-1.3119237619947275e-06
0.00041805296340190673,6.78940765167433e-07,-0.0004173737955701802,-1.2530205622093965e-06
0.00040772203429915104,6.48243816132676e-07,-0.00040707357904038843,-1.196745277913529e-06
0.00039764611365652195,6.189283731990151e-07,-0.00039702698839175313,-1.142983287374349e-06
0.0003878189179464479,5.909328977742361e-07,-0.00038722780170870807,-1.09162368767818e-06
0.0003782343090981496,5.641980190341593e-07,-0.0003776699403598771,-1.0425593225209458e-06
0.00036888629449764157,5.386665339226448e-07,-0.0003683474689983576,-9.956868088843692e-07
0.0003597690269877283,5.142834071515811e-07,-0.00035925459556198394,-9.509065626353442e-07
0.00035087680486800636,4.909957712008917e-07,-0.0003503856712735835,-9.081228230851548e-07
0.0003422040696660396,4.687529429230496e-07,-0.0003417351883957848,-8.672437106684994e-07
0.00033374538604938705,4.4750789951400613e-07,-0.0003332977586669157,-8.281842094024596e-07
0.00032549551695795726,4.2721805091924214e-07,-0.00032506818766098975,-7.908677029026476e-07
0.00031744935791444534,4.0784238656698665e-07,-0.0003170414119524354,-7.552203162297972e-07
0.0003096019134908306,3.8934116289285637e-07,-0.00030921247589532256,-7.211703188834025e-07
0.0003019482973083734,3.716759033398472e-07,-0.00030157653162350863,-6.886481421312389e-07
0.0002944837320376167,3.5480939835833885e-07,-0.0002941288390507817,-6.57586395655796e-07
0.0002872035493983877,3.3870570540609775e-07,-0.00028686476587099695,-6.279198835399762e-07
0.0002801031901597949,3.2333014894827046e-07,-0.00027977978755820167,-5.995856196139244e-07
0.00027317820414022914,3.0864932045738686e-07,-0.0002728694873667581,-5.725228421844053e-07
0.00026642425020736565,2.946310784133636e-07,-0.000266129556331461,-5.46673028167593e-07
0.0002598370962781608,2.8124454830349755e-07,-0.00025955579326764386,-5.219799066456354e-07
0.00025341261325447726,2.6846021214164703e-07,-0.0002531440986173725,-4.983896527494161e-07
0.0002471467725611135,2.562513717226514e-07,-0.00024689047052403124,-4.758538271328779e-07
0.00024103570031846358,2.445935907063571e-07,-0.00024079105956312726,-4.5432825611590687e-07
0.0002350756114493715,2.334631948369857e-07,-0.00023484210434933188,-4.337700638149939e-07
0.0002292628013256487,2.2283722505389268e-07,-0.00022903992322996562,-4.14137590864775e-07
0.00022359364576807564,2.1269343749157066e-07,-0.00022338091428506318,-3.953904039264255e-07
0.0002180646010463993,2.0301030347964459e-07,-0.000217861555327431,-3.77489304821574e-07
0.00021267220387933454,1.9376700954287448e-07,-0.0002124784039027061,-3.60396339304013e-07
0.00020741307143456506,1.8494345740115688e-07,-0.00020722809728941147,-3.440748054811618e-07
0.00020228390132874123,1.765202639695213e-07,-0.00020210735249900558,-3.2848926189697705e-07
0.0001972814716274813,1.6847876135813198e-07,-0.00019711296627593277,-3.1360553528776114e-07
0.00019240264084537226,1.608009968722897e-07,-0.00019224181509767081,-2.993907280220154e-07
0.00018764434753895586,1.5346973571689425e-07,-0.00018749085476505622,-2.8581323073579625e-07
0.00018300359357118154,1.4646908341619448e-07,-0.00018285710304427044,-2.7284397767640925e-07
0.00017847749753325032,1.3978501954270917e-07,-0.00017833769255492322,-2.604575088099795e-07
0.0001740632614631995,1.334040739173548e-07,-0.00017392983881268359,-2.486293364399859e-07
0.0001697581456916025,1.2731316429458277e-07,-0.00016963081523735054,-2.3733563177197472e-07
0.00016555946884156986,1.2149959636238064e-07,-0.00016543795315288057,-2.2655323009089965e-07
0.00016146460782874732,1.1595106374226947e-07,-0.00016134864178741064,-2.1625963573576424e-07
0.0001574709978613167,1.1065564798930539e-07,-0.00015736032827328317,-2.0643302687814748e-07
0.00015357613243999695,1.0560181859208042e-07,-0.00015347051764706977,-1.9705226011102434e-07
0.00014977756335804226,1.0077843297272039e-07,-0.00014967677284959103,-1.8809687485415735e-07
0.00014607290070124318,9.617473648688631e-08,-0.0001459767147259381,-1.7954709758220748e-07
0.00014245981284792623,9.178036242377378e-08,-0.00014236802202549187,-1.7138384588154786e-07
0.00013893602646895483,8.758533200611427e-08,-0.00013884843140194234,-1.6358873234163926e-07
0.00013549932644504192,8.358005492963845e-08,-0.00013541573733007937,-1.5614406937904088e-07
0.00013214754210705534,7.975572846445276e-08,-0.0001320677779469721,-1.4903367319794394e-07
0.00012887858915553926,7.610473850156788e-08,-0.00012880247657042062,-1.422436625575024e-07
0.00012569044966432086,7.261976936593289e-08,-0.00012561782259286577,-1.3576068524977428e-07
0.00012258114710130577,6.929370629300756e-08,-0.00012251184659973116,-1.2957173001121195e-07
0.00011954874632847848,6.611963542876302e-08,-0.0001194826203694341,-1.2366412920829952e-07
0.00011659135360190119,6.309084382968033e-08,-0.000116528256873394,-1.1802556141852653e-07
0.00011370711657171435,6.020081946275125e-08,-0.00011364691027604232,-1.1264405391007044e-07
0.00011089422428213739,5.7443251205478775e-08,-0.00011083677593483209,-1.0750798502347536e-07
0.0001081509071714674,5.4812028845875963e-08,-0.000108096090400245,-1.0260608645854512e-07
0.00010547543707207995,5.2301243082466705e-08,-0.00010542313141580029,-9.792744546960563e-08
0.00010286612721042878,4.99051855242854e-08,-0.00010281621791806197,-9.346150697220753e-08
0.00010032133220704646,4.761834869087758e-08,-0.00010027371003664665,-8.919807556427721e-08
9.783944807654333e-05,4.543542601229892e-08,-9.779400909422943e-05,-8.512731746464427e-08
9.541891301112227e-05,4.3351341286453846e-08,-9.537555836060553e-05,-8.123982119677322e-08
9.305822888812848e-05,4.1362124525690064e-08,-9.301686368433395e-05,-7.752834867310295e-08
9.07559265712469e-05,3.9463798275413084e-08,-9.071645990771262e-05,-7.398561362614283e-08
8.851056308410479e-05,3.7652228174645043e-08,-8.847290818983423e-05,-7.060398448281091e-08
